Building CUDA object examples/120_hopper_fmha_sm120/CMakeFiles/120_hopper_fmha_sm120.dir/88_hopper_fmha.cu.o
/home/yanwa/workspace/cutlass/include/cutlass/gemm/collective/collective_builder_decl.hpp(94): error: static assertion failed with "Could not build a collective for given parameters."
    static_assert(sizeof(ElementA) == 0, "Could not build a collective for given parameters.");
    ^
          detected during:
            instantiation of class "cutlass::gemm::collective::CollectiveBuilder<ArchTag, OpClass, ElementA, GmemLayoutA, AlignmentA, ElementB, GmemLayoutB, AlignmentB, ElementAccumulator, TileShape_MNK, ClusterShape_MNK, StageCountType, KernelScheduleType, Enable> [with ArchTag=cutlass::arch::Sm120, OpClass=cutlass::arch::OpClassBlockScaledTensorOp, ElementA=cutlass::nv_float4_t<cutlass::float_e2m1_t>, GmemLayoutA=cute::tuple<int, cute::_1, cute::tuple<int32_t, int32_t>>, AlignmentA=8, ElementB=cutlass::nv_float4_t<cutlass::float_e2m1_t>, GmemLayoutB=cute::tuple<int, cute::_1, cute::tuple<int32_t, int32_t>>, AlignmentB=8, ElementAccumulator=float, TileShape_MNK=cute::tuple<cute::_64, cute::_128, cute::_32>, ClusterShape_MNK=cute::tuple<cute::_1, cute::_1, cute::_1>, StageCountType=cutlass::gemm::collective::StageCount<4>, KernelScheduleType=cutlass::gemm::collective::KernelScheduleAuto, Enable=void]" at line 91 of /home/yanwa/workspace/cutlass/examples/120_hopper_fmha_sm120/kernel/../collective/fmha_collective_tma.hpp
            instantiation of class "cutlass::fmha::collective::FmhaMainloopTma<Element_, ElementAccumulator_, TileShape_, Fusion, Options...> [with Element_=cutlass::half_t, ElementAccumulator_=float, TileShape_=cute::tuple<cute::_64, cute::_128, cute::_32>, Fusion=cutlass::fmha::collective::CausalFusion, Options=<>]" at line 80 of /home/yanwa/workspace/cutlass/examples/120_hopper_fmha_sm120/kernel/fmha_kernel_builder.hpp
            instantiation of class "cutlass::fmha::kernel::FmhaBuilder<Element, ElementAccumulator, ElementAccumulator, TileShape, cute::tuple<int, cute::_1, cute::tuple<int32_t, int32_t>>, cute::tuple<int, cute::_1, cute::tuple<int32_t, int32_t>>, cute::tuple<int, cute::_1, cute::tuple<int32_t, int32_t>>, Fusion, cutlass::gemm::KernelTma, Options...> [with Element=cutlass::half_t, ElementAccumulator=float, TileShape=cute::tuple<cute::_64, cute::_128, cute::_32>, Fusion=cutlass::fmha::collective::CausalFusion, Options=<>]" at line 268 of /home/yanwa/workspace/cutlass/examples/120_hopper_fmha_sm120/88_hopper_fmha.cu
            instantiation of class "FwdRunner<TileShape, DispatchPolicy, ActiveFusion, KernelOptions...> [with TileShape=cute::tuple<cute::_64, cute::_128, cute::_32>, DispatchPolicy=KernelTma, ActiveFusion=cutlass::fmha::collective::CausalFusion, KernelOptions=<>]" at line 948 of /home/yanwa/workspace/cutlass/examples/120_hopper_fmha_sm120/88_hopper_fmha.cu
            instantiation of function "lambda [](auto, auto, const char *, auto...)->auto [with <auto-1>=cute::tuple<cute::_64, cute::_128, cute::_32>, <auto-2>=KernelTma, <auto-3>=<>]" at line 955 of /home/yanwa/workspace/cutlass/examples/120_hopper_fmha_sm120/88_hopper_fmha.cu
            instantiation of "void run_fwd_32(Fusion, const Options &, const cutlass::KernelHardwareInfo &) [with Fusion=cutlass::fmha::collective::CausalFusion]" at line 1163 of /home/yanwa/workspace/cutlass/examples/120_hopper_fmha_sm120/88_hopper_fmha.cu

/home/yanwa/workspace/cutlass/examples/120_hopper_fmha_sm120/kernel/../collective/fmha_collective_tma.hpp(91): error: class "cutlass::gemm::collective::CollectiveBuilder<cutlass::arch::Sm120, cutlass::arch::OpClassBlockScaledTensorOp, cutlass::nv_float4_t<cutlass::float_e2m1_t>, cute::tuple<int, cute::_1, cute::tuple<int32_t, int32_t>>, 8, cutlass::nv_float4_t<cutlass::float_e2m1_t>, cute::tuple<int, cute::_1, cute::tuple<int32_t, int32_t>>, 8, float, cute::tuple<cute::_64, cute::_128, cute::_32>, cute::tuple<cute::_1, cute::_1, cute::_1>, cutlass::gemm::collective::StageCount<4>, cutlass::gemm::collective::KernelScheduleAuto, void>" has no member "CollectiveOp"
        cutlass::gemm::collective::KernelScheduleAuto>::CollectiveOp;
                                                        ^
          detected during:
            instantiation of class "cutlass::fmha::collective::FmhaMainloopTma<Element_, ElementAccumulator_, TileShape_, Fusion, Options...> [with Element_=cutlass::half_t, ElementAccumulator_=float, TileShape_=cute::tuple<cute::_64, cute::_128, cute::_32>, Fusion=cutlass::fmha::collective::CausalFusion, Options=<>]" at line 80 of /home/yanwa/workspace/cutlass/examples/120_hopper_fmha_sm120/kernel/fmha_kernel_builder.hpp
            instantiation of class "cutlass::fmha::kernel::FmhaBuilder<Element, ElementAccumulator, ElementAccumulator, TileShape, cute::tuple<int, cute::_1, cute::tuple<int32_t, int32_t>>, cute::tuple<int, cute::_1, cute::tuple<int32_t, int32_t>>, cute::tuple<int, cute::_1, cute::tuple<int32_t, int32_t>>, Fusion, cutlass::gemm::KernelTma, Options...> [with Element=cutlass::half_t, ElementAccumulator=float, TileShape=cute::tuple<cute::_64, cute::_128, cute::_32>, Fusion=cutlass::fmha::collective::CausalFusion, Options=<>]" at line 268 of /home/yanwa/workspace/cutlass/examples/120_hopper_fmha_sm120/88_hopper_fmha.cu
            instantiation of class "FwdRunner<TileShape, DispatchPolicy, ActiveFusion, KernelOptions...> [with TileShape=cute::tuple<cute::_64, cute::_128, cute::_32>, DispatchPolicy=KernelTma, ActiveFusion=cutlass::fmha::collective::CausalFusion, KernelOptions=<>]" at line 948 of /home/yanwa/workspace/cutlass/examples/120_hopper_fmha_sm120/88_hopper_fmha.cu
            instantiation of function "lambda [](auto, auto, const char *, auto...)->auto [with <auto-1>=cute::tuple<cute::_64, cute::_128, cute::_32>, <auto-2>=KernelTma, <auto-3>=<>]" at line 955 of /home/yanwa/workspace/cutlass/examples/120_hopper_fmha_sm120/88_hopper_fmha.cu
            instantiation of "void run_fwd_32(Fusion, const Options &, const cutlass::KernelHardwareInfo &) [with Fusion=cutlass::fmha::collective::CausalFusion]" at line 1163 of /home/yanwa/workspace/cutlass/examples/120_hopper_fmha_sm120/88_hopper_fmha.cu

/home/yanwa/workspace/cutlass/include/cutlass/gemm/collective/collective_builder_decl.hpp(94): error: static assertion failed with "Could not build a collective for given parameters."
    static_assert(sizeof(ElementA) == 0, "Could not build a collective for given parameters.");
    ^
          detected during:
            instantiation of class "cutlass::gemm::collective::CollectiveBuilder<ArchTag, OpClass, ElementA, GmemLayoutA, AlignmentA, ElementB, GmemLayoutB, AlignmentB, ElementAccumulator, TileShape_MNK, ClusterShape_MNK, StageCountType, KernelScheduleType, Enable> [with ArchTag=cutlass::arch::Sm120, OpClass=cutlass::arch::OpClassBlockScaledTensorOp, ElementA=cutlass::nv_float4_t<cutlass::float_e2m1_t>, GmemLayoutA=cute::tuple<int, cute::_1, cute::tuple<int32_t, int32_t>>, AlignmentA=8, ElementB=cutlass::nv_float4_t<cutlass::float_e2m1_t>, GmemLayoutB=cute::tuple<cute::_1, int, cute::tuple<int32_t, int32_t>>, AlignmentB=8, ElementAccumulator=float, TileShape_MNK=cute::tuple<cute::_64, cute::_32, cute::_128>, ClusterShape_MNK=cute::tuple<cute::_1, cute::_1, cute::_1>, StageCountType=cutlass::gemm::collective::StageCount<4>, KernelScheduleType=cutlass::gemm::collective::KernelScheduleAuto, Enable=void]" at line 100 of /home/yanwa/workspace/cutlass/examples/120_hopper_fmha_sm120/kernel/../collective/fmha_collective_tma.hpp
            instantiation of class "cutlass::fmha::collective::FmhaMainloopTma<Element_, ElementAccumulator_, TileShape_, Fusion, Options...> [with Element_=cutlass::half_t, ElementAccumulator_=float, TileShape_=cute::tuple<cute::_64, cute::_128, cute::_32>, Fusion=cutlass::fmha::collective::CausalFusion, Options=<>]" at line 80 of /home/yanwa/workspace/cutlass/examples/120_hopper_fmha_sm120/kernel/fmha_kernel_builder.hpp
            instantiation of class "cutlass::fmha::kernel::FmhaBuilder<Element, ElementAccumulator, ElementAccumulator, TileShape, cute::tuple<int, cute::_1, cute::tuple<int32_t, int32_t>>, cute::tuple<int, cute::_1, cute::tuple<int32_t, int32_t>>, cute::tuple<int, cute::_1, cute::tuple<int32_t, int32_t>>, Fusion, cutlass::gemm::KernelTma, Options...> [with Element=cutlass::half_t, ElementAccumulator=float, TileShape=cute::tuple<cute::_64, cute::_128, cute::_32>, Fusion=cutlass::fmha::collective::CausalFusion, Options=<>]" at line 268 of /home/yanwa/workspace/cutlass/examples/120_hopper_fmha_sm120/88_hopper_fmha.cu
            instantiation of class "FwdRunner<TileShape, DispatchPolicy, ActiveFusion, KernelOptions...> [with TileShape=cute::tuple<cute::_64, cute::_128, cute::_32>, DispatchPolicy=KernelTma, ActiveFusion=cutlass::fmha::collective::CausalFusion, KernelOptions=<>]" at line 948 of /home/yanwa/workspace/cutlass/examples/120_hopper_fmha_sm120/88_hopper_fmha.cu
            instantiation of function "lambda [](auto, auto, const char *, auto...)->auto [with <auto-1>=cute::tuple<cute::_64, cute::_128, cute::_32>, <auto-2>=KernelTma, <auto-3>=<>]" at line 955 of /home/yanwa/workspace/cutlass/examples/120_hopper_fmha_sm120/88_hopper_fmha.cu
            instantiation of "void run_fwd_32(Fusion, const Options &, const cutlass::KernelHardwareInfo &) [with Fusion=cutlass::fmha::collective::CausalFusion]" at line 1163 of /home/yanwa/workspace/cutlass/examples/120_hopper_fmha_sm120/88_hopper_fmha.cu

/home/yanwa/workspace/cutlass/examples/120_hopper_fmha_sm120/kernel/../collective/fmha_collective_tma.hpp(100): error: class "cutlass::gemm::collective::CollectiveBuilder<cutlass::arch::Sm120, cutlass::arch::OpClassBlockScaledTensorOp, cutlass::nv_float4_t<cutlass::float_e2m1_t>, cute::tuple<int, cute::_1, cute::tuple<int32_t, int32_t>>, 8, cutlass::nv_float4_t<cutlass::float_e2m1_t>, cute::tuple<cute::_1, int, cute::tuple<int32_t, int32_t>>, 8, float, cute::tuple<cute::_64, cute::_32, cute::_128>, cute::tuple<cute::_1, cute::_1, cute::_1>, cutlass::gemm::collective::StageCount<4>, cutlass::gemm::collective::KernelScheduleAuto, void>" has no member "CollectiveOp"
        cutlass::gemm::collective::KernelScheduleAuto>::CollectiveOp;
                                                        ^
          detected during:
            instantiation of class "cutlass::fmha::collective::FmhaMainloopTma<Element_, ElementAccumulator_, TileShape_, Fusion, Options...> [with Element_=cutlass::half_t, ElementAccumulator_=float, TileShape_=cute::tuple<cute::_64, cute::_128, cute::_32>, Fusion=cutlass::fmha::collective::CausalFusion, Options=<>]" at line 80 of /home/yanwa/workspace/cutlass/examples/120_hopper_fmha_sm120/kernel/fmha_kernel_builder.hpp
            instantiation of class "cutlass::fmha::kernel::FmhaBuilder<Element, ElementAccumulator, ElementAccumulator, TileShape, cute::tuple<int, cute::_1, cute::tuple<int32_t, int32_t>>, cute::tuple<int, cute::_1, cute::tuple<int32_t, int32_t>>, cute::tuple<int, cute::_1, cute::tuple<int32_t, int32_t>>, Fusion, cutlass::gemm::KernelTma, Options...> [with Element=cutlass::half_t, ElementAccumulator=float, TileShape=cute::tuple<cute::_64, cute::_128, cute::_32>, Fusion=cutlass::fmha::collective::CausalFusion, Options=<>]" at line 268 of /home/yanwa/workspace/cutlass/examples/120_hopper_fmha_sm120/88_hopper_fmha.cu
            instantiation of class "FwdRunner<TileShape, DispatchPolicy, ActiveFusion, KernelOptions...> [with TileShape=cute::tuple<cute::_64, cute::_128, cute::_32>, DispatchPolicy=KernelTma, ActiveFusion=cutlass::fmha::collective::CausalFusion, KernelOptions=<>]" at line 948 of /home/yanwa/workspace/cutlass/examples/120_hopper_fmha_sm120/88_hopper_fmha.cu
            instantiation of function "lambda [](auto, auto, const char *, auto...)->auto [with <auto-1>=cute::tuple<cute::_64, cute::_128, cute::_32>, <auto-2>=KernelTma, <auto-3>=<>]" at line 955 of /home/yanwa/workspace/cutlass/examples/120_hopper_fmha_sm120/88_hopper_fmha.cu
            instantiation of "void run_fwd_32(Fusion, const Options &, const cutlass::KernelHardwareInfo &) [with Fusion=cutlass::fmha::collective::CausalFusion]" at line 1163 of /home/yanwa/workspace/cutlass/examples/120_hopper_fmha_sm120/88_hopper_fmha.cu

/home/yanwa/workspace/cutlass/examples/120_hopper_fmha_sm120/kernel/../collective/fmha_collective_tma.hpp(102): error: a class or namespace qualified name is required
    using TiledMmaQK = typename CollectiveMmaQK::TiledMma;
                                ^
          detected during:
            instantiation of class "cutlass::fmha::collective::FmhaMainloopTma<Element_, ElementAccumulator_, TileShape_, Fusion, Options...> [with Element_=cutlass::half_t, ElementAccumulator_=float, TileShape_=cute::tuple<cute::_64, cute::_128, cute::_32>, Fusion=cutlass::fmha::collective::CausalFusion, Options=<>]" at line 80 of /home/yanwa/workspace/cutlass/examples/120_hopper_fmha_sm120/kernel/fmha_kernel_builder.hpp
            instantiation of class "cutlass::fmha::kernel::FmhaBuilder<Element, ElementAccumulator, ElementAccumulator, TileShape, cute::tuple<int, cute::_1, cute::tuple<int32_t, int32_t>>, cute::tuple<int, cute::_1, cute::tuple<int32_t, int32_t>>, cute::tuple<int, cute::_1, cute::tuple<int32_t, int32_t>>, Fusion, cutlass::gemm::KernelTma, Options...> [with Element=cutlass::half_t, ElementAccumulator=float, TileShape=cute::tuple<cute::_64, cute::_128, cute::_32>, Fusion=cutlass::fmha::collective::CausalFusion, Options=<>]" at line 268 of /home/yanwa/workspace/cutlass/examples/120_hopper_fmha_sm120/88_hopper_fmha.cu
            instantiation of class "FwdRunner<TileShape, DispatchPolicy, ActiveFusion, KernelOptions...> [with TileShape=cute::tuple<cute::_64, cute::_128, cute::_32>, DispatchPolicy=KernelTma, ActiveFusion=cutlass::fmha::collective::CausalFusion, KernelOptions=<>]" at line 948 of /home/yanwa/workspace/cutlass/examples/120_hopper_fmha_sm120/88_hopper_fmha.cu
            instantiation of function "lambda [](auto, auto, const char *, auto...)->auto [with <auto-1>=cute::tuple<cute::_64, cute::_128, cute::_32>, <auto-2>=KernelTma, <auto-3>=<>]" at line 955 of /home/yanwa/workspace/cutlass/examples/120_hopper_fmha_sm120/88_hopper_fmha.cu
            instantiation of "void run_fwd_32(Fusion, const Options &, const cutlass::KernelHardwareInfo &) [with Fusion=cutlass::fmha::collective::CausalFusion]" at line 1163 of /home/yanwa/workspace/cutlass/examples/120_hopper_fmha_sm120/88_hopper_fmha.cu

/home/yanwa/workspace/cutlass/examples/120_hopper_fmha_sm120/kernel/../collective/fmha_collective_tma.hpp(102): error: expected a ";"
    using TiledMmaQK = typename CollectiveMmaQK::TiledMma;
                                               ^
          detected during:
            instantiation of class "cutlass::fmha::collective::FmhaMainloopTma<Element_, ElementAccumulator_, TileShape_, Fusion, Options...> [with Element_=cutlass::half_t, ElementAccumulator_=float, TileShape_=cute::tuple<cute::_64, cute::_128, cute::_32>, Fusion=cutlass::fmha::collective::CausalFusion, Options=<>]" at line 80 of /home/yanwa/workspace/cutlass/examples/120_hopper_fmha_sm120/kernel/fmha_kernel_builder.hpp
            instantiation of class "cutlass::fmha::kernel::FmhaBuilder<Element, ElementAccumulator, ElementAccumulator, TileShape, cute::tuple<int, cute::_1, cute::tuple<int32_t, int32_t>>, cute::tuple<int, cute::_1, cute::tuple<int32_t, int32_t>>, cute::tuple<int, cute::_1, cute::tuple<int32_t, int32_t>>, Fusion, cutlass::gemm::KernelTma, Options...> [with Element=cutlass::half_t, ElementAccumulator=float, TileShape=cute::tuple<cute::_64, cute::_128, cute::_32>, Fusion=cutlass::fmha::collective::CausalFusion, Options=<>]" at line 268 of /home/yanwa/workspace/cutlass/examples/120_hopper_fmha_sm120/88_hopper_fmha.cu
            instantiation of class "FwdRunner<TileShape, DispatchPolicy, ActiveFusion, KernelOptions...> [with TileShape=cute::tuple<cute::_64, cute::_128, cute::_32>, DispatchPolicy=KernelTma, ActiveFusion=cutlass::fmha::collective::CausalFusion, KernelOptions=<>]" at line 948 of /home/yanwa/workspace/cutlass/examples/120_hopper_fmha_sm120/88_hopper_fmha.cu
            instantiation of function "lambda [](auto, auto, const char *, auto...)->auto [with <auto-1>=cute::tuple<cute::_64, cute::_128, cute::_32>, <auto-2>=KernelTma, <auto-3>=<>]" at line 955 of /home/yanwa/workspace/cutlass/examples/120_hopper_fmha_sm120/88_hopper_fmha.cu
            instantiation of "void run_fwd_32(Fusion, const Options &, const cutlass::KernelHardwareInfo &) [with Fusion=cutlass::fmha::collective::CausalFusion]" at line 1163 of /home/yanwa/workspace/cutlass/examples/120_hopper_fmha_sm120/88_hopper_fmha.cu

/home/yanwa/workspace/cutlass/examples/120_hopper_fmha_sm120/kernel/../collective/fmha_collective_tma.hpp(103): error: a class or namespace qualified name is required
    using TiledMmaPV = decltype(convert_to_gmma_rs(typename CollectiveMmaPV::TiledMma{}));
                                                            ^
          detected during:
            instantiation of class "cutlass::fmha::collective::FmhaMainloopTma<Element_, ElementAccumulator_, TileShape_, Fusion, Options...> [with Element_=cutlass::half_t, ElementAccumulator_=float, TileShape_=cute::tuple<cute::_64, cute::_128, cute::_32>, Fusion=cutlass::fmha::collective::CausalFusion, Options=<>]" at line 80 of /home/yanwa/workspace/cutlass/examples/120_hopper_fmha_sm120/kernel/fmha_kernel_builder.hpp
            instantiation of class "cutlass::fmha::kernel::FmhaBuilder<Element, ElementAccumulator, ElementAccumulator, TileShape, cute::tuple<int, cute::_1, cute::tuple<int32_t, int32_t>>, cute::tuple<int, cute::_1, cute::tuple<int32_t, int32_t>>, cute::tuple<int, cute::_1, cute::tuple<int32_t, int32_t>>, Fusion, cutlass::gemm::KernelTma, Options...> [with Element=cutlass::half_t, ElementAccumulator=float, TileShape=cute::tuple<cute::_64, cute::_128, cute::_32>, Fusion=cutlass::fmha::collective::CausalFusion, Options=<>]" at line 268 of /home/yanwa/workspace/cutlass/examples/120_hopper_fmha_sm120/88_hopper_fmha.cu
            instantiation of class "FwdRunner<TileShape, DispatchPolicy, ActiveFusion, KernelOptions...> [with TileShape=cute::tuple<cute::_64, cute::_128, cute::_32>, DispatchPolicy=KernelTma, ActiveFusion=cutlass::fmha::collective::CausalFusion, KernelOptions=<>]" at line 948 of /home/yanwa/workspace/cutlass/examples/120_hopper_fmha_sm120/88_hopper_fmha.cu
            instantiation of function "lambda [](auto, auto, const char *, auto...)->auto [with <auto-1>=cute::tuple<cute::_64, cute::_128, cute::_32>, <auto-2>=KernelTma, <auto-3>=<>]" at line 955 of /home/yanwa/workspace/cutlass/examples/120_hopper_fmha_sm120/88_hopper_fmha.cu
            instantiation of "void run_fwd_32(Fusion, const Options &, const cutlass::KernelHardwareInfo &) [with Fusion=cutlass::fmha::collective::CausalFusion]" at line 1163 of /home/yanwa/workspace/cutlass/examples/120_hopper_fmha_sm120/88_hopper_fmha.cu

/home/yanwa/workspace/cutlass/examples/120_hopper_fmha_sm120/kernel/../collective/fmha_collective_tma.hpp(103): error: type name is not allowed
    using TiledMmaPV = decltype(convert_to_gmma_rs(typename CollectiveMmaPV::TiledMma{}));
                                                   ^
          detected during:
            instantiation of class "cutlass::fmha::collective::FmhaMainloopTma<Element_, ElementAccumulator_, TileShape_, Fusion, Options...> [with Element_=cutlass::half_t, ElementAccumulator_=float, TileShape_=cute::tuple<cute::_64, cute::_128, cute::_32>, Fusion=cutlass::fmha::collective::CausalFusion, Options=<>]" at line 80 of /home/yanwa/workspace/cutlass/examples/120_hopper_fmha_sm120/kernel/fmha_kernel_builder.hpp
            instantiation of class "cutlass::fmha::kernel::FmhaBuilder<Element, ElementAccumulator, ElementAccumulator, TileShape, cute::tuple<int, cute::_1, cute::tuple<int32_t, int32_t>>, cute::tuple<int, cute::_1, cute::tuple<int32_t, int32_t>>, cute::tuple<int, cute::_1, cute::tuple<int32_t, int32_t>>, Fusion, cutlass::gemm::KernelTma, Options...> [with Element=cutlass::half_t, ElementAccumulator=float, TileShape=cute::tuple<cute::_64, cute::_128, cute::_32>, Fusion=cutlass::fmha::collective::CausalFusion, Options=<>]" at line 268 of /home/yanwa/workspace/cutlass/examples/120_hopper_fmha_sm120/88_hopper_fmha.cu
            instantiation of class "FwdRunner<TileShape, DispatchPolicy, ActiveFusion, KernelOptions...> [with TileShape=cute::tuple<cute::_64, cute::_128, cute::_32>, DispatchPolicy=KernelTma, ActiveFusion=cutlass::fmha::collective::CausalFusion, KernelOptions=<>]" at line 948 of /home/yanwa/workspace/cutlass/examples/120_hopper_fmha_sm120/88_hopper_fmha.cu
            instantiation of function "lambda [](auto, auto, const char *, auto...)->auto [with <auto-1>=cute::tuple<cute::_64, cute::_128, cute::_32>, <auto-2>=KernelTma, <auto-3>=<>]" at line 955 of /home/yanwa/workspace/cutlass/examples/120_hopper_fmha_sm120/88_hopper_fmha.cu
            instantiation of "void run_fwd_32(Fusion, const Options &, const cutlass::KernelHardwareInfo &) [with Fusion=cutlass::fmha::collective::CausalFusion]" at line 1163 of /home/yanwa/workspace/cutlass/examples/120_hopper_fmha_sm120/88_hopper_fmha.cu

/home/yanwa/workspace/cutlass/examples/120_hopper_fmha_sm120/kernel/../collective/fmha_collective_tma.hpp(103): error: expected a ")"
    using TiledMmaPV = decltype(convert_to_gmma_rs(typename CollectiveMmaPV::TiledMma{}));
                                                                           ^
          detected during:
            instantiation of class "cutlass::fmha::collective::FmhaMainloopTma<Element_, ElementAccumulator_, TileShape_, Fusion, Options...> [with Element_=cutlass::half_t, ElementAccumulator_=float, TileShape_=cute::tuple<cute::_64, cute::_128, cute::_32>, Fusion=cutlass::fmha::collective::CausalFusion, Options=<>]" at line 80 of /home/yanwa/workspace/cutlass/examples/120_hopper_fmha_sm120/kernel/fmha_kernel_builder.hpp
            instantiation of class "cutlass::fmha::kernel::FmhaBuilder<Element, ElementAccumulator, ElementAccumulator, TileShape, cute::tuple<int, cute::_1, cute::tuple<int32_t, int32_t>>, cute::tuple<int, cute::_1, cute::tuple<int32_t, int32_t>>, cute::tuple<int, cute::_1, cute::tuple<int32_t, int32_t>>, Fusion, cutlass::gemm::KernelTma, Options...> [with Element=cutlass::half_t, ElementAccumulator=float, TileShape=cute::tuple<cute::_64, cute::_128, cute::_32>, Fusion=cutlass::fmha::collective::CausalFusion, Options=<>]" at line 268 of /home/yanwa/workspace/cutlass/examples/120_hopper_fmha_sm120/88_hopper_fmha.cu
            instantiation of class "FwdRunner<TileShape, DispatchPolicy, ActiveFusion, KernelOptions...> [with TileShape=cute::tuple<cute::_64, cute::_128, cute::_32>, DispatchPolicy=KernelTma, ActiveFusion=cutlass::fmha::collective::CausalFusion, KernelOptions=<>]" at line 948 of /home/yanwa/workspace/cutlass/examples/120_hopper_fmha_sm120/88_hopper_fmha.cu
            instantiation of function "lambda [](auto, auto, const char *, auto...)->auto [with <auto-1>=cute::tuple<cute::_64, cute::_128, cute::_32>, <auto-2>=KernelTma, <auto-3>=<>]" at line 955 of /home/yanwa/workspace/cutlass/examples/120_hopper_fmha_sm120/88_hopper_fmha.cu
            instantiation of "void run_fwd_32(Fusion, const Options &, const cutlass::KernelHardwareInfo &) [with Fusion=cutlass::fmha::collective::CausalFusion]" at line 1163 of /home/yanwa/workspace/cutlass/examples/120_hopper_fmha_sm120/88_hopper_fmha.cu

/home/yanwa/workspace/cutlass/examples/120_hopper_fmha_sm120/kernel/../collective/fmha_collective_tma.hpp(103): error: no instance of overloaded function "cutlass::fmha::collective::convert_to_gmma_rs" matches the argument list
            argument types are: (<error-type>)
    using TiledMmaPV = decltype(convert_to_gmma_rs(typename CollectiveMmaPV::TiledMma{}));
                                ^
/home/yanwa/workspace/cutlass/examples/120_hopper_fmha_sm120/device/../collective/../collective/fmha_common.hpp(165): note #3327-D: candidate function template "cutlass::fmha::collective::convert_to_gmma_rs(const cute::TiledMMA<Atom, Args...> &)" failed deduction
             auto constexpr convert_to_gmma_rs(cute::TiledMMA<Atom, Args...> const& tiled_mma) {
                            ^
/home/yanwa/workspace/cutlass/examples/120_hopper_fmha_sm120/device/../collective/../collective/fmha_common.hpp(152): note #3327-D: candidate function template "cutlass::fmha::collective::convert_to_gmma_rs(const cute::MMA_Atom<Primitive<sA, sB>> &)" failed deduction
                        constexpr convert_to_gmma_rs(cute::MMA_Atom<Primitive<sA, sB>> const& tiled_mma) {
                                  ^
/home/yanwa/workspace/cutlass/examples/120_hopper_fmha_sm120/device/../collective/../collective/fmha_common.hpp(141): note #3327-D: candidate function template "cutlass::fmha::collective::convert_to_gmma_rs(const cute::MMA_Atom<Primitive<tA, tB, sA, sB>> &)" failed deduction
                        constexpr convert_to_gmma_rs(cute::MMA_Atom<Primitive<tA, tB, sA, sB>> const& tiled_mma) {
                                  ^
          detected during:
            instantiation of class "cutlass::fmha::collective::FmhaMainloopTma<Element_, ElementAccumulator_, TileShape_, Fusion, Options...> [with Element_=cutlass::half_t, ElementAccumulator_=float, TileShape_=cute::tuple<cute::_64, cute::_128, cute::_32>, Fusion=cutlass::fmha::collective::CausalFusion, Options=<>]" at line 80 of /home/yanwa/workspace/cutlass/examples/120_hopper_fmha_sm120/kernel/fmha_kernel_builder.hpp
            instantiation of class "cutlass::fmha::kernel::FmhaBuilder<Element, ElementAccumulator, ElementAccumulator, TileShape, cute::tuple<int, cute::_1, cute::tuple<int32_t, int32_t>>, cute::tuple<int, cute::_1, cute::tuple<int32_t, int32_t>>, cute::tuple<int, cute::_1, cute::tuple<int32_t, int32_t>>, Fusion, cutlass::gemm::KernelTma, Options...> [with Element=cutlass::half_t, ElementAccumulator=float, TileShape=cute::tuple<cute::_64, cute::_128, cute::_32>, Fusion=cutlass::fmha::collective::CausalFusion, Options=<>]" at line 268 of /home/yanwa/workspace/cutlass/examples/120_hopper_fmha_sm120/88_hopper_fmha.cu
            instantiation of class "FwdRunner<TileShape, DispatchPolicy, ActiveFusion, KernelOptions...> [with TileShape=cute::tuple<cute::_64, cute::_128, cute::_32>, DispatchPolicy=KernelTma, ActiveFusion=cutlass::fmha::collective::CausalFusion, KernelOptions=<>]" at line 948 of /home/yanwa/workspace/cutlass/examples/120_hopper_fmha_sm120/88_hopper_fmha.cu
            instantiation of function "lambda [](auto, auto, const char *, auto...)->auto [with <auto-1>=cute::tuple<cute::_64, cute::_128, cute::_32>, <auto-2>=KernelTma, <auto-3>=<>]" at line 955 of /home/yanwa/workspace/cutlass/examples/120_hopper_fmha_sm120/88_hopper_fmha.cu
            instantiation of "void run_fwd_32(Fusion, const Options &, const cutlass::KernelHardwareInfo &) [with Fusion=cutlass::fmha::collective::CausalFusion]" at line 1163 of /home/yanwa/workspace/cutlass/examples/120_hopper_fmha_sm120/88_hopper_fmha.cu

/home/yanwa/workspace/cutlass/examples/120_hopper_fmha_sm120/kernel/../collective/fmha_collective_tma.hpp(106): error: a class or namespace qualified name is required
    using Sm1xxBlkScaledConfig = typename CollectiveMmaQK::Sm1xxBlkScaledConfig;
                                          ^
          detected during:
            instantiation of class "cutlass::fmha::collective::FmhaMainloopTma<Element_, ElementAccumulator_, TileShape_, Fusion, Options...> [with Element_=cutlass::half_t, ElementAccumulator_=float, TileShape_=cute::tuple<cute::_64, cute::_128, cute::_32>, Fusion=cutlass::fmha::collective::CausalFusion, Options=<>]" at line 80 of /home/yanwa/workspace/cutlass/examples/120_hopper_fmha_sm120/kernel/fmha_kernel_builder.hpp
            instantiation of class "cutlass::fmha::kernel::FmhaBuilder<Element, ElementAccumulator, ElementAccumulator, TileShape, cute::tuple<int, cute::_1, cute::tuple<int32_t, int32_t>>, cute::tuple<int, cute::_1, cute::tuple<int32_t, int32_t>>, cute::tuple<int, cute::_1, cute::tuple<int32_t, int32_t>>, Fusion, cutlass::gemm::KernelTma, Options...> [with Element=cutlass::half_t, ElementAccumulator=float, TileShape=cute::tuple<cute::_64, cute::_128, cute::_32>, Fusion=cutlass::fmha::collective::CausalFusion, Options=<>]" at line 268 of /home/yanwa/workspace/cutlass/examples/120_hopper_fmha_sm120/88_hopper_fmha.cu
            instantiation of class "FwdRunner<TileShape, DispatchPolicy, ActiveFusion, KernelOptions...> [with TileShape=cute::tuple<cute::_64, cute::_128, cute::_32>, DispatchPolicy=KernelTma, ActiveFusion=cutlass::fmha::collective::CausalFusion, KernelOptions=<>]" at line 948 of /home/yanwa/workspace/cutlass/examples/120_hopper_fmha_sm120/88_hopper_fmha.cu
            instantiation of function "lambda [](auto, auto, const char *, auto...)->auto [with <auto-1>=cute::tuple<cute::_64, cute::_128, cute::_32>, <auto-2>=KernelTma, <auto-3>=<>]" at line 955 of /home/yanwa/workspace/cutlass/examples/120_hopper_fmha_sm120/88_hopper_fmha.cu
            instantiation of "void run_fwd_32(Fusion, const Options &, const cutlass::KernelHardwareInfo &) [with Fusion=cutlass::fmha::collective::CausalFusion]" at line 1163 of /home/yanwa/workspace/cutlass/examples/120_hopper_fmha_sm120/88_hopper_fmha.cu

/home/yanwa/workspace/cutlass/examples/120_hopper_fmha_sm120/kernel/../collective/fmha_collective_tma.hpp(106): error: expected a ";"
    using Sm1xxBlkScaledConfig = typename CollectiveMmaQK::Sm1xxBlkScaledConfig;
                                                         ^
          detected during:
            instantiation of class "cutlass::fmha::collective::FmhaMainloopTma<Element_, ElementAccumulator_, TileShape_, Fusion, Options...> [with Element_=cutlass::half_t, ElementAccumulator_=float, TileShape_=cute::tuple<cute::_64, cute::_128, cute::_32>, Fusion=cutlass::fmha::collective::CausalFusion, Options=<>]" at line 80 of /home/yanwa/workspace/cutlass/examples/120_hopper_fmha_sm120/kernel/fmha_kernel_builder.hpp
            instantiation of class "cutlass::fmha::kernel::FmhaBuilder<Element, ElementAccumulator, ElementAccumulator, TileShape, cute::tuple<int, cute::_1, cute::tuple<int32_t, int32_t>>, cute::tuple<int, cute::_1, cute::tuple<int32_t, int32_t>>, cute::tuple<int, cute::_1, cute::tuple<int32_t, int32_t>>, Fusion, cutlass::gemm::KernelTma, Options...> [with Element=cutlass::half_t, ElementAccumulator=float, TileShape=cute::tuple<cute::_64, cute::_128, cute::_32>, Fusion=cutlass::fmha::collective::CausalFusion, Options=<>]" at line 268 of /home/yanwa/workspace/cutlass/examples/120_hopper_fmha_sm120/88_hopper_fmha.cu
            instantiation of class "FwdRunner<TileShape, DispatchPolicy, ActiveFusion, KernelOptions...> [with TileShape=cute::tuple<cute::_64, cute::_128, cute::_32>, DispatchPolicy=KernelTma, ActiveFusion=cutlass::fmha::collective::CausalFusion, KernelOptions=<>]" at line 948 of /home/yanwa/workspace/cutlass/examples/120_hopper_fmha_sm120/88_hopper_fmha.cu
            instantiation of function "lambda [](auto, auto, const char *, auto...)->auto [with <auto-1>=cute::tuple<cute::_64, cute::_128, cute::_32>, <auto-2>=KernelTma, <auto-3>=<>]" at line 955 of /home/yanwa/workspace/cutlass/examples/120_hopper_fmha_sm120/88_hopper_fmha.cu
            instantiation of "void run_fwd_32(Fusion, const Options &, const cutlass::KernelHardwareInfo &) [with Fusion=cutlass::fmha::collective::CausalFusion]" at line 1163 of /home/yanwa/workspace/cutlass/examples/120_hopper_fmha_sm120/88_hopper_fmha.cu

/home/yanwa/workspace/cutlass/examples/120_hopper_fmha_sm120/kernel/../collective/fmha_collective_tma.hpp(107): error: a class or namespace qualified name is required
    using LayoutSFQ = typename CollectiveMmaQK::LayoutSFA;
                               ^
          detected during:
            instantiation of class "cutlass::fmha::collective::FmhaMainloopTma<Element_, ElementAccumulator_, TileShape_, Fusion, Options...> [with Element_=cutlass::half_t, ElementAccumulator_=float, TileShape_=cute::tuple<cute::_64, cute::_128, cute::_32>, Fusion=cutlass::fmha::collective::CausalFusion, Options=<>]" at line 80 of /home/yanwa/workspace/cutlass/examples/120_hopper_fmha_sm120/kernel/fmha_kernel_builder.hpp
            instantiation of class "cutlass::fmha::kernel::FmhaBuilder<Element, ElementAccumulator, ElementAccumulator, TileShape, cute::tuple<int, cute::_1, cute::tuple<int32_t, int32_t>>, cute::tuple<int, cute::_1, cute::tuple<int32_t, int32_t>>, cute::tuple<int, cute::_1, cute::tuple<int32_t, int32_t>>, Fusion, cutlass::gemm::KernelTma, Options...> [with Element=cutlass::half_t, ElementAccumulator=float, TileShape=cute::tuple<cute::_64, cute::_128, cute::_32>, Fusion=cutlass::fmha::collective::CausalFusion, Options=<>]" at line 268 of /home/yanwa/workspace/cutlass/examples/120_hopper_fmha_sm120/88_hopper_fmha.cu
            instantiation of class "FwdRunner<TileShape, DispatchPolicy, ActiveFusion, KernelOptions...> [with TileShape=cute::tuple<cute::_64, cute::_128, cute::_32>, DispatchPolicy=KernelTma, ActiveFusion=cutlass::fmha::collective::CausalFusion, KernelOptions=<>]" at line 948 of /home/yanwa/workspace/cutlass/examples/120_hopper_fmha_sm120/88_hopper_fmha.cu
            instantiation of function "lambda [](auto, auto, const char *, auto...)->auto [with <auto-1>=cute::tuple<cute::_64, cute::_128, cute::_32>, <auto-2>=KernelTma, <auto-3>=<>]" at line 955 of /home/yanwa/workspace/cutlass/examples/120_hopper_fmha_sm120/88_hopper_fmha.cu
            instantiation of "void run_fwd_32(Fusion, const Options &, const cutlass::KernelHardwareInfo &) [with Fusion=cutlass::fmha::collective::CausalFusion]" at line 1163 of /home/yanwa/workspace/cutlass/examples/120_hopper_fmha_sm120/88_hopper_fmha.cu

/home/yanwa/workspace/cutlass/examples/120_hopper_fmha_sm120/kernel/../collective/fmha_collective_tma.hpp(107): error: expected a ";"
    using LayoutSFQ = typename CollectiveMmaQK::LayoutSFA;
                                              ^
          detected during:
            instantiation of class "cutlass::fmha::collective::FmhaMainloopTma<Element_, ElementAccumulator_, TileShape_, Fusion, Options...> [with Element_=cutlass::half_t, ElementAccumulator_=float, TileShape_=cute::tuple<cute::_64, cute::_128, cute::_32>, Fusion=cutlass::fmha::collective::CausalFusion, Options=<>]" at line 80 of /home/yanwa/workspace/cutlass/examples/120_hopper_fmha_sm120/kernel/fmha_kernel_builder.hpp
            instantiation of class "cutlass::fmha::kernel::FmhaBuilder<Element, ElementAccumulator, ElementAccumulator, TileShape, cute::tuple<int, cute::_1, cute::tuple<int32_t, int32_t>>, cute::tuple<int, cute::_1, cute::tuple<int32_t, int32_t>>, cute::tuple<int, cute::_1, cute::tuple<int32_t, int32_t>>, Fusion, cutlass::gemm::KernelTma, Options...> [with Element=cutlass::half_t, ElementAccumulator=float, TileShape=cute::tuple<cute::_64, cute::_128, cute::_32>, Fusion=cutlass::fmha::collective::CausalFusion, Options=<>]" at line 268 of /home/yanwa/workspace/cutlass/examples/120_hopper_fmha_sm120/88_hopper_fmha.cu
            instantiation of class "FwdRunner<TileShape, DispatchPolicy, ActiveFusion, KernelOptions...> [with TileShape=cute::tuple<cute::_64, cute::_128, cute::_32>, DispatchPolicy=KernelTma, ActiveFusion=cutlass::fmha::collective::CausalFusion, KernelOptions=<>]" at line 948 of /home/yanwa/workspace/cutlass/examples/120_hopper_fmha_sm120/88_hopper_fmha.cu
            instantiation of function "lambda [](auto, auto, const char *, auto...)->auto [with <auto-1>=cute::tuple<cute::_64, cute::_128, cute::_32>, <auto-2>=KernelTma, <auto-3>=<>]" at line 955 of /home/yanwa/workspace/cutlass/examples/120_hopper_fmha_sm120/88_hopper_fmha.cu
            instantiation of "void run_fwd_32(Fusion, const Options &, const cutlass::KernelHardwareInfo &) [with Fusion=cutlass::fmha::collective::CausalFusion]" at line 1163 of /home/yanwa/workspace/cutlass/examples/120_hopper_fmha_sm120/88_hopper_fmha.cu

/home/yanwa/workspace/cutlass/examples/120_hopper_fmha_sm120/kernel/../collective/fmha_collective_tma.hpp(108): error: a class or namespace qualified name is required
    using LayoutSFK = typename CollectiveMmaQK::LayoutSFB;
                               ^
          detected during:
            instantiation of class "cutlass::fmha::collective::FmhaMainloopTma<Element_, ElementAccumulator_, TileShape_, Fusion, Options...> [with Element_=cutlass::half_t, ElementAccumulator_=float, TileShape_=cute::tuple<cute::_64, cute::_128, cute::_32>, Fusion=cutlass::fmha::collective::CausalFusion, Options=<>]" at line 80 of /home/yanwa/workspace/cutlass/examples/120_hopper_fmha_sm120/kernel/fmha_kernel_builder.hpp
            instantiation of class "cutlass::fmha::kernel::FmhaBuilder<Element, ElementAccumulator, ElementAccumulator, TileShape, cute::tuple<int, cute::_1, cute::tuple<int32_t, int32_t>>, cute::tuple<int, cute::_1, cute::tuple<int32_t, int32_t>>, cute::tuple<int, cute::_1, cute::tuple<int32_t, int32_t>>, Fusion, cutlass::gemm::KernelTma, Options...> [with Element=cutlass::half_t, ElementAccumulator=float, TileShape=cute::tuple<cute::_64, cute::_128, cute::_32>, Fusion=cutlass::fmha::collective::CausalFusion, Options=<>]" at line 268 of /home/yanwa/workspace/cutlass/examples/120_hopper_fmha_sm120/88_hopper_fmha.cu
            instantiation of class "FwdRunner<TileShape, DispatchPolicy, ActiveFusion, KernelOptions...> [with TileShape=cute::tuple<cute::_64, cute::_128, cute::_32>, DispatchPolicy=KernelTma, ActiveFusion=cutlass::fmha::collective::CausalFusion, KernelOptions=<>]" at line 948 of /home/yanwa/workspace/cutlass/examples/120_hopper_fmha_sm120/88_hopper_fmha.cu
            instantiation of function "lambda [](auto, auto, const char *, auto...)->auto [with <auto-1>=cute::tuple<cute::_64, cute::_128, cute::_32>, <auto-2>=KernelTma, <auto-3>=<>]" at line 955 of /home/yanwa/workspace/cutlass/examples/120_hopper_fmha_sm120/88_hopper_fmha.cu
            instantiation of "void run_fwd_32(Fusion, const Options &, const cutlass::KernelHardwareInfo &) [with Fusion=cutlass::fmha::collective::CausalFusion]" at line 1163 of /home/yanwa/workspace/cutlass/examples/120_hopper_fmha_sm120/88_hopper_fmha.cu

/home/yanwa/workspace/cutlass/examples/120_hopper_fmha_sm120/kernel/../collective/fmha_collective_tma.hpp(108): error: expected a ";"
    using LayoutSFK = typename CollectiveMmaQK::LayoutSFB;
                                              ^
          detected during:
            instantiation of class "cutlass::fmha::collective::FmhaMainloopTma<Element_, ElementAccumulator_, TileShape_, Fusion, Options...> [with Element_=cutlass::half_t, ElementAccumulator_=float, TileShape_=cute::tuple<cute::_64, cute::_128, cute::_32>, Fusion=cutlass::fmha::collective::CausalFusion, Options=<>]" at line 80 of /home/yanwa/workspace/cutlass/examples/120_hopper_fmha_sm120/kernel/fmha_kernel_builder.hpp
            instantiation of class "cutlass::fmha::kernel::FmhaBuilder<Element, ElementAccumulator, ElementAccumulator, TileShape, cute::tuple<int, cute::_1, cute::tuple<int32_t, int32_t>>, cute::tuple<int, cute::_1, cute::tuple<int32_t, int32_t>>, cute::tuple<int, cute::_1, cute::tuple<int32_t, int32_t>>, Fusion, cutlass::gemm::KernelTma, Options...> [with Element=cutlass::half_t, ElementAccumulator=float, TileShape=cute::tuple<cute::_64, cute::_128, cute::_32>, Fusion=cutlass::fmha::collective::CausalFusion, Options=<>]" at line 268 of /home/yanwa/workspace/cutlass/examples/120_hopper_fmha_sm120/88_hopper_fmha.cu
            instantiation of class "FwdRunner<TileShape, DispatchPolicy, ActiveFusion, KernelOptions...> [with TileShape=cute::tuple<cute::_64, cute::_128, cute::_32>, DispatchPolicy=KernelTma, ActiveFusion=cutlass::fmha::collective::CausalFusion, KernelOptions=<>]" at line 948 of /home/yanwa/workspace/cutlass/examples/120_hopper_fmha_sm120/88_hopper_fmha.cu
            instantiation of function "lambda [](auto, auto, const char *, auto...)->auto [with <auto-1>=cute::tuple<cute::_64, cute::_128, cute::_32>, <auto-2>=KernelTma, <auto-3>=<>]" at line 955 of /home/yanwa/workspace/cutlass/examples/120_hopper_fmha_sm120/88_hopper_fmha.cu
            instantiation of "void run_fwd_32(Fusion, const Options &, const cutlass::KernelHardwareInfo &) [with Fusion=cutlass::fmha::collective::CausalFusion]" at line 1163 of /home/yanwa/workspace/cutlass/examples/120_hopper_fmha_sm120/88_hopper_fmha.cu

/home/yanwa/workspace/cutlass/examples/120_hopper_fmha_sm120/kernel/../collective/fmha_collective_tma.hpp(109): error: a class or namespace qualified name is required
    using LayoutSFV = typename CollectiveMmaPV::LayoutSFB;
                               ^
          detected during:
            instantiation of class "cutlass::fmha::collective::FmhaMainloopTma<Element_, ElementAccumulator_, TileShape_, Fusion, Options...> [with Element_=cutlass::half_t, ElementAccumulator_=float, TileShape_=cute::tuple<cute::_64, cute::_128, cute::_32>, Fusion=cutlass::fmha::collective::CausalFusion, Options=<>]" at line 80 of /home/yanwa/workspace/cutlass/examples/120_hopper_fmha_sm120/kernel/fmha_kernel_builder.hpp
            instantiation of class "cutlass::fmha::kernel::FmhaBuilder<Element, ElementAccumulator, ElementAccumulator, TileShape, cute::tuple<int, cute::_1, cute::tuple<int32_t, int32_t>>, cute::tuple<int, cute::_1, cute::tuple<int32_t, int32_t>>, cute::tuple<int, cute::_1, cute::tuple<int32_t, int32_t>>, Fusion, cutlass::gemm::KernelTma, Options...> [with Element=cutlass::half_t, ElementAccumulator=float, TileShape=cute::tuple<cute::_64, cute::_128, cute::_32>, Fusion=cutlass::fmha::collective::CausalFusion, Options=<>]" at line 268 of /home/yanwa/workspace/cutlass/examples/120_hopper_fmha_sm120/88_hopper_fmha.cu
            instantiation of class "FwdRunner<TileShape, DispatchPolicy, ActiveFusion, KernelOptions...> [with TileShape=cute::tuple<cute::_64, cute::_128, cute::_32>, DispatchPolicy=KernelTma, ActiveFusion=cutlass::fmha::collective::CausalFusion, KernelOptions=<>]" at line 948 of /home/yanwa/workspace/cutlass/examples/120_hopper_fmha_sm120/88_hopper_fmha.cu
            instantiation of function "lambda [](auto, auto, const char *, auto...)->auto [with <auto-1>=cute::tuple<cute::_64, cute::_128, cute::_32>, <auto-2>=KernelTma, <auto-3>=<>]" at line 955 of /home/yanwa/workspace/cutlass/examples/120_hopper_fmha_sm120/88_hopper_fmha.cu
            instantiation of "void run_fwd_32(Fusion, const Options &, const cutlass::KernelHardwareInfo &) [with Fusion=cutlass::fmha::collective::CausalFusion]" at line 1163 of /home/yanwa/workspace/cutlass/examples/120_hopper_fmha_sm120/88_hopper_fmha.cu

/home/yanwa/workspace/cutlass/examples/120_hopper_fmha_sm120/kernel/../collective/fmha_collective_tma.hpp(109): error: expected a ";"
    using LayoutSFV = typename CollectiveMmaPV::LayoutSFB;
                                              ^
          detected during:
            instantiation of class "cutlass::fmha::collective::FmhaMainloopTma<Element_, ElementAccumulator_, TileShape_, Fusion, Options...> [with Element_=cutlass::half_t, ElementAccumulator_=float, TileShape_=cute::tuple<cute::_64, cute::_128, cute::_32>, Fusion=cutlass::fmha::collective::CausalFusion, Options=<>]" at line 80 of /home/yanwa/workspace/cutlass/examples/120_hopper_fmha_sm120/kernel/fmha_kernel_builder.hpp
            instantiation of class "cutlass::fmha::kernel::FmhaBuilder<Element, ElementAccumulator, ElementAccumulator, TileShape, cute::tuple<int, cute::_1, cute::tuple<int32_t, int32_t>>, cute::tuple<int, cute::_1, cute::tuple<int32_t, int32_t>>, cute::tuple<int, cute::_1, cute::tuple<int32_t, int32_t>>, Fusion, cutlass::gemm::KernelTma, Options...> [with Element=cutlass::half_t, ElementAccumulator=float, TileShape=cute::tuple<cute::_64, cute::_128, cute::_32>, Fusion=cutlass::fmha::collective::CausalFusion, Options=<>]" at line 268 of /home/yanwa/workspace/cutlass/examples/120_hopper_fmha_sm120/88_hopper_fmha.cu
            instantiation of class "FwdRunner<TileShape, DispatchPolicy, ActiveFusion, KernelOptions...> [with TileShape=cute::tuple<cute::_64, cute::_128, cute::_32>, DispatchPolicy=KernelTma, ActiveFusion=cutlass::fmha::collective::CausalFusion, KernelOptions=<>]" at line 948 of /home/yanwa/workspace/cutlass/examples/120_hopper_fmha_sm120/88_hopper_fmha.cu
            instantiation of function "lambda [](auto, auto, const char *, auto...)->auto [with <auto-1>=cute::tuple<cute::_64, cute::_128, cute::_32>, <auto-2>=KernelTma, <auto-3>=<>]" at line 955 of /home/yanwa/workspace/cutlass/examples/120_hopper_fmha_sm120/88_hopper_fmha.cu
            instantiation of "void run_fwd_32(Fusion, const Options &, const cutlass::KernelHardwareInfo &) [with Fusion=cutlass::fmha::collective::CausalFusion]" at line 1163 of /home/yanwa/workspace/cutlass/examples/120_hopper_fmha_sm120/88_hopper_fmha.cu

/home/yanwa/workspace/cutlass/examples/120_hopper_fmha_sm120/kernel/../collective/fmha_collective_tma.hpp(111): error: a class or namespace qualified name is required
    using SmemLayoutQ = decltype(unstageSmemLayout(typename CollectiveMmaQK::SmemLayoutA{}, Int<StagesQ::value>{}));
                                                            ^
          detected during:
            instantiation of class "cutlass::fmha::collective::FmhaMainloopTma<Element_, ElementAccumulator_, TileShape_, Fusion, Options...> [with Element_=cutlass::half_t, ElementAccumulator_=float, TileShape_=cute::tuple<cute::_64, cute::_128, cute::_32>, Fusion=cutlass::fmha::collective::CausalFusion, Options=<>]" at line 80 of /home/yanwa/workspace/cutlass/examples/120_hopper_fmha_sm120/kernel/fmha_kernel_builder.hpp
            instantiation of class "cutlass::fmha::kernel::FmhaBuilder<Element, ElementAccumulator, ElementAccumulator, TileShape, cute::tuple<int, cute::_1, cute::tuple<int32_t, int32_t>>, cute::tuple<int, cute::_1, cute::tuple<int32_t, int32_t>>, cute::tuple<int, cute::_1, cute::tuple<int32_t, int32_t>>, Fusion, cutlass::gemm::KernelTma, Options...> [with Element=cutlass::half_t, ElementAccumulator=float, TileShape=cute::tuple<cute::_64, cute::_128, cute::_32>, Fusion=cutlass::fmha::collective::CausalFusion, Options=<>]" at line 268 of /home/yanwa/workspace/cutlass/examples/120_hopper_fmha_sm120/88_hopper_fmha.cu
            instantiation of class "FwdRunner<TileShape, DispatchPolicy, ActiveFusion, KernelOptions...> [with TileShape=cute::tuple<cute::_64, cute::_128, cute::_32>, DispatchPolicy=KernelTma, ActiveFusion=cutlass::fmha::collective::CausalFusion, KernelOptions=<>]" at line 948 of /home/yanwa/workspace/cutlass/examples/120_hopper_fmha_sm120/88_hopper_fmha.cu
            instantiation of function "lambda [](auto, auto, const char *, auto...)->auto [with <auto-1>=cute::tuple<cute::_64, cute::_128, cute::_32>, <auto-2>=KernelTma, <auto-3>=<>]" at line 955 of /home/yanwa/workspace/cutlass/examples/120_hopper_fmha_sm120/88_hopper_fmha.cu
            instantiation of "void run_fwd_32(Fusion, const Options &, const cutlass::KernelHardwareInfo &) [with Fusion=cutlass::fmha::collective::CausalFusion]" at line 1163 of /home/yanwa/workspace/cutlass/examples/120_hopper_fmha_sm120/88_hopper_fmha.cu

/home/yanwa/workspace/cutlass/examples/120_hopper_fmha_sm120/kernel/../collective/fmha_collective_tma.hpp(111): error: type name is not allowed
    using SmemLayoutQ = decltype(unstageSmemLayout(typename CollectiveMmaQK::SmemLayoutA{}, Int<StagesQ::value>{}));
                                                   ^
          detected during:
            instantiation of class "cutlass::fmha::collective::FmhaMainloopTma<Element_, ElementAccumulator_, TileShape_, Fusion, Options...> [with Element_=cutlass::half_t, ElementAccumulator_=float, TileShape_=cute::tuple<cute::_64, cute::_128, cute::_32>, Fusion=cutlass::fmha::collective::CausalFusion, Options=<>]" at line 80 of /home/yanwa/workspace/cutlass/examples/120_hopper_fmha_sm120/kernel/fmha_kernel_builder.hpp
            instantiation of class "cutlass::fmha::kernel::FmhaBuilder<Element, ElementAccumulator, ElementAccumulator, TileShape, cute::tuple<int, cute::_1, cute::tuple<int32_t, int32_t>>, cute::tuple<int, cute::_1, cute::tuple<int32_t, int32_t>>, cute::tuple<int, cute::_1, cute::tuple<int32_t, int32_t>>, Fusion, cutlass::gemm::KernelTma, Options...> [with Element=cutlass::half_t, ElementAccumulator=float, TileShape=cute::tuple<cute::_64, cute::_128, cute::_32>, Fusion=cutlass::fmha::collective::CausalFusion, Options=<>]" at line 268 of /home/yanwa/workspace/cutlass/examples/120_hopper_fmha_sm120/88_hopper_fmha.cu
            instantiation of class "FwdRunner<TileShape, DispatchPolicy, ActiveFusion, KernelOptions...> [with TileShape=cute::tuple<cute::_64, cute::_128, cute::_32>, DispatchPolicy=KernelTma, ActiveFusion=cutlass::fmha::collective::CausalFusion, KernelOptions=<>]" at line 948 of /home/yanwa/workspace/cutlass/examples/120_hopper_fmha_sm120/88_hopper_fmha.cu
            instantiation of function "lambda [](auto, auto, const char *, auto...)->auto [with <auto-1>=cute::tuple<cute::_64, cute::_128, cute::_32>, <auto-2>=KernelTma, <auto-3>=<>]" at line 955 of /home/yanwa/workspace/cutlass/examples/120_hopper_fmha_sm120/88_hopper_fmha.cu
            instantiation of "void run_fwd_32(Fusion, const Options &, const cutlass::KernelHardwareInfo &) [with Fusion=cutlass::fmha::collective::CausalFusion]" at line 1163 of /home/yanwa/workspace/cutlass/examples/120_hopper_fmha_sm120/88_hopper_fmha.cu

/home/yanwa/workspace/cutlass/examples/120_hopper_fmha_sm120/kernel/../collective/fmha_collective_tma.hpp(111): error: expected a ")"
    using SmemLayoutQ = decltype(unstageSmemLayout(typename CollectiveMmaQK::SmemLayoutA{}, Int<StagesQ::value>{}));
                                                                           ^
          detected during:
            instantiation of class "cutlass::fmha::collective::FmhaMainloopTma<Element_, ElementAccumulator_, TileShape_, Fusion, Options...> [with Element_=cutlass::half_t, ElementAccumulator_=float, TileShape_=cute::tuple<cute::_64, cute::_128, cute::_32>, Fusion=cutlass::fmha::collective::CausalFusion, Options=<>]" at line 80 of /home/yanwa/workspace/cutlass/examples/120_hopper_fmha_sm120/kernel/fmha_kernel_builder.hpp
            instantiation of class "cutlass::fmha::kernel::FmhaBuilder<Element, ElementAccumulator, ElementAccumulator, TileShape, cute::tuple<int, cute::_1, cute::tuple<int32_t, int32_t>>, cute::tuple<int, cute::_1, cute::tuple<int32_t, int32_t>>, cute::tuple<int, cute::_1, cute::tuple<int32_t, int32_t>>, Fusion, cutlass::gemm::KernelTma, Options...> [with Element=cutlass::half_t, ElementAccumulator=float, TileShape=cute::tuple<cute::_64, cute::_128, cute::_32>, Fusion=cutlass::fmha::collective::CausalFusion, Options=<>]" at line 268 of /home/yanwa/workspace/cutlass/examples/120_hopper_fmha_sm120/88_hopper_fmha.cu
            instantiation of class "FwdRunner<TileShape, DispatchPolicy, ActiveFusion, KernelOptions...> [with TileShape=cute::tuple<cute::_64, cute::_128, cute::_32>, DispatchPolicy=KernelTma, ActiveFusion=cutlass::fmha::collective::CausalFusion, KernelOptions=<>]" at line 948 of /home/yanwa/workspace/cutlass/examples/120_hopper_fmha_sm120/88_hopper_fmha.cu
            instantiation of function "lambda [](auto, auto, const char *, auto...)->auto [with <auto-1>=cute::tuple<cute::_64, cute::_128, cute::_32>, <auto-2>=KernelTma, <auto-3>=<>]" at line 955 of /home/yanwa/workspace/cutlass/examples/120_hopper_fmha_sm120/88_hopper_fmha.cu
            instantiation of "void run_fwd_32(Fusion, const Options &, const cutlass::KernelHardwareInfo &) [with Fusion=cutlass::fmha::collective::CausalFusion]" at line 1163 of /home/yanwa/workspace/cutlass/examples/120_hopper_fmha_sm120/88_hopper_fmha.cu

/home/yanwa/workspace/cutlass/examples/120_hopper_fmha_sm120/kernel/../collective/fmha_collective_tma.hpp(111): error: expected a ";"
    using SmemLayoutQ = decltype(unstageSmemLayout(typename CollectiveMmaQK::SmemLayoutA{}, Int<StagesQ::value>{}));
                                                                                                                  ^
          detected during:
            instantiation of class "cutlass::fmha::collective::FmhaMainloopTma<Element_, ElementAccumulator_, TileShape_, Fusion, Options...> [with Element_=cutlass::half_t, ElementAccumulator_=float, TileShape_=cute::tuple<cute::_64, cute::_128, cute::_32>, Fusion=cutlass::fmha::collective::CausalFusion, Options=<>]" at line 80 of /home/yanwa/workspace/cutlass/examples/120_hopper_fmha_sm120/kernel/fmha_kernel_builder.hpp
            instantiation of class "cutlass::fmha::kernel::FmhaBuilder<Element, ElementAccumulator, ElementAccumulator, TileShape, cute::tuple<int, cute::_1, cute::tuple<int32_t, int32_t>>, cute::tuple<int, cute::_1, cute::tuple<int32_t, int32_t>>, cute::tuple<int, cute::_1, cute::tuple<int32_t, int32_t>>, Fusion, cutlass::gemm::KernelTma, Options...> [with Element=cutlass::half_t, ElementAccumulator=float, TileShape=cute::tuple<cute::_64, cute::_128, cute::_32>, Fusion=cutlass::fmha::collective::CausalFusion, Options=<>]" at line 268 of /home/yanwa/workspace/cutlass/examples/120_hopper_fmha_sm120/88_hopper_fmha.cu
            instantiation of class "FwdRunner<TileShape, DispatchPolicy, ActiveFusion, KernelOptions...> [with TileShape=cute::tuple<cute::_64, cute::_128, cute::_32>, DispatchPolicy=KernelTma, ActiveFusion=cutlass::fmha::collective::CausalFusion, KernelOptions=<>]" at line 948 of /home/yanwa/workspace/cutlass/examples/120_hopper_fmha_sm120/88_hopper_fmha.cu
            instantiation of function "lambda [](auto, auto, const char *, auto...)->auto [with <auto-1>=cute::tuple<cute::_64, cute::_128, cute::_32>, <auto-2>=KernelTma, <auto-3>=<>]" at line 955 of /home/yanwa/workspace/cutlass/examples/120_hopper_fmha_sm120/88_hopper_fmha.cu
            instantiation of "void run_fwd_32(Fusion, const Options &, const cutlass::KernelHardwareInfo &) [with Fusion=cutlass::fmha::collective::CausalFusion]" at line 1163 of /home/yanwa/workspace/cutlass/examples/120_hopper_fmha_sm120/88_hopper_fmha.cu

/home/yanwa/workspace/cutlass/examples/120_hopper_fmha_sm120/kernel/../collective/fmha_collective_tma.hpp(112): error: a class or namespace qualified name is required
    using SmemLayoutK = typename CollectiveMmaQK::SmemLayoutB;
                                 ^
          detected during:
            instantiation of class "cutlass::fmha::collective::FmhaMainloopTma<Element_, ElementAccumulator_, TileShape_, Fusion, Options...> [with Element_=cutlass::half_t, ElementAccumulator_=float, TileShape_=cute::tuple<cute::_64, cute::_128, cute::_32>, Fusion=cutlass::fmha::collective::CausalFusion, Options=<>]" at line 80 of /home/yanwa/workspace/cutlass/examples/120_hopper_fmha_sm120/kernel/fmha_kernel_builder.hpp
            instantiation of class "cutlass::fmha::kernel::FmhaBuilder<Element, ElementAccumulator, ElementAccumulator, TileShape, cute::tuple<int, cute::_1, cute::tuple<int32_t, int32_t>>, cute::tuple<int, cute::_1, cute::tuple<int32_t, int32_t>>, cute::tuple<int, cute::_1, cute::tuple<int32_t, int32_t>>, Fusion, cutlass::gemm::KernelTma, Options...> [with Element=cutlass::half_t, ElementAccumulator=float, TileShape=cute::tuple<cute::_64, cute::_128, cute::_32>, Fusion=cutlass::fmha::collective::CausalFusion, Options=<>]" at line 268 of /home/yanwa/workspace/cutlass/examples/120_hopper_fmha_sm120/88_hopper_fmha.cu
            instantiation of class "FwdRunner<TileShape, DispatchPolicy, ActiveFusion, KernelOptions...> [with TileShape=cute::tuple<cute::_64, cute::_128, cute::_32>, DispatchPolicy=KernelTma, ActiveFusion=cutlass::fmha::collective::CausalFusion, KernelOptions=<>]" at line 948 of /home/yanwa/workspace/cutlass/examples/120_hopper_fmha_sm120/88_hopper_fmha.cu
            instantiation of function "lambda [](auto, auto, const char *, auto...)->auto [with <auto-1>=cute::tuple<cute::_64, cute::_128, cute::_32>, <auto-2>=KernelTma, <auto-3>=<>]" at line 955 of /home/yanwa/workspace/cutlass/examples/120_hopper_fmha_sm120/88_hopper_fmha.cu
            instantiation of "void run_fwd_32(Fusion, const Options &, const cutlass::KernelHardwareInfo &) [with Fusion=cutlass::fmha::collective::CausalFusion]" at line 1163 of /home/yanwa/workspace/cutlass/examples/120_hopper_fmha_sm120/88_hopper_fmha.cu

/home/yanwa/workspace/cutlass/examples/120_hopper_fmha_sm120/kernel/../collective/fmha_collective_tma.hpp(112): error: expected a ";"
    using SmemLayoutK = typename CollectiveMmaQK::SmemLayoutB;
                                                ^
          detected during:
            instantiation of class "cutlass::fmha::collective::FmhaMainloopTma<Element_, ElementAccumulator_, TileShape_, Fusion, Options...> [with Element_=cutlass::half_t, ElementAccumulator_=float, TileShape_=cute::tuple<cute::_64, cute::_128, cute::_32>, Fusion=cutlass::fmha::collective::CausalFusion, Options=<>]" at line 80 of /home/yanwa/workspace/cutlass/examples/120_hopper_fmha_sm120/kernel/fmha_kernel_builder.hpp
            instantiation of class "cutlass::fmha::kernel::FmhaBuilder<Element, ElementAccumulator, ElementAccumulator, TileShape, cute::tuple<int, cute::_1, cute::tuple<int32_t, int32_t>>, cute::tuple<int, cute::_1, cute::tuple<int32_t, int32_t>>, cute::tuple<int, cute::_1, cute::tuple<int32_t, int32_t>>, Fusion, cutlass::gemm::KernelTma, Options...> [with Element=cutlass::half_t, ElementAccumulator=float, TileShape=cute::tuple<cute::_64, cute::_128, cute::_32>, Fusion=cutlass::fmha::collective::CausalFusion, Options=<>]" at line 268 of /home/yanwa/workspace/cutlass/examples/120_hopper_fmha_sm120/88_hopper_fmha.cu
            instantiation of class "FwdRunner<TileShape, DispatchPolicy, ActiveFusion, KernelOptions...> [with TileShape=cute::tuple<cute::_64, cute::_128, cute::_32>, DispatchPolicy=KernelTma, ActiveFusion=cutlass::fmha::collective::CausalFusion, KernelOptions=<>]" at line 948 of /home/yanwa/workspace/cutlass/examples/120_hopper_fmha_sm120/88_hopper_fmha.cu
            instantiation of function "lambda [](auto, auto, const char *, auto...)->auto [with <auto-1>=cute::tuple<cute::_64, cute::_128, cute::_32>, <auto-2>=KernelTma, <auto-3>=<>]" at line 955 of /home/yanwa/workspace/cutlass/examples/120_hopper_fmha_sm120/88_hopper_fmha.cu
            instantiation of "void run_fwd_32(Fusion, const Options &, const cutlass::KernelHardwareInfo &) [with Fusion=cutlass::fmha::collective::CausalFusion]" at line 1163 of /home/yanwa/workspace/cutlass/examples/120_hopper_fmha_sm120/88_hopper_fmha.cu

/home/yanwa/workspace/cutlass/examples/120_hopper_fmha_sm120/kernel/../collective/fmha_collective_tma.hpp(113): error: a class or namespace qualified name is required
    using SmemLayoutV = typename CollectiveMmaPV::SmemLayoutB;
                                 ^
          detected during:
            instantiation of class "cutlass::fmha::collective::FmhaMainloopTma<Element_, ElementAccumulator_, TileShape_, Fusion, Options...> [with Element_=cutlass::half_t, ElementAccumulator_=float, TileShape_=cute::tuple<cute::_64, cute::_128, cute::_32>, Fusion=cutlass::fmha::collective::CausalFusion, Options=<>]" at line 80 of /home/yanwa/workspace/cutlass/examples/120_hopper_fmha_sm120/kernel/fmha_kernel_builder.hpp
            instantiation of class "cutlass::fmha::kernel::FmhaBuilder<Element, ElementAccumulator, ElementAccumulator, TileShape, cute::tuple<int, cute::_1, cute::tuple<int32_t, int32_t>>, cute::tuple<int, cute::_1, cute::tuple<int32_t, int32_t>>, cute::tuple<int, cute::_1, cute::tuple<int32_t, int32_t>>, Fusion, cutlass::gemm::KernelTma, Options...> [with Element=cutlass::half_t, ElementAccumulator=float, TileShape=cute::tuple<cute::_64, cute::_128, cute::_32>, Fusion=cutlass::fmha::collective::CausalFusion, Options=<>]" at line 268 of /home/yanwa/workspace/cutlass/examples/120_hopper_fmha_sm120/88_hopper_fmha.cu
            instantiation of class "FwdRunner<TileShape, DispatchPolicy, ActiveFusion, KernelOptions...> [with TileShape=cute::tuple<cute::_64, cute::_128, cute::_32>, DispatchPolicy=KernelTma, ActiveFusion=cutlass::fmha::collective::CausalFusion, KernelOptions=<>]" at line 948 of /home/yanwa/workspace/cutlass/examples/120_hopper_fmha_sm120/88_hopper_fmha.cu
            instantiation of function "lambda [](auto, auto, const char *, auto...)->auto [with <auto-1>=cute::tuple<cute::_64, cute::_128, cute::_32>, <auto-2>=KernelTma, <auto-3>=<>]" at line 955 of /home/yanwa/workspace/cutlass/examples/120_hopper_fmha_sm120/88_hopper_fmha.cu
            instantiation of "void run_fwd_32(Fusion, const Options &, const cutlass::KernelHardwareInfo &) [with Fusion=cutlass::fmha::collective::CausalFusion]" at line 1163 of /home/yanwa/workspace/cutlass/examples/120_hopper_fmha_sm120/88_hopper_fmha.cu

/home/yanwa/workspace/cutlass/examples/120_hopper_fmha_sm120/kernel/../collective/fmha_collective_tma.hpp(113): error: expected a ";"
    using SmemLayoutV = typename CollectiveMmaPV::SmemLayoutB;
                                                ^
          detected during:
            instantiation of class "cutlass::fmha::collective::FmhaMainloopTma<Element_, ElementAccumulator_, TileShape_, Fusion, Options...> [with Element_=cutlass::half_t, ElementAccumulator_=float, TileShape_=cute::tuple<cute::_64, cute::_128, cute::_32>, Fusion=cutlass::fmha::collective::CausalFusion, Options=<>]" at line 80 of /home/yanwa/workspace/cutlass/examples/120_hopper_fmha_sm120/kernel/fmha_kernel_builder.hpp
            instantiation of class "cutlass::fmha::kernel::FmhaBuilder<Element, ElementAccumulator, ElementAccumulator, TileShape, cute::tuple<int, cute::_1, cute::tuple<int32_t, int32_t>>, cute::tuple<int, cute::_1, cute::tuple<int32_t, int32_t>>, cute::tuple<int, cute::_1, cute::tuple<int32_t, int32_t>>, Fusion, cutlass::gemm::KernelTma, Options...> [with Element=cutlass::half_t, ElementAccumulator=float, TileShape=cute::tuple<cute::_64, cute::_128, cute::_32>, Fusion=cutlass::fmha::collective::CausalFusion, Options=<>]" at line 268 of /home/yanwa/workspace/cutlass/examples/120_hopper_fmha_sm120/88_hopper_fmha.cu
            instantiation of class "FwdRunner<TileShape, DispatchPolicy, ActiveFusion, KernelOptions...> [with TileShape=cute::tuple<cute::_64, cute::_128, cute::_32>, DispatchPolicy=KernelTma, ActiveFusion=cutlass::fmha::collective::CausalFusion, KernelOptions=<>]" at line 948 of /home/yanwa/workspace/cutlass/examples/120_hopper_fmha_sm120/88_hopper_fmha.cu
            instantiation of function "lambda [](auto, auto, const char *, auto...)->auto [with <auto-1>=cute::tuple<cute::_64, cute::_128, cute::_32>, <auto-2>=KernelTma, <auto-3>=<>]" at line 955 of /home/yanwa/workspace/cutlass/examples/120_hopper_fmha_sm120/88_hopper_fmha.cu
            instantiation of "void run_fwd_32(Fusion, const Options &, const cutlass::KernelHardwareInfo &) [with Fusion=cutlass::fmha::collective::CausalFusion]" at line 1163 of /home/yanwa/workspace/cutlass/examples/120_hopper_fmha_sm120/88_hopper_fmha.cu

/home/yanwa/workspace/cutlass/examples/120_hopper_fmha_sm120/kernel/../collective/fmha_collective_tma.hpp(150): error: a class or namespace qualified name is required
    using TMA_Q = typename CollectiveMmaQK::Params::TMA_A;
                           ^
          detected during:
            instantiation of class "cutlass::fmha::collective::FmhaMainloopTma<Element_, ElementAccumulator_, TileShape_, Fusion, Options...> [with Element_=cutlass::half_t, ElementAccumulator_=float, TileShape_=cute::tuple<cute::_64, cute::_128, cute::_32>, Fusion=cutlass::fmha::collective::CausalFusion, Options=<>]" at line 80 of /home/yanwa/workspace/cutlass/examples/120_hopper_fmha_sm120/kernel/fmha_kernel_builder.hpp
            instantiation of class "cutlass::fmha::kernel::FmhaBuilder<Element, ElementAccumulator, ElementAccumulator, TileShape, cute::tuple<int, cute::_1, cute::tuple<int32_t, int32_t>>, cute::tuple<int, cute::_1, cute::tuple<int32_t, int32_t>>, cute::tuple<int, cute::_1, cute::tuple<int32_t, int32_t>>, Fusion, cutlass::gemm::KernelTma, Options...> [with Element=cutlass::half_t, ElementAccumulator=float, TileShape=cute::tuple<cute::_64, cute::_128, cute::_32>, Fusion=cutlass::fmha::collective::CausalFusion, Options=<>]" at line 268 of /home/yanwa/workspace/cutlass/examples/120_hopper_fmha_sm120/88_hopper_fmha.cu
            instantiation of class "FwdRunner<TileShape, DispatchPolicy, ActiveFusion, KernelOptions...> [with TileShape=cute::tuple<cute::_64, cute::_128, cute::_32>, DispatchPolicy=KernelTma, ActiveFusion=cutlass::fmha::collective::CausalFusion, KernelOptions=<>]" at line 948 of /home/yanwa/workspace/cutlass/examples/120_hopper_fmha_sm120/88_hopper_fmha.cu
            instantiation of function "lambda [](auto, auto, const char *, auto...)->auto [with <auto-1>=cute::tuple<cute::_64, cute::_128, cute::_32>, <auto-2>=KernelTma, <auto-3>=<>]" at line 955 of /home/yanwa/workspace/cutlass/examples/120_hopper_fmha_sm120/88_hopper_fmha.cu
            instantiation of "void run_fwd_32(Fusion, const Options &, const cutlass::KernelHardwareInfo &) [with Fusion=cutlass::fmha::collective::CausalFusion]" at line 1163 of /home/yanwa/workspace/cutlass/examples/120_hopper_fmha_sm120/88_hopper_fmha.cu

/home/yanwa/workspace/cutlass/examples/120_hopper_fmha_sm120/kernel/../collective/fmha_collective_tma.hpp(150): error: expected a ";"
    using TMA_Q = typename CollectiveMmaQK::Params::TMA_A;
                                          ^
          detected during:
            instantiation of class "cutlass::fmha::collective::FmhaMainloopTma<Element_, ElementAccumulator_, TileShape_, Fusion, Options...> [with Element_=cutlass::half_t, ElementAccumulator_=float, TileShape_=cute::tuple<cute::_64, cute::_128, cute::_32>, Fusion=cutlass::fmha::collective::CausalFusion, Options=<>]" at line 80 of /home/yanwa/workspace/cutlass/examples/120_hopper_fmha_sm120/kernel/fmha_kernel_builder.hpp
            instantiation of class "cutlass::fmha::kernel::FmhaBuilder<Element, ElementAccumulator, ElementAccumulator, TileShape, cute::tuple<int, cute::_1, cute::tuple<int32_t, int32_t>>, cute::tuple<int, cute::_1, cute::tuple<int32_t, int32_t>>, cute::tuple<int, cute::_1, cute::tuple<int32_t, int32_t>>, Fusion, cutlass::gemm::KernelTma, Options...> [with Element=cutlass::half_t, ElementAccumulator=float, TileShape=cute::tuple<cute::_64, cute::_128, cute::_32>, Fusion=cutlass::fmha::collective::CausalFusion, Options=<>]" at line 268 of /home/yanwa/workspace/cutlass/examples/120_hopper_fmha_sm120/88_hopper_fmha.cu
            instantiation of class "FwdRunner<TileShape, DispatchPolicy, ActiveFusion, KernelOptions...> [with TileShape=cute::tuple<cute::_64, cute::_128, cute::_32>, DispatchPolicy=KernelTma, ActiveFusion=cutlass::fmha::collective::CausalFusion, KernelOptions=<>]" at line 948 of /home/yanwa/workspace/cutlass/examples/120_hopper_fmha_sm120/88_hopper_fmha.cu
            instantiation of function "lambda [](auto, auto, const char *, auto...)->auto [with <auto-1>=cute::tuple<cute::_64, cute::_128, cute::_32>, <auto-2>=KernelTma, <auto-3>=<>]" at line 955 of /home/yanwa/workspace/cutlass/examples/120_hopper_fmha_sm120/88_hopper_fmha.cu
            instantiation of "void run_fwd_32(Fusion, const Options &, const cutlass::KernelHardwareInfo &) [with Fusion=cutlass::fmha::collective::CausalFusion]" at line 1163 of /home/yanwa/workspace/cutlass/examples/120_hopper_fmha_sm120/88_hopper_fmha.cu

/home/yanwa/workspace/cutlass/examples/120_hopper_fmha_sm120/kernel/../collective/fmha_collective_tma.hpp(151): error: a class or namespace qualified name is required
    using TMA_K = typename CollectiveMmaQK::Params::TMA_B;
                           ^
          detected during:
            instantiation of class "cutlass::fmha::collective::FmhaMainloopTma<Element_, ElementAccumulator_, TileShape_, Fusion, Options...> [with Element_=cutlass::half_t, ElementAccumulator_=float, TileShape_=cute::tuple<cute::_64, cute::_128, cute::_32>, Fusion=cutlass::fmha::collective::CausalFusion, Options=<>]" at line 80 of /home/yanwa/workspace/cutlass/examples/120_hopper_fmha_sm120/kernel/fmha_kernel_builder.hpp
            instantiation of class "cutlass::fmha::kernel::FmhaBuilder<Element, ElementAccumulator, ElementAccumulator, TileShape, cute::tuple<int, cute::_1, cute::tuple<int32_t, int32_t>>, cute::tuple<int, cute::_1, cute::tuple<int32_t, int32_t>>, cute::tuple<int, cute::_1, cute::tuple<int32_t, int32_t>>, Fusion, cutlass::gemm::KernelTma, Options...> [with Element=cutlass::half_t, ElementAccumulator=float, TileShape=cute::tuple<cute::_64, cute::_128, cute::_32>, Fusion=cutlass::fmha::collective::CausalFusion, Options=<>]" at line 268 of /home/yanwa/workspace/cutlass/examples/120_hopper_fmha_sm120/88_hopper_fmha.cu
            instantiation of class "FwdRunner<TileShape, DispatchPolicy, ActiveFusion, KernelOptions...> [with TileShape=cute::tuple<cute::_64, cute::_128, cute::_32>, DispatchPolicy=KernelTma, ActiveFusion=cutlass::fmha::collective::CausalFusion, KernelOptions=<>]" at line 948 of /home/yanwa/workspace/cutlass/examples/120_hopper_fmha_sm120/88_hopper_fmha.cu
            instantiation of function "lambda [](auto, auto, const char *, auto...)->auto [with <auto-1>=cute::tuple<cute::_64, cute::_128, cute::_32>, <auto-2>=KernelTma, <auto-3>=<>]" at line 955 of /home/yanwa/workspace/cutlass/examples/120_hopper_fmha_sm120/88_hopper_fmha.cu
            instantiation of "void run_fwd_32(Fusion, const Options &, const cutlass::KernelHardwareInfo &) [with Fusion=cutlass::fmha::collective::CausalFusion]" at line 1163 of /home/yanwa/workspace/cutlass/examples/120_hopper_fmha_sm120/88_hopper_fmha.cu

/home/yanwa/workspace/cutlass/examples/120_hopper_fmha_sm120/kernel/../collective/fmha_collective_tma.hpp(151): error: expected a ";"
    using TMA_K = typename CollectiveMmaQK::Params::TMA_B;
                                          ^
          detected during:
            instantiation of class "cutlass::fmha::collective::FmhaMainloopTma<Element_, ElementAccumulator_, TileShape_, Fusion, Options...> [with Element_=cutlass::half_t, ElementAccumulator_=float, TileShape_=cute::tuple<cute::_64, cute::_128, cute::_32>, Fusion=cutlass::fmha::collective::CausalFusion, Options=<>]" at line 80 of /home/yanwa/workspace/cutlass/examples/120_hopper_fmha_sm120/kernel/fmha_kernel_builder.hpp
            instantiation of class "cutlass::fmha::kernel::FmhaBuilder<Element, ElementAccumulator, ElementAccumulator, TileShape, cute::tuple<int, cute::_1, cute::tuple<int32_t, int32_t>>, cute::tuple<int, cute::_1, cute::tuple<int32_t, int32_t>>, cute::tuple<int, cute::_1, cute::tuple<int32_t, int32_t>>, Fusion, cutlass::gemm::KernelTma, Options...> [with Element=cutlass::half_t, ElementAccumulator=float, TileShape=cute::tuple<cute::_64, cute::_128, cute::_32>, Fusion=cutlass::fmha::collective::CausalFusion, Options=<>]" at line 268 of /home/yanwa/workspace/cutlass/examples/120_hopper_fmha_sm120/88_hopper_fmha.cu
            instantiation of class "FwdRunner<TileShape, DispatchPolicy, ActiveFusion, KernelOptions...> [with TileShape=cute::tuple<cute::_64, cute::_128, cute::_32>, DispatchPolicy=KernelTma, ActiveFusion=cutlass::fmha::collective::CausalFusion, KernelOptions=<>]" at line 948 of /home/yanwa/workspace/cutlass/examples/120_hopper_fmha_sm120/88_hopper_fmha.cu
            instantiation of function "lambda [](auto, auto, const char *, auto...)->auto [with <auto-1>=cute::tuple<cute::_64, cute::_128, cute::_32>, <auto-2>=KernelTma, <auto-3>=<>]" at line 955 of /home/yanwa/workspace/cutlass/examples/120_hopper_fmha_sm120/88_hopper_fmha.cu
            instantiation of "void run_fwd_32(Fusion, const Options &, const cutlass::KernelHardwareInfo &) [with Fusion=cutlass::fmha::collective::CausalFusion]" at line 1163 of /home/yanwa/workspace/cutlass/examples/120_hopper_fmha_sm120/88_hopper_fmha.cu

/home/yanwa/workspace/cutlass/examples/120_hopper_fmha_sm120/kernel/../collective/fmha_collective_tma.hpp(152): error: a class or namespace qualified name is required
    using TMA_V = typename CollectiveMmaPV::Params::TMA_B;
                           ^
          detected during:
            instantiation of class "cutlass::fmha::collective::FmhaMainloopTma<Element_, ElementAccumulator_, TileShape_, Fusion, Options...> [with Element_=cutlass::half_t, ElementAccumulator_=float, TileShape_=cute::tuple<cute::_64, cute::_128, cute::_32>, Fusion=cutlass::fmha::collective::CausalFusion, Options=<>]" at line 80 of /home/yanwa/workspace/cutlass/examples/120_hopper_fmha_sm120/kernel/fmha_kernel_builder.hpp
            instantiation of class "cutlass::fmha::kernel::FmhaBuilder<Element, ElementAccumulator, ElementAccumulator, TileShape, cute::tuple<int, cute::_1, cute::tuple<int32_t, int32_t>>, cute::tuple<int, cute::_1, cute::tuple<int32_t, int32_t>>, cute::tuple<int, cute::_1, cute::tuple<int32_t, int32_t>>, Fusion, cutlass::gemm::KernelTma, Options...> [with Element=cutlass::half_t, ElementAccumulator=float, TileShape=cute::tuple<cute::_64, cute::_128, cute::_32>, Fusion=cutlass::fmha::collective::CausalFusion, Options=<>]" at line 268 of /home/yanwa/workspace/cutlass/examples/120_hopper_fmha_sm120/88_hopper_fmha.cu
            instantiation of class "FwdRunner<TileShape, DispatchPolicy, ActiveFusion, KernelOptions...> [with TileShape=cute::tuple<cute::_64, cute::_128, cute::_32>, DispatchPolicy=KernelTma, ActiveFusion=cutlass::fmha::collective::CausalFusion, KernelOptions=<>]" at line 948 of /home/yanwa/workspace/cutlass/examples/120_hopper_fmha_sm120/88_hopper_fmha.cu
            instantiation of function "lambda [](auto, auto, const char *, auto...)->auto [with <auto-1>=cute::tuple<cute::_64, cute::_128, cute::_32>, <auto-2>=KernelTma, <auto-3>=<>]" at line 955 of /home/yanwa/workspace/cutlass/examples/120_hopper_fmha_sm120/88_hopper_fmha.cu
            instantiation of "void run_fwd_32(Fusion, const Options &, const cutlass::KernelHardwareInfo &) [with Fusion=cutlass::fmha::collective::CausalFusion]" at line 1163 of /home/yanwa/workspace/cutlass/examples/120_hopper_fmha_sm120/88_hopper_fmha.cu

/home/yanwa/workspace/cutlass/examples/120_hopper_fmha_sm120/kernel/../collective/fmha_collective_tma.hpp(152): error: expected a ";"
    using TMA_V = typename CollectiveMmaPV::Params::TMA_B;
                                          ^
          detected during:
            instantiation of class "cutlass::fmha::collective::FmhaMainloopTma<Element_, ElementAccumulator_, TileShape_, Fusion, Options...> [with Element_=cutlass::half_t, ElementAccumulator_=float, TileShape_=cute::tuple<cute::_64, cute::_128, cute::_32>, Fusion=cutlass::fmha::collective::CausalFusion, Options=<>]" at line 80 of /home/yanwa/workspace/cutlass/examples/120_hopper_fmha_sm120/kernel/fmha_kernel_builder.hpp
            instantiation of class "cutlass::fmha::kernel::FmhaBuilder<Element, ElementAccumulator, ElementAccumulator, TileShape, cute::tuple<int, cute::_1, cute::tuple<int32_t, int32_t>>, cute::tuple<int, cute::_1, cute::tuple<int32_t, int32_t>>, cute::tuple<int, cute::_1, cute::tuple<int32_t, int32_t>>, Fusion, cutlass::gemm::KernelTma, Options...> [with Element=cutlass::half_t, ElementAccumulator=float, TileShape=cute::tuple<cute::_64, cute::_128, cute::_32>, Fusion=cutlass::fmha::collective::CausalFusion, Options=<>]" at line 268 of /home/yanwa/workspace/cutlass/examples/120_hopper_fmha_sm120/88_hopper_fmha.cu
            instantiation of class "FwdRunner<TileShape, DispatchPolicy, ActiveFusion, KernelOptions...> [with TileShape=cute::tuple<cute::_64, cute::_128, cute::_32>, DispatchPolicy=KernelTma, ActiveFusion=cutlass::fmha::collective::CausalFusion, KernelOptions=<>]" at line 948 of /home/yanwa/workspace/cutlass/examples/120_hopper_fmha_sm120/88_hopper_fmha.cu
            instantiation of function "lambda [](auto, auto, const char *, auto...)->auto [with <auto-1>=cute::tuple<cute::_64, cute::_128, cute::_32>, <auto-2>=KernelTma, <auto-3>=<>]" at line 955 of /home/yanwa/workspace/cutlass/examples/120_hopper_fmha_sm120/88_hopper_fmha.cu
            instantiation of "void run_fwd_32(Fusion, const Options &, const cutlass::KernelHardwareInfo &) [with Fusion=cutlass::fmha::collective::CausalFusion]" at line 1163 of /home/yanwa/workspace/cutlass/examples/120_hopper_fmha_sm120/88_hopper_fmha.cu

/home/yanwa/workspace/cutlass/examples/120_hopper_fmha_sm120/kernel/../collective/fmha_collective_tma.hpp(188): error: a class or namespace qualified name is required
    static_assert(size(typename CollectiveMmaQK::TiledMma{}) == size(typename CollectiveMmaPV::TiledMma{}));
                                ^
          detected during:
            instantiation of class "cutlass::fmha::collective::FmhaMainloopTma<Element_, ElementAccumulator_, TileShape_, Fusion, Options...> [with Element_=cutlass::half_t, ElementAccumulator_=float, TileShape_=cute::tuple<cute::_64, cute::_128, cute::_32>, Fusion=cutlass::fmha::collective::CausalFusion, Options=<>]" at line 80 of /home/yanwa/workspace/cutlass/examples/120_hopper_fmha_sm120/kernel/fmha_kernel_builder.hpp
            instantiation of class "cutlass::fmha::kernel::FmhaBuilder<Element, ElementAccumulator, ElementAccumulator, TileShape, cute::tuple<int, cute::_1, cute::tuple<int32_t, int32_t>>, cute::tuple<int, cute::_1, cute::tuple<int32_t, int32_t>>, cute::tuple<int, cute::_1, cute::tuple<int32_t, int32_t>>, Fusion, cutlass::gemm::KernelTma, Options...> [with Element=cutlass::half_t, ElementAccumulator=float, TileShape=cute::tuple<cute::_64, cute::_128, cute::_32>, Fusion=cutlass::fmha::collective::CausalFusion, Options=<>]" at line 268 of /home/yanwa/workspace/cutlass/examples/120_hopper_fmha_sm120/88_hopper_fmha.cu
            instantiation of class "FwdRunner<TileShape, DispatchPolicy, ActiveFusion, KernelOptions...> [with TileShape=cute::tuple<cute::_64, cute::_128, cute::_32>, DispatchPolicy=KernelTma, ActiveFusion=cutlass::fmha::collective::CausalFusion, KernelOptions=<>]" at line 948 of /home/yanwa/workspace/cutlass/examples/120_hopper_fmha_sm120/88_hopper_fmha.cu
            instantiation of function "lambda [](auto, auto, const char *, auto...)->auto [with <auto-1>=cute::tuple<cute::_64, cute::_128, cute::_32>, <auto-2>=KernelTma, <auto-3>=<>]" at line 955 of /home/yanwa/workspace/cutlass/examples/120_hopper_fmha_sm120/88_hopper_fmha.cu
            instantiation of "void run_fwd_32(Fusion, const Options &, const cutlass::KernelHardwareInfo &) [with Fusion=cutlass::fmha::collective::CausalFusion]" at line 1163 of /home/yanwa/workspace/cutlass/examples/120_hopper_fmha_sm120/88_hopper_fmha.cu

/home/yanwa/workspace/cutlass/examples/120_hopper_fmha_sm120/kernel/../collective/fmha_collective_tma.hpp(188): error: type name is not allowed
    static_assert(size(typename CollectiveMmaQK::TiledMma{}) == size(typename CollectiveMmaPV::TiledMma{}));
                       ^
          detected during:
            instantiation of class "cutlass::fmha::collective::FmhaMainloopTma<Element_, ElementAccumulator_, TileShape_, Fusion, Options...> [with Element_=cutlass::half_t, ElementAccumulator_=float, TileShape_=cute::tuple<cute::_64, cute::_128, cute::_32>, Fusion=cutlass::fmha::collective::CausalFusion, Options=<>]" at line 80 of /home/yanwa/workspace/cutlass/examples/120_hopper_fmha_sm120/kernel/fmha_kernel_builder.hpp
            instantiation of class "cutlass::fmha::kernel::FmhaBuilder<Element, ElementAccumulator, ElementAccumulator, TileShape, cute::tuple<int, cute::_1, cute::tuple<int32_t, int32_t>>, cute::tuple<int, cute::_1, cute::tuple<int32_t, int32_t>>, cute::tuple<int, cute::_1, cute::tuple<int32_t, int32_t>>, Fusion, cutlass::gemm::KernelTma, Options...> [with Element=cutlass::half_t, ElementAccumulator=float, TileShape=cute::tuple<cute::_64, cute::_128, cute::_32>, Fusion=cutlass::fmha::collective::CausalFusion, Options=<>]" at line 268 of /home/yanwa/workspace/cutlass/examples/120_hopper_fmha_sm120/88_hopper_fmha.cu
            instantiation of class "FwdRunner<TileShape, DispatchPolicy, ActiveFusion, KernelOptions...> [with TileShape=cute::tuple<cute::_64, cute::_128, cute::_32>, DispatchPolicy=KernelTma, ActiveFusion=cutlass::fmha::collective::CausalFusion, KernelOptions=<>]" at line 948 of /home/yanwa/workspace/cutlass/examples/120_hopper_fmha_sm120/88_hopper_fmha.cu
            instantiation of function "lambda [](auto, auto, const char *, auto...)->auto [with <auto-1>=cute::tuple<cute::_64, cute::_128, cute::_32>, <auto-2>=KernelTma, <auto-3>=<>]" at line 955 of /home/yanwa/workspace/cutlass/examples/120_hopper_fmha_sm120/88_hopper_fmha.cu
            instantiation of "void run_fwd_32(Fusion, const Options &, const cutlass::KernelHardwareInfo &) [with Fusion=cutlass::fmha::collective::CausalFusion]" at line 1163 of /home/yanwa/workspace/cutlass/examples/120_hopper_fmha_sm120/88_hopper_fmha.cu

/home/yanwa/workspace/cutlass/examples/120_hopper_fmha_sm120/kernel/../collective/fmha_collective_tma.hpp(188): error: expected a ")"
    static_assert(size(typename CollectiveMmaQK::TiledMma{}) == size(typename CollectiveMmaPV::TiledMma{}));
                                               ^
          detected during:
            instantiation of class "cutlass::fmha::collective::FmhaMainloopTma<Element_, ElementAccumulator_, TileShape_, Fusion, Options...> [with Element_=cutlass::half_t, ElementAccumulator_=float, TileShape_=cute::tuple<cute::_64, cute::_128, cute::_32>, Fusion=cutlass::fmha::collective::CausalFusion, Options=<>]" at line 80 of /home/yanwa/workspace/cutlass/examples/120_hopper_fmha_sm120/kernel/fmha_kernel_builder.hpp
            instantiation of class "cutlass::fmha::kernel::FmhaBuilder<Element, ElementAccumulator, ElementAccumulator, TileShape, cute::tuple<int, cute::_1, cute::tuple<int32_t, int32_t>>, cute::tuple<int, cute::_1, cute::tuple<int32_t, int32_t>>, cute::tuple<int, cute::_1, cute::tuple<int32_t, int32_t>>, Fusion, cutlass::gemm::KernelTma, Options...> [with Element=cutlass::half_t, ElementAccumulator=float, TileShape=cute::tuple<cute::_64, cute::_128, cute::_32>, Fusion=cutlass::fmha::collective::CausalFusion, Options=<>]" at line 268 of /home/yanwa/workspace/cutlass/examples/120_hopper_fmha_sm120/88_hopper_fmha.cu
            instantiation of class "FwdRunner<TileShape, DispatchPolicy, ActiveFusion, KernelOptions...> [with TileShape=cute::tuple<cute::_64, cute::_128, cute::_32>, DispatchPolicy=KernelTma, ActiveFusion=cutlass::fmha::collective::CausalFusion, KernelOptions=<>]" at line 948 of /home/yanwa/workspace/cutlass/examples/120_hopper_fmha_sm120/88_hopper_fmha.cu
            instantiation of function "lambda [](auto, auto, const char *, auto...)->auto [with <auto-1>=cute::tuple<cute::_64, cute::_128, cute::_32>, <auto-2>=KernelTma, <auto-3>=<>]" at line 955 of /home/yanwa/workspace/cutlass/examples/120_hopper_fmha_sm120/88_hopper_fmha.cu
            instantiation of "void run_fwd_32(Fusion, const Options &, const cutlass::KernelHardwareInfo &) [with Fusion=cutlass::fmha::collective::CausalFusion]" at line 1163 of /home/yanwa/workspace/cutlass/examples/120_hopper_fmha_sm120/88_hopper_fmha.cu

/home/yanwa/workspace/cutlass/examples/120_hopper_fmha_sm120/kernel/../collective/fmha_collective_tma.hpp(188): error: a class or namespace qualified name is required
    static_assert(size(typename CollectiveMmaQK::TiledMma{}) == size(typename CollectiveMmaPV::TiledMma{}));
                                                                              ^
          detected during:
            instantiation of class "cutlass::fmha::collective::FmhaMainloopTma<Element_, ElementAccumulator_, TileShape_, Fusion, Options...> [with Element_=cutlass::half_t, ElementAccumulator_=float, TileShape_=cute::tuple<cute::_64, cute::_128, cute::_32>, Fusion=cutlass::fmha::collective::CausalFusion, Options=<>]" at line 80 of /home/yanwa/workspace/cutlass/examples/120_hopper_fmha_sm120/kernel/fmha_kernel_builder.hpp
            instantiation of class "cutlass::fmha::kernel::FmhaBuilder<Element, ElementAccumulator, ElementAccumulator, TileShape, cute::tuple<int, cute::_1, cute::tuple<int32_t, int32_t>>, cute::tuple<int, cute::_1, cute::tuple<int32_t, int32_t>>, cute::tuple<int, cute::_1, cute::tuple<int32_t, int32_t>>, Fusion, cutlass::gemm::KernelTma, Options...> [with Element=cutlass::half_t, ElementAccumulator=float, TileShape=cute::tuple<cute::_64, cute::_128, cute::_32>, Fusion=cutlass::fmha::collective::CausalFusion, Options=<>]" at line 268 of /home/yanwa/workspace/cutlass/examples/120_hopper_fmha_sm120/88_hopper_fmha.cu
            instantiation of class "FwdRunner<TileShape, DispatchPolicy, ActiveFusion, KernelOptions...> [with TileShape=cute::tuple<cute::_64, cute::_128, cute::_32>, DispatchPolicy=KernelTma, ActiveFusion=cutlass::fmha::collective::CausalFusion, KernelOptions=<>]" at line 948 of /home/yanwa/workspace/cutlass/examples/120_hopper_fmha_sm120/88_hopper_fmha.cu
            instantiation of function "lambda [](auto, auto, const char *, auto...)->auto [with <auto-1>=cute::tuple<cute::_64, cute::_128, cute::_32>, <auto-2>=KernelTma, <auto-3>=<>]" at line 955 of /home/yanwa/workspace/cutlass/examples/120_hopper_fmha_sm120/88_hopper_fmha.cu
            instantiation of "void run_fwd_32(Fusion, const Options &, const cutlass::KernelHardwareInfo &) [with Fusion=cutlass::fmha::collective::CausalFusion]" at line 1163 of /home/yanwa/workspace/cutlass/examples/120_hopper_fmha_sm120/88_hopper_fmha.cu

/home/yanwa/workspace/cutlass/examples/120_hopper_fmha_sm120/kernel/../collective/fmha_collective_tma.hpp(188): error: type name is not allowed
    static_assert(size(typename CollectiveMmaQK::TiledMma{}) == size(typename CollectiveMmaPV::TiledMma{}));
                                                                     ^
          detected during:
            instantiation of class "cutlass::fmha::collective::FmhaMainloopTma<Element_, ElementAccumulator_, TileShape_, Fusion, Options...> [with Element_=cutlass::half_t, ElementAccumulator_=float, TileShape_=cute::tuple<cute::_64, cute::_128, cute::_32>, Fusion=cutlass::fmha::collective::CausalFusion, Options=<>]" at line 80 of /home/yanwa/workspace/cutlass/examples/120_hopper_fmha_sm120/kernel/fmha_kernel_builder.hpp
            instantiation of class "cutlass::fmha::kernel::FmhaBuilder<Element, ElementAccumulator, ElementAccumulator, TileShape, cute::tuple<int, cute::_1, cute::tuple<int32_t, int32_t>>, cute::tuple<int, cute::_1, cute::tuple<int32_t, int32_t>>, cute::tuple<int, cute::_1, cute::tuple<int32_t, int32_t>>, Fusion, cutlass::gemm::KernelTma, Options...> [with Element=cutlass::half_t, ElementAccumulator=float, TileShape=cute::tuple<cute::_64, cute::_128, cute::_32>, Fusion=cutlass::fmha::collective::CausalFusion, Options=<>]" at line 268 of /home/yanwa/workspace/cutlass/examples/120_hopper_fmha_sm120/88_hopper_fmha.cu
            instantiation of class "FwdRunner<TileShape, DispatchPolicy, ActiveFusion, KernelOptions...> [with TileShape=cute::tuple<cute::_64, cute::_128, cute::_32>, DispatchPolicy=KernelTma, ActiveFusion=cutlass::fmha::collective::CausalFusion, KernelOptions=<>]" at line 948 of /home/yanwa/workspace/cutlass/examples/120_hopper_fmha_sm120/88_hopper_fmha.cu
            instantiation of function "lambda [](auto, auto, const char *, auto...)->auto [with <auto-1>=cute::tuple<cute::_64, cute::_128, cute::_32>, <auto-2>=KernelTma, <auto-3>=<>]" at line 955 of /home/yanwa/workspace/cutlass/examples/120_hopper_fmha_sm120/88_hopper_fmha.cu
            instantiation of "void run_fwd_32(Fusion, const Options &, const cutlass::KernelHardwareInfo &) [with Fusion=cutlass::fmha::collective::CausalFusion]" at line 1163 of /home/yanwa/workspace/cutlass/examples/120_hopper_fmha_sm120/88_hopper_fmha.cu

/home/yanwa/workspace/cutlass/examples/120_hopper_fmha_sm120/kernel/../collective/fmha_collective_tma.hpp(188): error: expected a ")"
    static_assert(size(typename CollectiveMmaQK::TiledMma{}) == size(typename CollectiveMmaPV::TiledMma{}));
                                                                                             ^
          detected during:
            instantiation of class "cutlass::fmha::collective::FmhaMainloopTma<Element_, ElementAccumulator_, TileShape_, Fusion, Options...> [with Element_=cutlass::half_t, ElementAccumulator_=float, TileShape_=cute::tuple<cute::_64, cute::_128, cute::_32>, Fusion=cutlass::fmha::collective::CausalFusion, Options=<>]" at line 80 of /home/yanwa/workspace/cutlass/examples/120_hopper_fmha_sm120/kernel/fmha_kernel_builder.hpp
            instantiation of class "cutlass::fmha::kernel::FmhaBuilder<Element, ElementAccumulator, ElementAccumulator, TileShape, cute::tuple<int, cute::_1, cute::tuple<int32_t, int32_t>>, cute::tuple<int, cute::_1, cute::tuple<int32_t, int32_t>>, cute::tuple<int, cute::_1, cute::tuple<int32_t, int32_t>>, Fusion, cutlass::gemm::KernelTma, Options...> [with Element=cutlass::half_t, ElementAccumulator=float, TileShape=cute::tuple<cute::_64, cute::_128, cute::_32>, Fusion=cutlass::fmha::collective::CausalFusion, Options=<>]" at line 268 of /home/yanwa/workspace/cutlass/examples/120_hopper_fmha_sm120/88_hopper_fmha.cu
            instantiation of class "FwdRunner<TileShape, DispatchPolicy, ActiveFusion, KernelOptions...> [with TileShape=cute::tuple<cute::_64, cute::_128, cute::_32>, DispatchPolicy=KernelTma, ActiveFusion=cutlass::fmha::collective::CausalFusion, KernelOptions=<>]" at line 948 of /home/yanwa/workspace/cutlass/examples/120_hopper_fmha_sm120/88_hopper_fmha.cu
            instantiation of function "lambda [](auto, auto, const char *, auto...)->auto [with <auto-1>=cute::tuple<cute::_64, cute::_128, cute::_32>, <auto-2>=KernelTma, <auto-3>=<>]" at line 955 of /home/yanwa/workspace/cutlass/examples/120_hopper_fmha_sm120/88_hopper_fmha.cu
            instantiation of "void run_fwd_32(Fusion, const Options &, const cutlass::KernelHardwareInfo &) [with Fusion=cutlass::fmha::collective::CausalFusion]" at line 1163 of /home/yanwa/workspace/cutlass/examples/120_hopper_fmha_sm120/88_hopper_fmha.cu

/home/yanwa/workspace/cutlass/examples/120_hopper_fmha_sm120/88_hopper_fmha.cu(392): error: name followed by "::" must be a class or namespace name
      using Sm1xxBlkScaledConfig = typename Operation::GemmKernel::CollectiveMainloop::Sm1xxBlkScaledConfig;
                                                       ^
          detected during:
            instantiation of "void FwdRunner<TileShape, DispatchPolicy, ActiveFusion, KernelOptions...>::initialize(const FwdRunner<TileShape, DispatchPolicy, ActiveFusion, KernelOptions...>::ProblemShapeType &) [with TileShape=cute::tuple<cute::_64, cute::_128, cute::_32>, DispatchPolicy=KernelTma, ActiveFusion=cutlass::fmha::collective::CausalFusion, KernelOptions=<>]" at line 414
            instantiation of "ExampleResult FwdRunner<TileShape, DispatchPolicy, ActiveFusion, KernelOptions...>::run(const Options &, const cutlass::KernelHardwareInfo &) [with TileShape=cute::tuple<cute::_64, cute::_128, cute::_32>, DispatchPolicy=KernelTma, ActiveFusion=cutlass::fmha::collective::CausalFusion, KernelOptions=<>]" at line 955
            instantiation of "void run_fwd_32(Fusion, const Options &, const cutlass::KernelHardwareInfo &) [with Fusion=cutlass::fmha::collective::CausalFusion]" at line 1163

/home/yanwa/workspace/cutlass/examples/120_hopper_fmha_sm120/88_hopper_fmha.cu(393): error: name followed by "::" must be a class or namespace name
      auto layout_SFQ = Sm1xxBlkScaledConfig::tile_atom_to_shape_SFA(cute::make_shape(Q, K, D, 1));
                        ^
          detected during:
            instantiation of "void FwdRunner<TileShape, DispatchPolicy, ActiveFusion, KernelOptions...>::initialize(const FwdRunner<TileShape, DispatchPolicy, ActiveFusion, KernelOptions...>::ProblemShapeType &) [with TileShape=cute::tuple<cute::_64, cute::_128, cute::_32>, DispatchPolicy=KernelTma, ActiveFusion=cutlass::fmha::collective::CausalFusion, KernelOptions=<>]" at line 414
            instantiation of "ExampleResult FwdRunner<TileShape, DispatchPolicy, ActiveFusion, KernelOptions...>::run(const Options &, const cutlass::KernelHardwareInfo &) [with TileShape=cute::tuple<cute::_64, cute::_128, cute::_32>, DispatchPolicy=KernelTma, ActiveFusion=cutlass::fmha::collective::CausalFusion, KernelOptions=<>]" at line 955
            instantiation of "void run_fwd_32(Fusion, const Options &, const cutlass::KernelHardwareInfo &) [with Fusion=cutlass::fmha::collective::CausalFusion]" at line 1163

/home/yanwa/workspace/cutlass/examples/120_hopper_fmha_sm120/88_hopper_fmha.cu(394): error: name followed by "::" must be a class or namespace name
      auto layout_SFK = Sm1xxBlkScaledConfig::tile_atom_to_shape_SFB(cute::make_shape(Q, K, D, 1));
                        ^
          detected during:
            instantiation of "void FwdRunner<TileShape, DispatchPolicy, ActiveFusion, KernelOptions...>::initialize(const FwdRunner<TileShape, DispatchPolicy, ActiveFusion, KernelOptions...>::ProblemShapeType &) [with TileShape=cute::tuple<cute::_64, cute::_128, cute::_32>, DispatchPolicy=KernelTma, ActiveFusion=cutlass::fmha::collective::CausalFusion, KernelOptions=<>]" at line 414
            instantiation of "ExampleResult FwdRunner<TileShape, DispatchPolicy, ActiveFusion, KernelOptions...>::run(const Options &, const cutlass::KernelHardwareInfo &) [with TileShape=cute::tuple<cute::_64, cute::_128, cute::_32>, DispatchPolicy=KernelTma, ActiveFusion=cutlass::fmha::collective::CausalFusion, KernelOptions=<>]" at line 955
            instantiation of "void run_fwd_32(Fusion, const Options &, const cutlass::KernelHardwareInfo &) [with Fusion=cutlass::fmha::collective::CausalFusion]" at line 1163

/home/yanwa/workspace/cutlass/examples/120_hopper_fmha_sm120/88_hopper_fmha.cu(395): error: name followed by "::" must be a class or namespace name
      auto layout_SFV = Sm1xxBlkScaledConfig::tile_atom_to_shape_SFB(cute::make_shape(Q, K, D, 1));
                        ^
          detected during:
            instantiation of "void FwdRunner<TileShape, DispatchPolicy, ActiveFusion, KernelOptions...>::initialize(const FwdRunner<TileShape, DispatchPolicy, ActiveFusion, KernelOptions...>::ProblemShapeType &) [with TileShape=cute::tuple<cute::_64, cute::_128, cute::_32>, DispatchPolicy=KernelTma, ActiveFusion=cutlass::fmha::collective::CausalFusion, KernelOptions=<>]" at line 414
            instantiation of "ExampleResult FwdRunner<TileShape, DispatchPolicy, ActiveFusion, KernelOptions...>::run(const Options &, const cutlass::KernelHardwareInfo &) [with TileShape=cute::tuple<cute::_64, cute::_128, cute::_32>, DispatchPolicy=KernelTma, ActiveFusion=cutlass::fmha::collective::CausalFusion, KernelOptions=<>]" at line 955
            instantiation of "void run_fwd_32(Fusion, const Options &, const cutlass::KernelHardwareInfo &) [with Fusion=cutlass::fmha::collective::CausalFusion]" at line 1163

/home/yanwa/workspace/cutlass/include/cute/layout.hpp(670): error: no instance of function template "std::declval" matches the argument list
  using cosize_t = decltype(cosize(declval<Layout>()));
                                   ^
/usr/include/c++/13/type_traits(2386): note #3323-D: substituting explicit template arguments "<<error-type>>" for function template "std::declval" failed
      auto declval() noexcept -> decltype(__declval<_Tp>(0))
           ^
          detected during:
            instantiation of type "cute::cosize_t<<error-type>>" at line 673
            instantiation of "const auto cute::cosize_v [with Layout=<error-type>]" at line 126 of /home/yanwa/workspace/cutlass/examples/120_hopper_fmha_sm120/kernel/../collective/fmha_collective_tma.hpp
            instantiation of class "cutlass::fmha::collective::FmhaMainloopTma<Element_, ElementAccumulator_, TileShape_, Fusion, Options...>::SharedStorage [with Element_=cutlass::half_t, ElementAccumulator_=float, TileShape_=cute::tuple<cute::_64, cute::_128, cute::_32>, Fusion=cutlass::fmha::collective::CausalFusion, Options=<>]" at line 72 of /home/yanwa/workspace/cutlass/examples/120_hopper_fmha_sm120/kernel/../kernel/fmha_kernel_tma.hpp
            instantiation of class "cutlass::fmha::kernel::FmhaKernelTma<CollectiveMainloop, CollectiveEpilogue, Options...>::SharedStorage [with CollectiveMainloop=cutlass::fmha::collective::FmhaMainloopTma<cutlass::half_t, float, cute::tuple<cute::_64, cute::_128, cute::_32>, cutlass::fmha::collective::CausalFusion>, CollectiveEpilogue=cutlass::fmha::collective::FmhaFwdEpilogue<cutlass::half_t, float, cute::tuple<cute::_64, cute::_32, cute::_128>>, Options=<>]" at line 85 of /home/yanwa/workspace/cutlass/examples/120_hopper_fmha_sm120/kernel/../kernel/fmha_kernel_tma.hpp
            instantiation of class "cutlass::fmha::kernel::FmhaKernelTma<CollectiveMainloop, CollectiveEpilogue, Options...> [with CollectiveMainloop=cutlass::fmha::collective::FmhaMainloopTma<cutlass::half_t, float, cute::tuple<cute::_64, cute::_128, cute::_32>, cutlass::fmha::collective::CausalFusion>, CollectiveEpilogue=cutlass::fmha::collective::FmhaFwdEpilogue<cutlass::half_t, float, cute::tuple<cute::_64, cute::_32, cute::_128>>, Options=<>]" at line 433 of /home/yanwa/workspace/cutlass/examples/120_hopper_fmha_sm120/88_hopper_fmha.cu
            instantiation of "ExampleResult FwdRunner<TileShape, DispatchPolicy, ActiveFusion, KernelOptions...>::run(const Options &, const cutlass::KernelHardwareInfo &) [with TileShape=cute::tuple<cute::_64, cute::_128, cute::_32>, DispatchPolicy=KernelTma, ActiveFusion=cutlass::fmha::collective::CausalFusion, KernelOptions=<>]" at line 955 of /home/yanwa/workspace/cutlass/examples/120_hopper_fmha_sm120/88_hopper_fmha.cu
            instantiation of "void run_fwd_32(Fusion, const Options &, const cutlass::KernelHardwareInfo &) [with Fusion=cutlass::fmha::collective::CausalFusion]" at line 1163 of /home/yanwa/workspace/cutlass/examples/120_hopper_fmha_sm120/88_hopper_fmha.cu

/home/yanwa/workspace/cutlass/include/cute/layout.hpp(670): error: no instance of overloaded function "cute::cosize" matches the argument list
            argument types are: (<error-type>)
  using cosize_t = decltype(cosize(declval<Layout>()));
                            ^
/home/yanwa/workspace/cutlass/include/cute/layout.hpp(664): note #3327-D: candidate function template "cute::cosize<Is...,Shape,Stride>(const cute::Layout<Shape, Stride> &)" failed deduction
  cosize(Layout<Shape,Stride> const& layout)
  ^
          detected during:
            instantiation of type "cute::cosize_t<<error-type>>" at line 673
            instantiation of "const auto cute::cosize_v [with Layout=<error-type>]" at line 126 of /home/yanwa/workspace/cutlass/examples/120_hopper_fmha_sm120/kernel/../collective/fmha_collective_tma.hpp
            instantiation of class "cutlass::fmha::collective::FmhaMainloopTma<Element_, ElementAccumulator_, TileShape_, Fusion, Options...>::SharedStorage [with Element_=cutlass::half_t, ElementAccumulator_=float, TileShape_=cute::tuple<cute::_64, cute::_128, cute::_32>, Fusion=cutlass::fmha::collective::CausalFusion, Options=<>]" at line 72 of /home/yanwa/workspace/cutlass/examples/120_hopper_fmha_sm120/kernel/../kernel/fmha_kernel_tma.hpp
            instantiation of class "cutlass::fmha::kernel::FmhaKernelTma<CollectiveMainloop, CollectiveEpilogue, Options...>::SharedStorage [with CollectiveMainloop=cutlass::fmha::collective::FmhaMainloopTma<cutlass::half_t, float, cute::tuple<cute::_64, cute::_128, cute::_32>, cutlass::fmha::collective::CausalFusion>, CollectiveEpilogue=cutlass::fmha::collective::FmhaFwdEpilogue<cutlass::half_t, float, cute::tuple<cute::_64, cute::_32, cute::_128>>, Options=<>]" at line 85 of /home/yanwa/workspace/cutlass/examples/120_hopper_fmha_sm120/kernel/../kernel/fmha_kernel_tma.hpp
            instantiation of class "cutlass::fmha::kernel::FmhaKernelTma<CollectiveMainloop, CollectiveEpilogue, Options...> [with CollectiveMainloop=cutlass::fmha::collective::FmhaMainloopTma<cutlass::half_t, float, cute::tuple<cute::_64, cute::_128, cute::_32>, cutlass::fmha::collective::CausalFusion>, CollectiveEpilogue=cutlass::fmha::collective::FmhaFwdEpilogue<cutlass::half_t, float, cute::tuple<cute::_64, cute::_32, cute::_128>>, Options=<>]" at line 433 of /home/yanwa/workspace/cutlass/examples/120_hopper_fmha_sm120/88_hopper_fmha.cu
            instantiation of "ExampleResult FwdRunner<TileShape, DispatchPolicy, ActiveFusion, KernelOptions...>::run(const Options &, const cutlass::KernelHardwareInfo &) [with TileShape=cute::tuple<cute::_64, cute::_128, cute::_32>, DispatchPolicy=KernelTma, ActiveFusion=cutlass::fmha::collective::CausalFusion, KernelOptions=<>]" at line 955 of /home/yanwa/workspace/cutlass/examples/120_hopper_fmha_sm120/88_hopper_fmha.cu
            instantiation of "void run_fwd_32(Fusion, const Options &, const cutlass::KernelHardwareInfo &) [with Fusion=cutlass::fmha::collective::CausalFusion]" at line 1163 of /home/yanwa/workspace/cutlass/examples/120_hopper_fmha_sm120/88_hopper_fmha.cu

/home/yanwa/workspace/cutlass/include/cute/layout.hpp(673): error: name followed by "::" must be a class or namespace name
  static constexpr auto cosize_v = cosize_t<Layout>::value;
                                   ^
          detected during:
            instantiation of "const auto cute::cosize_v [with Layout=<error-type>]" at line 126 of /home/yanwa/workspace/cutlass/examples/120_hopper_fmha_sm120/kernel/../collective/fmha_collective_tma.hpp
            instantiation of class "cutlass::fmha::collective::FmhaMainloopTma<Element_, ElementAccumulator_, TileShape_, Fusion, Options...>::SharedStorage [with Element_=cutlass::half_t, ElementAccumulator_=float, TileShape_=cute::tuple<cute::_64, cute::_128, cute::_32>, Fusion=cutlass::fmha::collective::CausalFusion, Options=<>]" at line 72 of /home/yanwa/workspace/cutlass/examples/120_hopper_fmha_sm120/kernel/../kernel/fmha_kernel_tma.hpp
            instantiation of class "cutlass::fmha::kernel::FmhaKernelTma<CollectiveMainloop, CollectiveEpilogue, Options...>::SharedStorage [with CollectiveMainloop=cutlass::fmha::collective::FmhaMainloopTma<cutlass::half_t, float, cute::tuple<cute::_64, cute::_128, cute::_32>, cutlass::fmha::collective::CausalFusion>, CollectiveEpilogue=cutlass::fmha::collective::FmhaFwdEpilogue<cutlass::half_t, float, cute::tuple<cute::_64, cute::_32, cute::_128>>, Options=<>]" at line 85 of /home/yanwa/workspace/cutlass/examples/120_hopper_fmha_sm120/kernel/../kernel/fmha_kernel_tma.hpp
            instantiation of class "cutlass::fmha::kernel::FmhaKernelTma<CollectiveMainloop, CollectiveEpilogue, Options...> [with CollectiveMainloop=cutlass::fmha::collective::FmhaMainloopTma<cutlass::half_t, float, cute::tuple<cute::_64, cute::_128, cute::_32>, cutlass::fmha::collective::CausalFusion>, CollectiveEpilogue=cutlass::fmha::collective::FmhaFwdEpilogue<cutlass::half_t, float, cute::tuple<cute::_64, cute::_32, cute::_128>>, Options=<>]" at line 433 of /home/yanwa/workspace/cutlass/examples/120_hopper_fmha_sm120/88_hopper_fmha.cu
            instantiation of "ExampleResult FwdRunner<TileShape, DispatchPolicy, ActiveFusion, KernelOptions...>::run(const Options &, const cutlass::KernelHardwareInfo &) [with TileShape=cute::tuple<cute::_64, cute::_128, cute::_32>, DispatchPolicy=KernelTma, ActiveFusion=cutlass::fmha::collective::CausalFusion, KernelOptions=<>]" at line 955 of /home/yanwa/workspace/cutlass/examples/120_hopper_fmha_sm120/88_hopper_fmha.cu
            instantiation of "void run_fwd_32(Fusion, const Options &, const cutlass::KernelHardwareInfo &) [with Fusion=cutlass::fmha::collective::CausalFusion]" at line 1163 of /home/yanwa/workspace/cutlass/examples/120_hopper_fmha_sm120/88_hopper_fmha.cu

/home/yanwa/workspace/cutlass/examples/120_hopper_fmha_sm120/kernel/../collective/fmha_collective_tma.hpp(205): error: name followed by "::" must be a class or namespace name
      auto params_qk = CollectiveMmaQK::to_underlying_arguments(problem_shape_qk,
                       ^
          detected during:
            instantiation of "cutlass::fmha::collective::FmhaMainloopTma<Element_, ElementAccumulator_, TileShape_, Fusion, Options...>::Params cutlass::fmha::collective::FmhaMainloopTma<Element_, ElementAccumulator_, TileShape_, Fusion, Options...>::to_underlying_arguments(const ProblemShape &, const cutlass::fmha::collective::FmhaMainloopTma<Element_, ElementAccumulator_, TileShape_, Fusion, Options...>::Arguments &, void *) [with Element_=cutlass::half_t, ElementAccumulator_=float, TileShape_=cute::tuple<cute::_64, cute::_128, cute::_32>, Fusion=cutlass::fmha::collective::CausalFusion, Options=<>, ProblemShape=cute::tuple<int, int, int, int, int>]" at line 133 of /home/yanwa/workspace/cutlass/examples/120_hopper_fmha_sm120/kernel/../kernel/fmha_kernel_tma.hpp
            instantiation of "cutlass::fmha::kernel::FmhaKernelTma<CollectiveMainloop, CollectiveEpilogue, Options...>::Params cutlass::fmha::kernel::FmhaKernelTma<CollectiveMainloop, CollectiveEpilogue, Options...>::to_underlying_arguments(const cutlass::fmha::kernel::FmhaKernelTma<CollectiveMainloop, CollectiveEpilogue, Options...>::Arguments &, void *) [with CollectiveMainloop=cutlass::fmha::collective::FmhaMainloopTma<cutlass::half_t, float, cute::tuple<cute::_64, cute::_128, cute::_32>, cutlass::fmha::collective::CausalFusion>, CollectiveEpilogue=cutlass::fmha::collective::FmhaFwdEpilogue<cutlass::half_t, float, cute::tuple<cute::_64, cute::_32, cute::_128>>, Options=<>]" at line 166 of /home/yanwa/workspace/cutlass/examples/120_hopper_fmha_sm120/device/../device/device_universal.hpp
            instantiation of "cutlass::Status cutlass::device::Universal<Kernel_>::initialize(const cutlass::device::Universal<Kernel_>::Arguments &, void *, cudaStream_t) [with Kernel_=cutlass::fmha::kernel::FmhaKernelTma<cutlass::fmha::collective::FmhaMainloopTma<cutlass::half_t, float, cute::tuple<cute::_64, cute::_128, cute::_32>, cutlass::fmha::collective::CausalFusion>, cutlass::fmha::collective::FmhaFwdEpilogue<cutlass::half_t, float, cute::tuple<cute::_64, cute::_32, cute::_128>>>]" at line 445 of /home/yanwa/workspace/cutlass/examples/120_hopper_fmha_sm120/88_hopper_fmha.cu
            instantiation of "ExampleResult FwdRunner<TileShape, DispatchPolicy, ActiveFusion, KernelOptions...>::run(const Options &, const cutlass::KernelHardwareInfo &) [with TileShape=cute::tuple<cute::_64, cute::_128, cute::_32>, DispatchPolicy=KernelTma, ActiveFusion=cutlass::fmha::collective::CausalFusion, KernelOptions=<>]" at line 955 of /home/yanwa/workspace/cutlass/examples/120_hopper_fmha_sm120/88_hopper_fmha.cu
            instantiation of "void run_fwd_32(Fusion, const Options &, const cutlass::KernelHardwareInfo &) [with Fusion=cutlass::fmha::collective::CausalFusion]" at line 1163 of /home/yanwa/workspace/cutlass/examples/120_hopper_fmha_sm120/88_hopper_fmha.cu

/home/yanwa/workspace/cutlass/examples/120_hopper_fmha_sm120/kernel/../collective/fmha_collective_tma.hpp(206): error: a class or namespace qualified name is required
          typename CollectiveMmaQK::Arguments {
                   ^
          detected during:
            instantiation of "cutlass::fmha::collective::FmhaMainloopTma<Element_, ElementAccumulator_, TileShape_, Fusion, Options...>::Params cutlass::fmha::collective::FmhaMainloopTma<Element_, ElementAccumulator_, TileShape_, Fusion, Options...>::to_underlying_arguments(const ProblemShape &, const cutlass::fmha::collective::FmhaMainloopTma<Element_, ElementAccumulator_, TileShape_, Fusion, Options...>::Arguments &, void *) [with Element_=cutlass::half_t, ElementAccumulator_=float, TileShape_=cute::tuple<cute::_64, cute::_128, cute::_32>, Fusion=cutlass::fmha::collective::CausalFusion, Options=<>, ProblemShape=cute::tuple<int, int, int, int, int>]" at line 133 of /home/yanwa/workspace/cutlass/examples/120_hopper_fmha_sm120/kernel/../kernel/fmha_kernel_tma.hpp
            instantiation of "cutlass::fmha::kernel::FmhaKernelTma<CollectiveMainloop, CollectiveEpilogue, Options...>::Params cutlass::fmha::kernel::FmhaKernelTma<CollectiveMainloop, CollectiveEpilogue, Options...>::to_underlying_arguments(const cutlass::fmha::kernel::FmhaKernelTma<CollectiveMainloop, CollectiveEpilogue, Options...>::Arguments &, void *) [with CollectiveMainloop=cutlass::fmha::collective::FmhaMainloopTma<cutlass::half_t, float, cute::tuple<cute::_64, cute::_128, cute::_32>, cutlass::fmha::collective::CausalFusion>, CollectiveEpilogue=cutlass::fmha::collective::FmhaFwdEpilogue<cutlass::half_t, float, cute::tuple<cute::_64, cute::_32, cute::_128>>, Options=<>]" at line 166 of /home/yanwa/workspace/cutlass/examples/120_hopper_fmha_sm120/device/../device/device_universal.hpp
            instantiation of "cutlass::Status cutlass::device::Universal<Kernel_>::initialize(const cutlass::device::Universal<Kernel_>::Arguments &, void *, cudaStream_t) [with Kernel_=cutlass::fmha::kernel::FmhaKernelTma<cutlass::fmha::collective::FmhaMainloopTma<cutlass::half_t, float, cute::tuple<cute::_64, cute::_128, cute::_32>, cutlass::fmha::collective::CausalFusion>, cutlass::fmha::collective::FmhaFwdEpilogue<cutlass::half_t, float, cute::tuple<cute::_64, cute::_32, cute::_128>>>]" at line 445 of /home/yanwa/workspace/cutlass/examples/120_hopper_fmha_sm120/88_hopper_fmha.cu
            instantiation of "ExampleResult FwdRunner<TileShape, DispatchPolicy, ActiveFusion, KernelOptions...>::run(const Options &, const cutlass::KernelHardwareInfo &) [with TileShape=cute::tuple<cute::_64, cute::_128, cute::_32>, DispatchPolicy=KernelTma, ActiveFusion=cutlass::fmha::collective::CausalFusion, KernelOptions=<>]" at line 955 of /home/yanwa/workspace/cutlass/examples/120_hopper_fmha_sm120/88_hopper_fmha.cu
            instantiation of "void run_fwd_32(Fusion, const Options &, const cutlass::KernelHardwareInfo &) [with Fusion=cutlass::fmha::collective::CausalFusion]" at line 1163 of /home/yanwa/workspace/cutlass/examples/120_hopper_fmha_sm120/88_hopper_fmha.cu

/home/yanwa/workspace/cutlass/examples/120_hopper_fmha_sm120/kernel/../collective/fmha_collective_tma.hpp(206): error: type name is not allowed
          typename CollectiveMmaQK::Arguments {
          ^
          detected during:
            instantiation of "cutlass::fmha::collective::FmhaMainloopTma<Element_, ElementAccumulator_, TileShape_, Fusion, Options...>::Params cutlass::fmha::collective::FmhaMainloopTma<Element_, ElementAccumulator_, TileShape_, Fusion, Options...>::to_underlying_arguments(const ProblemShape &, const cutlass::fmha::collective::FmhaMainloopTma<Element_, ElementAccumulator_, TileShape_, Fusion, Options...>::Arguments &, void *) [with Element_=cutlass::half_t, ElementAccumulator_=float, TileShape_=cute::tuple<cute::_64, cute::_128, cute::_32>, Fusion=cutlass::fmha::collective::CausalFusion, Options=<>, ProblemShape=cute::tuple<int, int, int, int, int>]" at line 133 of /home/yanwa/workspace/cutlass/examples/120_hopper_fmha_sm120/kernel/../kernel/fmha_kernel_tma.hpp
            instantiation of "cutlass::fmha::kernel::FmhaKernelTma<CollectiveMainloop, CollectiveEpilogue, Options...>::Params cutlass::fmha::kernel::FmhaKernelTma<CollectiveMainloop, CollectiveEpilogue, Options...>::to_underlying_arguments(const cutlass::fmha::kernel::FmhaKernelTma<CollectiveMainloop, CollectiveEpilogue, Options...>::Arguments &, void *) [with CollectiveMainloop=cutlass::fmha::collective::FmhaMainloopTma<cutlass::half_t, float, cute::tuple<cute::_64, cute::_128, cute::_32>, cutlass::fmha::collective::CausalFusion>, CollectiveEpilogue=cutlass::fmha::collective::FmhaFwdEpilogue<cutlass::half_t, float, cute::tuple<cute::_64, cute::_32, cute::_128>>, Options=<>]" at line 166 of /home/yanwa/workspace/cutlass/examples/120_hopper_fmha_sm120/device/../device/device_universal.hpp
            instantiation of "cutlass::Status cutlass::device::Universal<Kernel_>::initialize(const cutlass::device::Universal<Kernel_>::Arguments &, void *, cudaStream_t) [with Kernel_=cutlass::fmha::kernel::FmhaKernelTma<cutlass::fmha::collective::FmhaMainloopTma<cutlass::half_t, float, cute::tuple<cute::_64, cute::_128, cute::_32>, cutlass::fmha::collective::CausalFusion>, cutlass::fmha::collective::FmhaFwdEpilogue<cutlass::half_t, float, cute::tuple<cute::_64, cute::_32, cute::_128>>>]" at line 445 of /home/yanwa/workspace/cutlass/examples/120_hopper_fmha_sm120/88_hopper_fmha.cu
            instantiation of "ExampleResult FwdRunner<TileShape, DispatchPolicy, ActiveFusion, KernelOptions...>::run(const Options &, const cutlass::KernelHardwareInfo &) [with TileShape=cute::tuple<cute::_64, cute::_128, cute::_32>, DispatchPolicy=KernelTma, ActiveFusion=cutlass::fmha::collective::CausalFusion, KernelOptions=<>]" at line 955 of /home/yanwa/workspace/cutlass/examples/120_hopper_fmha_sm120/88_hopper_fmha.cu
            instantiation of "void run_fwd_32(Fusion, const Options &, const cutlass::KernelHardwareInfo &) [with Fusion=cutlass::fmha::collective::CausalFusion]" at line 1163 of /home/yanwa/workspace/cutlass/examples/120_hopper_fmha_sm120/88_hopper_fmha.cu

/home/yanwa/workspace/cutlass/examples/120_hopper_fmha_sm120/kernel/../collective/fmha_collective_tma.hpp(206): error: expected a ")"
          typename CollectiveMmaQK::Arguments {
                                  ^
          detected during:
            instantiation of "cutlass::fmha::collective::FmhaMainloopTma<Element_, ElementAccumulator_, TileShape_, Fusion, Options...>::Params cutlass::fmha::collective::FmhaMainloopTma<Element_, ElementAccumulator_, TileShape_, Fusion, Options...>::to_underlying_arguments(const ProblemShape &, const cutlass::fmha::collective::FmhaMainloopTma<Element_, ElementAccumulator_, TileShape_, Fusion, Options...>::Arguments &, void *) [with Element_=cutlass::half_t, ElementAccumulator_=float, TileShape_=cute::tuple<cute::_64, cute::_128, cute::_32>, Fusion=cutlass::fmha::collective::CausalFusion, Options=<>, ProblemShape=cute::tuple<int, int, int, int, int>]" at line 133 of /home/yanwa/workspace/cutlass/examples/120_hopper_fmha_sm120/kernel/../kernel/fmha_kernel_tma.hpp
            instantiation of "cutlass::fmha::kernel::FmhaKernelTma<CollectiveMainloop, CollectiveEpilogue, Options...>::Params cutlass::fmha::kernel::FmhaKernelTma<CollectiveMainloop, CollectiveEpilogue, Options...>::to_underlying_arguments(const cutlass::fmha::kernel::FmhaKernelTma<CollectiveMainloop, CollectiveEpilogue, Options...>::Arguments &, void *) [with CollectiveMainloop=cutlass::fmha::collective::FmhaMainloopTma<cutlass::half_t, float, cute::tuple<cute::_64, cute::_128, cute::_32>, cutlass::fmha::collective::CausalFusion>, CollectiveEpilogue=cutlass::fmha::collective::FmhaFwdEpilogue<cutlass::half_t, float, cute::tuple<cute::_64, cute::_32, cute::_128>>, Options=<>]" at line 166 of /home/yanwa/workspace/cutlass/examples/120_hopper_fmha_sm120/device/../device/device_universal.hpp
            instantiation of "cutlass::Status cutlass::device::Universal<Kernel_>::initialize(const cutlass::device::Universal<Kernel_>::Arguments &, void *, cudaStream_t) [with Kernel_=cutlass::fmha::kernel::FmhaKernelTma<cutlass::fmha::collective::FmhaMainloopTma<cutlass::half_t, float, cute::tuple<cute::_64, cute::_128, cute::_32>, cutlass::fmha::collective::CausalFusion>, cutlass::fmha::collective::FmhaFwdEpilogue<cutlass::half_t, float, cute::tuple<cute::_64, cute::_32, cute::_128>>>]" at line 445 of /home/yanwa/workspace/cutlass/examples/120_hopper_fmha_sm120/88_hopper_fmha.cu
            instantiation of "ExampleResult FwdRunner<TileShape, DispatchPolicy, ActiveFusion, KernelOptions...>::run(const Options &, const cutlass::KernelHardwareInfo &) [with TileShape=cute::tuple<cute::_64, cute::_128, cute::_32>, DispatchPolicy=KernelTma, ActiveFusion=cutlass::fmha::collective::CausalFusion, KernelOptions=<>]" at line 955 of /home/yanwa/workspace/cutlass/examples/120_hopper_fmha_sm120/88_hopper_fmha.cu
            instantiation of "void run_fwd_32(Fusion, const Options &, const cutlass::KernelHardwareInfo &) [with Fusion=cutlass::fmha::collective::CausalFusion]" at line 1163 of /home/yanwa/workspace/cutlass/examples/120_hopper_fmha_sm120/88_hopper_fmha.cu

/home/yanwa/workspace/cutlass/examples/120_hopper_fmha_sm120/kernel/../collective/fmha_collective_tma.hpp(211): warning #12-D: parsing restarts here after previous syntax error
          }, nullptr);
           ^
          detected during:
            instantiation of "cutlass::fmha::collective::FmhaMainloopTma<Element_, ElementAccumulator_, TileShape_, Fusion, Options...>::Params cutlass::fmha::collective::FmhaMainloopTma<Element_, ElementAccumulator_, TileShape_, Fusion, Options...>::to_underlying_arguments(const ProblemShape &, const cutlass::fmha::collective::FmhaMainloopTma<Element_, ElementAccumulator_, TileShape_, Fusion, Options...>::Arguments &, void *) [with Element_=cutlass::half_t, ElementAccumulator_=float, TileShape_=cute::tuple<cute::_64, cute::_128, cute::_32>, Fusion=cutlass::fmha::collective::CausalFusion, Options=<>, ProblemShape=cute::tuple<int, int, int, int, int>]" at line 133 of /home/yanwa/workspace/cutlass/examples/120_hopper_fmha_sm120/kernel/../kernel/fmha_kernel_tma.hpp
            instantiation of "cutlass::fmha::kernel::FmhaKernelTma<CollectiveMainloop, CollectiveEpilogue, Options...>::Params cutlass::fmha::kernel::FmhaKernelTma<CollectiveMainloop, CollectiveEpilogue, Options...>::to_underlying_arguments(const cutlass::fmha::kernel::FmhaKernelTma<CollectiveMainloop, CollectiveEpilogue, Options...>::Arguments &, void *) [with CollectiveMainloop=cutlass::fmha::collective::FmhaMainloopTma<cutlass::half_t, float, cute::tuple<cute::_64, cute::_128, cute::_32>, cutlass::fmha::collective::CausalFusion>, CollectiveEpilogue=cutlass::fmha::collective::FmhaFwdEpilogue<cutlass::half_t, float, cute::tuple<cute::_64, cute::_32, cute::_128>>, Options=<>]" at line 166 of /home/yanwa/workspace/cutlass/examples/120_hopper_fmha_sm120/device/../device/device_universal.hpp
            instantiation of "cutlass::Status cutlass::device::Universal<Kernel_>::initialize(const cutlass::device::Universal<Kernel_>::Arguments &, void *, cudaStream_t) [with Kernel_=cutlass::fmha::kernel::FmhaKernelTma<cutlass::fmha::collective::FmhaMainloopTma<cutlass::half_t, float, cute::tuple<cute::_64, cute::_128, cute::_32>, cutlass::fmha::collective::CausalFusion>, cutlass::fmha::collective::FmhaFwdEpilogue<cutlass::half_t, float, cute::tuple<cute::_64, cute::_32, cute::_128>>>]" at line 445 of /home/yanwa/workspace/cutlass/examples/120_hopper_fmha_sm120/88_hopper_fmha.cu
            instantiation of "ExampleResult FwdRunner<TileShape, DispatchPolicy, ActiveFusion, KernelOptions...>::run(const Options &, const cutlass::KernelHardwareInfo &) [with TileShape=cute::tuple<cute::_64, cute::_128, cute::_32>, DispatchPolicy=KernelTma, ActiveFusion=cutlass::fmha::collective::CausalFusion, KernelOptions=<>]" at line 955 of /home/yanwa/workspace/cutlass/examples/120_hopper_fmha_sm120/88_hopper_fmha.cu
            instantiation of "void run_fwd_32(Fusion, const Options &, const cutlass::KernelHardwareInfo &) [with Fusion=cutlass::fmha::collective::CausalFusion]" at line 1163 of /home/yanwa/workspace/cutlass/examples/120_hopper_fmha_sm120/88_hopper_fmha.cu

Remark: The warnings can be suppressed with "-diag-suppress <warning-number>"

/home/yanwa/workspace/cutlass/examples/120_hopper_fmha_sm120/kernel/../collective/fmha_collective_tma.hpp(211): error: expected an identifier
          }, nullptr);
             ^
          detected during:
            instantiation of "cutlass::fmha::collective::FmhaMainloopTma<Element_, ElementAccumulator_, TileShape_, Fusion, Options...>::Params cutlass::fmha::collective::FmhaMainloopTma<Element_, ElementAccumulator_, TileShape_, Fusion, Options...>::to_underlying_arguments(const ProblemShape &, const cutlass::fmha::collective::FmhaMainloopTma<Element_, ElementAccumulator_, TileShape_, Fusion, Options...>::Arguments &, void *) [with Element_=cutlass::half_t, ElementAccumulator_=float, TileShape_=cute::tuple<cute::_64, cute::_128, cute::_32>, Fusion=cutlass::fmha::collective::CausalFusion, Options=<>, ProblemShape=cute::tuple<int, int, int, int, int>]" at line 133 of /home/yanwa/workspace/cutlass/examples/120_hopper_fmha_sm120/kernel/../kernel/fmha_kernel_tma.hpp
            instantiation of "cutlass::fmha::kernel::FmhaKernelTma<CollectiveMainloop, CollectiveEpilogue, Options...>::Params cutlass::fmha::kernel::FmhaKernelTma<CollectiveMainloop, CollectiveEpilogue, Options...>::to_underlying_arguments(const cutlass::fmha::kernel::FmhaKernelTma<CollectiveMainloop, CollectiveEpilogue, Options...>::Arguments &, void *) [with CollectiveMainloop=cutlass::fmha::collective::FmhaMainloopTma<cutlass::half_t, float, cute::tuple<cute::_64, cute::_128, cute::_32>, cutlass::fmha::collective::CausalFusion>, CollectiveEpilogue=cutlass::fmha::collective::FmhaFwdEpilogue<cutlass::half_t, float, cute::tuple<cute::_64, cute::_32, cute::_128>>, Options=<>]" at line 166 of /home/yanwa/workspace/cutlass/examples/120_hopper_fmha_sm120/device/../device/device_universal.hpp
            instantiation of "cutlass::Status cutlass::device::Universal<Kernel_>::initialize(const cutlass::device::Universal<Kernel_>::Arguments &, void *, cudaStream_t) [with Kernel_=cutlass::fmha::kernel::FmhaKernelTma<cutlass::fmha::collective::FmhaMainloopTma<cutlass::half_t, float, cute::tuple<cute::_64, cute::_128, cute::_32>, cutlass::fmha::collective::CausalFusion>, cutlass::fmha::collective::FmhaFwdEpilogue<cutlass::half_t, float, cute::tuple<cute::_64, cute::_32, cute::_128>>>]" at line 445 of /home/yanwa/workspace/cutlass/examples/120_hopper_fmha_sm120/88_hopper_fmha.cu
            instantiation of "ExampleResult FwdRunner<TileShape, DispatchPolicy, ActiveFusion, KernelOptions...>::run(const Options &, const cutlass::KernelHardwareInfo &) [with TileShape=cute::tuple<cute::_64, cute::_128, cute::_32>, DispatchPolicy=KernelTma, ActiveFusion=cutlass::fmha::collective::CausalFusion, KernelOptions=<>]" at line 955 of /home/yanwa/workspace/cutlass/examples/120_hopper_fmha_sm120/88_hopper_fmha.cu
            instantiation of "void run_fwd_32(Fusion, const Options &, const cutlass::KernelHardwareInfo &) [with Fusion=cutlass::fmha::collective::CausalFusion]" at line 1163 of /home/yanwa/workspace/cutlass/examples/120_hopper_fmha_sm120/88_hopper_fmha.cu

/home/yanwa/workspace/cutlass/examples/120_hopper_fmha_sm120/kernel/../collective/fmha_collective_tma.hpp(205): error: cannot deduce "auto" type (initializer required)
      auto params_qk = CollectiveMmaQK::to_underlying_arguments(problem_shape_qk,
      ^
          detected during:
            instantiation of "cutlass::fmha::collective::FmhaMainloopTma<Element_, ElementAccumulator_, TileShape_, Fusion, Options...>::Params cutlass::fmha::collective::FmhaMainloopTma<Element_, ElementAccumulator_, TileShape_, Fusion, Options...>::to_underlying_arguments(const ProblemShape &, const cutlass::fmha::collective::FmhaMainloopTma<Element_, ElementAccumulator_, TileShape_, Fusion, Options...>::Arguments &, void *) [with Element_=cutlass::half_t, ElementAccumulator_=float, TileShape_=cute::tuple<cute::_64, cute::_128, cute::_32>, Fusion=cutlass::fmha::collective::CausalFusion, Options=<>, ProblemShape=cute::tuple<int, int, int, int, int>]" at line 133 of /home/yanwa/workspace/cutlass/examples/120_hopper_fmha_sm120/kernel/../kernel/fmha_kernel_tma.hpp
            instantiation of "cutlass::fmha::kernel::FmhaKernelTma<CollectiveMainloop, CollectiveEpilogue, Options...>::Params cutlass::fmha::kernel::FmhaKernelTma<CollectiveMainloop, CollectiveEpilogue, Options...>::to_underlying_arguments(const cutlass::fmha::kernel::FmhaKernelTma<CollectiveMainloop, CollectiveEpilogue, Options...>::Arguments &, void *) [with CollectiveMainloop=cutlass::fmha::collective::FmhaMainloopTma<cutlass::half_t, float, cute::tuple<cute::_64, cute::_128, cute::_32>, cutlass::fmha::collective::CausalFusion>, CollectiveEpilogue=cutlass::fmha::collective::FmhaFwdEpilogue<cutlass::half_t, float, cute::tuple<cute::_64, cute::_32, cute::_128>>, Options=<>]" at line 166 of /home/yanwa/workspace/cutlass/examples/120_hopper_fmha_sm120/device/../device/device_universal.hpp
            instantiation of "cutlass::Status cutlass::device::Universal<Kernel_>::initialize(const cutlass::device::Universal<Kernel_>::Arguments &, void *, cudaStream_t) [with Kernel_=cutlass::fmha::kernel::FmhaKernelTma<cutlass::fmha::collective::FmhaMainloopTma<cutlass::half_t, float, cute::tuple<cute::_64, cute::_128, cute::_32>, cutlass::fmha::collective::CausalFusion>, cutlass::fmha::collective::FmhaFwdEpilogue<cutlass::half_t, float, cute::tuple<cute::_64, cute::_32, cute::_128>>>]" at line 445 of /home/yanwa/workspace/cutlass/examples/120_hopper_fmha_sm120/88_hopper_fmha.cu
            instantiation of "ExampleResult FwdRunner<TileShape, DispatchPolicy, ActiveFusion, KernelOptions...>::run(const Options &, const cutlass::KernelHardwareInfo &) [with TileShape=cute::tuple<cute::_64, cute::_128, cute::_32>, DispatchPolicy=KernelTma, ActiveFusion=cutlass::fmha::collective::CausalFusion, KernelOptions=<>]" at line 955 of /home/yanwa/workspace/cutlass/examples/120_hopper_fmha_sm120/88_hopper_fmha.cu
            instantiation of "void run_fwd_32(Fusion, const Options &, const cutlass::KernelHardwareInfo &) [with Fusion=cutlass::fmha::collective::CausalFusion]" at line 1163 of /home/yanwa/workspace/cutlass/examples/120_hopper_fmha_sm120/88_hopper_fmha.cu

/home/yanwa/workspace/cutlass/examples/120_hopper_fmha_sm120/kernel/../collective/fmha_collective_tma.hpp(214): error: name followed by "::" must be a class or namespace name
      auto params_pv = CollectiveMmaPV::to_underlying_arguments(problem_shape_pv,
                       ^
          detected during:
            instantiation of "cutlass::fmha::collective::FmhaMainloopTma<Element_, ElementAccumulator_, TileShape_, Fusion, Options...>::Params cutlass::fmha::collective::FmhaMainloopTma<Element_, ElementAccumulator_, TileShape_, Fusion, Options...>::to_underlying_arguments(const ProblemShape &, const cutlass::fmha::collective::FmhaMainloopTma<Element_, ElementAccumulator_, TileShape_, Fusion, Options...>::Arguments &, void *) [with Element_=cutlass::half_t, ElementAccumulator_=float, TileShape_=cute::tuple<cute::_64, cute::_128, cute::_32>, Fusion=cutlass::fmha::collective::CausalFusion, Options=<>, ProblemShape=cute::tuple<int, int, int, int, int>]" at line 133 of /home/yanwa/workspace/cutlass/examples/120_hopper_fmha_sm120/kernel/../kernel/fmha_kernel_tma.hpp
            instantiation of "cutlass::fmha::kernel::FmhaKernelTma<CollectiveMainloop, CollectiveEpilogue, Options...>::Params cutlass::fmha::kernel::FmhaKernelTma<CollectiveMainloop, CollectiveEpilogue, Options...>::to_underlying_arguments(const cutlass::fmha::kernel::FmhaKernelTma<CollectiveMainloop, CollectiveEpilogue, Options...>::Arguments &, void *) [with CollectiveMainloop=cutlass::fmha::collective::FmhaMainloopTma<cutlass::half_t, float, cute::tuple<cute::_64, cute::_128, cute::_32>, cutlass::fmha::collective::CausalFusion>, CollectiveEpilogue=cutlass::fmha::collective::FmhaFwdEpilogue<cutlass::half_t, float, cute::tuple<cute::_64, cute::_32, cute::_128>>, Options=<>]" at line 166 of /home/yanwa/workspace/cutlass/examples/120_hopper_fmha_sm120/device/../device/device_universal.hpp
            instantiation of "cutlass::Status cutlass::device::Universal<Kernel_>::initialize(const cutlass::device::Universal<Kernel_>::Arguments &, void *, cudaStream_t) [with Kernel_=cutlass::fmha::kernel::FmhaKernelTma<cutlass::fmha::collective::FmhaMainloopTma<cutlass::half_t, float, cute::tuple<cute::_64, cute::_128, cute::_32>, cutlass::fmha::collective::CausalFusion>, cutlass::fmha::collective::FmhaFwdEpilogue<cutlass::half_t, float, cute::tuple<cute::_64, cute::_32, cute::_128>>>]" at line 445 of /home/yanwa/workspace/cutlass/examples/120_hopper_fmha_sm120/88_hopper_fmha.cu
            instantiation of "ExampleResult FwdRunner<TileShape, DispatchPolicy, ActiveFusion, KernelOptions...>::run(const Options &, const cutlass::KernelHardwareInfo &) [with TileShape=cute::tuple<cute::_64, cute::_128, cute::_32>, DispatchPolicy=KernelTma, ActiveFusion=cutlass::fmha::collective::CausalFusion, KernelOptions=<>]" at line 955 of /home/yanwa/workspace/cutlass/examples/120_hopper_fmha_sm120/88_hopper_fmha.cu
            instantiation of "void run_fwd_32(Fusion, const Options &, const cutlass::KernelHardwareInfo &) [with Fusion=cutlass::fmha::collective::CausalFusion]" at line 1163 of /home/yanwa/workspace/cutlass/examples/120_hopper_fmha_sm120/88_hopper_fmha.cu

/home/yanwa/workspace/cutlass/examples/120_hopper_fmha_sm120/kernel/../collective/fmha_collective_tma.hpp(215): error: a class or namespace qualified name is required
          typename CollectiveMmaPV::Arguments {
                   ^
          detected during:
            instantiation of "cutlass::fmha::collective::FmhaMainloopTma<Element_, ElementAccumulator_, TileShape_, Fusion, Options...>::Params cutlass::fmha::collective::FmhaMainloopTma<Element_, ElementAccumulator_, TileShape_, Fusion, Options...>::to_underlying_arguments(const ProblemShape &, const cutlass::fmha::collective::FmhaMainloopTma<Element_, ElementAccumulator_, TileShape_, Fusion, Options...>::Arguments &, void *) [with Element_=cutlass::half_t, ElementAccumulator_=float, TileShape_=cute::tuple<cute::_64, cute::_128, cute::_32>, Fusion=cutlass::fmha::collective::CausalFusion, Options=<>, ProblemShape=cute::tuple<int, int, int, int, int>]" at line 133 of /home/yanwa/workspace/cutlass/examples/120_hopper_fmha_sm120/kernel/../kernel/fmha_kernel_tma.hpp
            instantiation of "cutlass::fmha::kernel::FmhaKernelTma<CollectiveMainloop, CollectiveEpilogue, Options...>::Params cutlass::fmha::kernel::FmhaKernelTma<CollectiveMainloop, CollectiveEpilogue, Options...>::to_underlying_arguments(const cutlass::fmha::kernel::FmhaKernelTma<CollectiveMainloop, CollectiveEpilogue, Options...>::Arguments &, void *) [with CollectiveMainloop=cutlass::fmha::collective::FmhaMainloopTma<cutlass::half_t, float, cute::tuple<cute::_64, cute::_128, cute::_32>, cutlass::fmha::collective::CausalFusion>, CollectiveEpilogue=cutlass::fmha::collective::FmhaFwdEpilogue<cutlass::half_t, float, cute::tuple<cute::_64, cute::_32, cute::_128>>, Options=<>]" at line 166 of /home/yanwa/workspace/cutlass/examples/120_hopper_fmha_sm120/device/../device/device_universal.hpp
            instantiation of "cutlass::Status cutlass::device::Universal<Kernel_>::initialize(const cutlass::device::Universal<Kernel_>::Arguments &, void *, cudaStream_t) [with Kernel_=cutlass::fmha::kernel::FmhaKernelTma<cutlass::fmha::collective::FmhaMainloopTma<cutlass::half_t, float, cute::tuple<cute::_64, cute::_128, cute::_32>, cutlass::fmha::collective::CausalFusion>, cutlass::fmha::collective::FmhaFwdEpilogue<cutlass::half_t, float, cute::tuple<cute::_64, cute::_32, cute::_128>>>]" at line 445 of /home/yanwa/workspace/cutlass/examples/120_hopper_fmha_sm120/88_hopper_fmha.cu
            instantiation of "ExampleResult FwdRunner<TileShape, DispatchPolicy, ActiveFusion, KernelOptions...>::run(const Options &, const cutlass::KernelHardwareInfo &) [with TileShape=cute::tuple<cute::_64, cute::_128, cute::_32>, DispatchPolicy=KernelTma, ActiveFusion=cutlass::fmha::collective::CausalFusion, KernelOptions=<>]" at line 955 of /home/yanwa/workspace/cutlass/examples/120_hopper_fmha_sm120/88_hopper_fmha.cu
            instantiation of "void run_fwd_32(Fusion, const Options &, const cutlass::KernelHardwareInfo &) [with Fusion=cutlass::fmha::collective::CausalFusion]" at line 1163 of /home/yanwa/workspace/cutlass/examples/120_hopper_fmha_sm120/88_hopper_fmha.cu

/home/yanwa/workspace/cutlass/examples/120_hopper_fmha_sm120/kernel/../collective/fmha_collective_tma.hpp(215): error: type name is not allowed
          typename CollectiveMmaPV::Arguments {
          ^
          detected during:
            instantiation of "cutlass::fmha::collective::FmhaMainloopTma<Element_, ElementAccumulator_, TileShape_, Fusion, Options...>::Params cutlass::fmha::collective::FmhaMainloopTma<Element_, ElementAccumulator_, TileShape_, Fusion, Options...>::to_underlying_arguments(const ProblemShape &, const cutlass::fmha::collective::FmhaMainloopTma<Element_, ElementAccumulator_, TileShape_, Fusion, Options...>::Arguments &, void *) [with Element_=cutlass::half_t, ElementAccumulator_=float, TileShape_=cute::tuple<cute::_64, cute::_128, cute::_32>, Fusion=cutlass::fmha::collective::CausalFusion, Options=<>, ProblemShape=cute::tuple<int, int, int, int, int>]" at line 133 of /home/yanwa/workspace/cutlass/examples/120_hopper_fmha_sm120/kernel/../kernel/fmha_kernel_tma.hpp
            instantiation of "cutlass::fmha::kernel::FmhaKernelTma<CollectiveMainloop, CollectiveEpilogue, Options...>::Params cutlass::fmha::kernel::FmhaKernelTma<CollectiveMainloop, CollectiveEpilogue, Options...>::to_underlying_arguments(const cutlass::fmha::kernel::FmhaKernelTma<CollectiveMainloop, CollectiveEpilogue, Options...>::Arguments &, void *) [with CollectiveMainloop=cutlass::fmha::collective::FmhaMainloopTma<cutlass::half_t, float, cute::tuple<cute::_64, cute::_128, cute::_32>, cutlass::fmha::collective::CausalFusion>, CollectiveEpilogue=cutlass::fmha::collective::FmhaFwdEpilogue<cutlass::half_t, float, cute::tuple<cute::_64, cute::_32, cute::_128>>, Options=<>]" at line 166 of /home/yanwa/workspace/cutlass/examples/120_hopper_fmha_sm120/device/../device/device_universal.hpp
            instantiation of "cutlass::Status cutlass::device::Universal<Kernel_>::initialize(const cutlass::device::Universal<Kernel_>::Arguments &, void *, cudaStream_t) [with Kernel_=cutlass::fmha::kernel::FmhaKernelTma<cutlass::fmha::collective::FmhaMainloopTma<cutlass::half_t, float, cute::tuple<cute::_64, cute::_128, cute::_32>, cutlass::fmha::collective::CausalFusion>, cutlass::fmha::collective::FmhaFwdEpilogue<cutlass::half_t, float, cute::tuple<cute::_64, cute::_32, cute::_128>>>]" at line 445 of /home/yanwa/workspace/cutlass/examples/120_hopper_fmha_sm120/88_hopper_fmha.cu
            instantiation of "ExampleResult FwdRunner<TileShape, DispatchPolicy, ActiveFusion, KernelOptions...>::run(const Options &, const cutlass::KernelHardwareInfo &) [with TileShape=cute::tuple<cute::_64, cute::_128, cute::_32>, DispatchPolicy=KernelTma, ActiveFusion=cutlass::fmha::collective::CausalFusion, KernelOptions=<>]" at line 955 of /home/yanwa/workspace/cutlass/examples/120_hopper_fmha_sm120/88_hopper_fmha.cu
            instantiation of "void run_fwd_32(Fusion, const Options &, const cutlass::KernelHardwareInfo &) [with Fusion=cutlass::fmha::collective::CausalFusion]" at line 1163 of /home/yanwa/workspace/cutlass/examples/120_hopper_fmha_sm120/88_hopper_fmha.cu

/home/yanwa/workspace/cutlass/examples/120_hopper_fmha_sm120/kernel/../collective/fmha_collective_tma.hpp(215): error: expected a ")"
          typename CollectiveMmaPV::Arguments {
                                  ^
          detected during:
            instantiation of "cutlass::fmha::collective::FmhaMainloopTma<Element_, ElementAccumulator_, TileShape_, Fusion, Options...>::Params cutlass::fmha::collective::FmhaMainloopTma<Element_, ElementAccumulator_, TileShape_, Fusion, Options...>::to_underlying_arguments(const ProblemShape &, const cutlass::fmha::collective::FmhaMainloopTma<Element_, ElementAccumulator_, TileShape_, Fusion, Options...>::Arguments &, void *) [with Element_=cutlass::half_t, ElementAccumulator_=float, TileShape_=cute::tuple<cute::_64, cute::_128, cute::_32>, Fusion=cutlass::fmha::collective::CausalFusion, Options=<>, ProblemShape=cute::tuple<int, int, int, int, int>]" at line 133 of /home/yanwa/workspace/cutlass/examples/120_hopper_fmha_sm120/kernel/../kernel/fmha_kernel_tma.hpp
            instantiation of "cutlass::fmha::kernel::FmhaKernelTma<CollectiveMainloop, CollectiveEpilogue, Options...>::Params cutlass::fmha::kernel::FmhaKernelTma<CollectiveMainloop, CollectiveEpilogue, Options...>::to_underlying_arguments(const cutlass::fmha::kernel::FmhaKernelTma<CollectiveMainloop, CollectiveEpilogue, Options...>::Arguments &, void *) [with CollectiveMainloop=cutlass::fmha::collective::FmhaMainloopTma<cutlass::half_t, float, cute::tuple<cute::_64, cute::_128, cute::_32>, cutlass::fmha::collective::CausalFusion>, CollectiveEpilogue=cutlass::fmha::collective::FmhaFwdEpilogue<cutlass::half_t, float, cute::tuple<cute::_64, cute::_32, cute::_128>>, Options=<>]" at line 166 of /home/yanwa/workspace/cutlass/examples/120_hopper_fmha_sm120/device/../device/device_universal.hpp
            instantiation of "cutlass::Status cutlass::device::Universal<Kernel_>::initialize(const cutlass::device::Universal<Kernel_>::Arguments &, void *, cudaStream_t) [with Kernel_=cutlass::fmha::kernel::FmhaKernelTma<cutlass::fmha::collective::FmhaMainloopTma<cutlass::half_t, float, cute::tuple<cute::_64, cute::_128, cute::_32>, cutlass::fmha::collective::CausalFusion>, cutlass::fmha::collective::FmhaFwdEpilogue<cutlass::half_t, float, cute::tuple<cute::_64, cute::_32, cute::_128>>>]" at line 445 of /home/yanwa/workspace/cutlass/examples/120_hopper_fmha_sm120/88_hopper_fmha.cu
            instantiation of "ExampleResult FwdRunner<TileShape, DispatchPolicy, ActiveFusion, KernelOptions...>::run(const Options &, const cutlass::KernelHardwareInfo &) [with TileShape=cute::tuple<cute::_64, cute::_128, cute::_32>, DispatchPolicy=KernelTma, ActiveFusion=cutlass::fmha::collective::CausalFusion, KernelOptions=<>]" at line 955 of /home/yanwa/workspace/cutlass/examples/120_hopper_fmha_sm120/88_hopper_fmha.cu
            instantiation of "void run_fwd_32(Fusion, const Options &, const cutlass::KernelHardwareInfo &) [with Fusion=cutlass::fmha::collective::CausalFusion]" at line 1163 of /home/yanwa/workspace/cutlass/examples/120_hopper_fmha_sm120/88_hopper_fmha.cu

/home/yanwa/workspace/cutlass/examples/120_hopper_fmha_sm120/kernel/../collective/fmha_collective_tma.hpp(220): warning #12-D: parsing restarts here after previous syntax error
          }, nullptr);
           ^
          detected during:
            instantiation of "cutlass::fmha::collective::FmhaMainloopTma<Element_, ElementAccumulator_, TileShape_, Fusion, Options...>::Params cutlass::fmha::collective::FmhaMainloopTma<Element_, ElementAccumulator_, TileShape_, Fusion, Options...>::to_underlying_arguments(const ProblemShape &, const cutlass::fmha::collective::FmhaMainloopTma<Element_, ElementAccumulator_, TileShape_, Fusion, Options...>::Arguments &, void *) [with Element_=cutlass::half_t, ElementAccumulator_=float, TileShape_=cute::tuple<cute::_64, cute::_128, cute::_32>, Fusion=cutlass::fmha::collective::CausalFusion, Options=<>, ProblemShape=cute::tuple<int, int, int, int, int>]" at line 133 of /home/yanwa/workspace/cutlass/examples/120_hopper_fmha_sm120/kernel/../kernel/fmha_kernel_tma.hpp
            instantiation of "cutlass::fmha::kernel::FmhaKernelTma<CollectiveMainloop, CollectiveEpilogue, Options...>::Params cutlass::fmha::kernel::FmhaKernelTma<CollectiveMainloop, CollectiveEpilogue, Options...>::to_underlying_arguments(const cutlass::fmha::kernel::FmhaKernelTma<CollectiveMainloop, CollectiveEpilogue, Options...>::Arguments &, void *) [with CollectiveMainloop=cutlass::fmha::collective::FmhaMainloopTma<cutlass::half_t, float, cute::tuple<cute::_64, cute::_128, cute::_32>, cutlass::fmha::collective::CausalFusion>, CollectiveEpilogue=cutlass::fmha::collective::FmhaFwdEpilogue<cutlass::half_t, float, cute::tuple<cute::_64, cute::_32, cute::_128>>, Options=<>]" at line 166 of /home/yanwa/workspace/cutlass/examples/120_hopper_fmha_sm120/device/../device/device_universal.hpp
            instantiation of "cutlass::Status cutlass::device::Universal<Kernel_>::initialize(const cutlass::device::Universal<Kernel_>::Arguments &, void *, cudaStream_t) [with Kernel_=cutlass::fmha::kernel::FmhaKernelTma<cutlass::fmha::collective::FmhaMainloopTma<cutlass::half_t, float, cute::tuple<cute::_64, cute::_128, cute::_32>, cutlass::fmha::collective::CausalFusion>, cutlass::fmha::collective::FmhaFwdEpilogue<cutlass::half_t, float, cute::tuple<cute::_64, cute::_32, cute::_128>>>]" at line 445 of /home/yanwa/workspace/cutlass/examples/120_hopper_fmha_sm120/88_hopper_fmha.cu
            instantiation of "ExampleResult FwdRunner<TileShape, DispatchPolicy, ActiveFusion, KernelOptions...>::run(const Options &, const cutlass::KernelHardwareInfo &) [with TileShape=cute::tuple<cute::_64, cute::_128, cute::_32>, DispatchPolicy=KernelTma, ActiveFusion=cutlass::fmha::collective::CausalFusion, KernelOptions=<>]" at line 955 of /home/yanwa/workspace/cutlass/examples/120_hopper_fmha_sm120/88_hopper_fmha.cu
            instantiation of "void run_fwd_32(Fusion, const Options &, const cutlass::KernelHardwareInfo &) [with Fusion=cutlass::fmha::collective::CausalFusion]" at line 1163 of /home/yanwa/workspace/cutlass/examples/120_hopper_fmha_sm120/88_hopper_fmha.cu

/home/yanwa/workspace/cutlass/examples/120_hopper_fmha_sm120/kernel/../collective/fmha_collective_tma.hpp(220): error: expected an identifier
          }, nullptr);
             ^
          detected during:
            instantiation of "cutlass::fmha::collective::FmhaMainloopTma<Element_, ElementAccumulator_, TileShape_, Fusion, Options...>::Params cutlass::fmha::collective::FmhaMainloopTma<Element_, ElementAccumulator_, TileShape_, Fusion, Options...>::to_underlying_arguments(const ProblemShape &, const cutlass::fmha::collective::FmhaMainloopTma<Element_, ElementAccumulator_, TileShape_, Fusion, Options...>::Arguments &, void *) [with Element_=cutlass::half_t, ElementAccumulator_=float, TileShape_=cute::tuple<cute::_64, cute::_128, cute::_32>, Fusion=cutlass::fmha::collective::CausalFusion, Options=<>, ProblemShape=cute::tuple<int, int, int, int, int>]" at line 133 of /home/yanwa/workspace/cutlass/examples/120_hopper_fmha_sm120/kernel/../kernel/fmha_kernel_tma.hpp
            instantiation of "cutlass::fmha::kernel::FmhaKernelTma<CollectiveMainloop, CollectiveEpilogue, Options...>::Params cutlass::fmha::kernel::FmhaKernelTma<CollectiveMainloop, CollectiveEpilogue, Options...>::to_underlying_arguments(const cutlass::fmha::kernel::FmhaKernelTma<CollectiveMainloop, CollectiveEpilogue, Options...>::Arguments &, void *) [with CollectiveMainloop=cutlass::fmha::collective::FmhaMainloopTma<cutlass::half_t, float, cute::tuple<cute::_64, cute::_128, cute::_32>, cutlass::fmha::collective::CausalFusion>, CollectiveEpilogue=cutlass::fmha::collective::FmhaFwdEpilogue<cutlass::half_t, float, cute::tuple<cute::_64, cute::_32, cute::_128>>, Options=<>]" at line 166 of /home/yanwa/workspace/cutlass/examples/120_hopper_fmha_sm120/device/../device/device_universal.hpp
            instantiation of "cutlass::Status cutlass::device::Universal<Kernel_>::initialize(const cutlass::device::Universal<Kernel_>::Arguments &, void *, cudaStream_t) [with Kernel_=cutlass::fmha::kernel::FmhaKernelTma<cutlass::fmha::collective::FmhaMainloopTma<cutlass::half_t, float, cute::tuple<cute::_64, cute::_128, cute::_32>, cutlass::fmha::collective::CausalFusion>, cutlass::fmha::collective::FmhaFwdEpilogue<cutlass::half_t, float, cute::tuple<cute::_64, cute::_32, cute::_128>>>]" at line 445 of /home/yanwa/workspace/cutlass/examples/120_hopper_fmha_sm120/88_hopper_fmha.cu
            instantiation of "ExampleResult FwdRunner<TileShape, DispatchPolicy, ActiveFusion, KernelOptions...>::run(const Options &, const cutlass::KernelHardwareInfo &) [with TileShape=cute::tuple<cute::_64, cute::_128, cute::_32>, DispatchPolicy=KernelTma, ActiveFusion=cutlass::fmha::collective::CausalFusion, KernelOptions=<>]" at line 955 of /home/yanwa/workspace/cutlass/examples/120_hopper_fmha_sm120/88_hopper_fmha.cu
            instantiation of "void run_fwd_32(Fusion, const Options &, const cutlass::KernelHardwareInfo &) [with Fusion=cutlass::fmha::collective::CausalFusion]" at line 1163 of /home/yanwa/workspace/cutlass/examples/120_hopper_fmha_sm120/88_hopper_fmha.cu

/home/yanwa/workspace/cutlass/examples/120_hopper_fmha_sm120/kernel/../collective/fmha_collective_tma.hpp(214): error: cannot deduce "auto" type (initializer required)
      auto params_pv = CollectiveMmaPV::to_underlying_arguments(problem_shape_pv,
      ^
          detected during:
            instantiation of "cutlass::fmha::collective::FmhaMainloopTma<Element_, ElementAccumulator_, TileShape_, Fusion, Options...>::Params cutlass::fmha::collective::FmhaMainloopTma<Element_, ElementAccumulator_, TileShape_, Fusion, Options...>::to_underlying_arguments(const ProblemShape &, const cutlass::fmha::collective::FmhaMainloopTma<Element_, ElementAccumulator_, TileShape_, Fusion, Options...>::Arguments &, void *) [with Element_=cutlass::half_t, ElementAccumulator_=float, TileShape_=cute::tuple<cute::_64, cute::_128, cute::_32>, Fusion=cutlass::fmha::collective::CausalFusion, Options=<>, ProblemShape=cute::tuple<int, int, int, int, int>]" at line 133 of /home/yanwa/workspace/cutlass/examples/120_hopper_fmha_sm120/kernel/../kernel/fmha_kernel_tma.hpp
            instantiation of "cutlass::fmha::kernel::FmhaKernelTma<CollectiveMainloop, CollectiveEpilogue, Options...>::Params cutlass::fmha::kernel::FmhaKernelTma<CollectiveMainloop, CollectiveEpilogue, Options...>::to_underlying_arguments(const cutlass::fmha::kernel::FmhaKernelTma<CollectiveMainloop, CollectiveEpilogue, Options...>::Arguments &, void *) [with CollectiveMainloop=cutlass::fmha::collective::FmhaMainloopTma<cutlass::half_t, float, cute::tuple<cute::_64, cute::_128, cute::_32>, cutlass::fmha::collective::CausalFusion>, CollectiveEpilogue=cutlass::fmha::collective::FmhaFwdEpilogue<cutlass::half_t, float, cute::tuple<cute::_64, cute::_32, cute::_128>>, Options=<>]" at line 166 of /home/yanwa/workspace/cutlass/examples/120_hopper_fmha_sm120/device/../device/device_universal.hpp
            instantiation of "cutlass::Status cutlass::device::Universal<Kernel_>::initialize(const cutlass::device::Universal<Kernel_>::Arguments &, void *, cudaStream_t) [with Kernel_=cutlass::fmha::kernel::FmhaKernelTma<cutlass::fmha::collective::FmhaMainloopTma<cutlass::half_t, float, cute::tuple<cute::_64, cute::_128, cute::_32>, cutlass::fmha::collective::CausalFusion>, cutlass::fmha::collective::FmhaFwdEpilogue<cutlass::half_t, float, cute::tuple<cute::_64, cute::_32, cute::_128>>>]" at line 445 of /home/yanwa/workspace/cutlass/examples/120_hopper_fmha_sm120/88_hopper_fmha.cu
            instantiation of "ExampleResult FwdRunner<TileShape, DispatchPolicy, ActiveFusion, KernelOptions...>::run(const Options &, const cutlass::KernelHardwareInfo &) [with TileShape=cute::tuple<cute::_64, cute::_128, cute::_32>, DispatchPolicy=KernelTma, ActiveFusion=cutlass::fmha::collective::CausalFusion, KernelOptions=<>]" at line 955 of /home/yanwa/workspace/cutlass/examples/120_hopper_fmha_sm120/88_hopper_fmha.cu
            instantiation of "void run_fwd_32(Fusion, const Options &, const cutlass::KernelHardwareInfo &) [with Fusion=cutlass::fmha::collective::CausalFusion]" at line 1163 of /home/yanwa/workspace/cutlass/examples/120_hopper_fmha_sm120/88_hopper_fmha.cu

/home/yanwa/workspace/cutlass/examples/120_hopper_fmha_sm120/kernel/../collective/fmha_collective_tma.hpp(190): error: a class or namespace qualified name is required
    static const int MaxThreadsPerBlock = size(typename CollectiveMmaQK::TiledMma{});
                                                        ^
          detected during:
            instantiation of class "cutlass::fmha::collective::FmhaMainloopTma<Element_, ElementAccumulator_, TileShape_, Fusion, Options...> [with Element_=cutlass::half_t, ElementAccumulator_=float, TileShape_=cute::tuple<cute::_64, cute::_128, cute::_32>, Fusion=cutlass::fmha::collective::CausalFusion, Options=<>]" at line 109 of /home/yanwa/workspace/cutlass/examples/120_hopper_fmha_sm120/kernel/../kernel/fmha_kernel_tma.hpp
            instantiation of class "cutlass::fmha::kernel::FmhaKernelTma<CollectiveMainloop, CollectiveEpilogue, Options...> [with CollectiveMainloop=cutlass::fmha::collective::FmhaMainloopTma<cutlass::half_t, float, cute::tuple<cute::_64, cute::_128, cute::_32>, cutlass::fmha::collective::CausalFusion>, CollectiveEpilogue=cutlass::fmha::collective::FmhaFwdEpilogue<cutlass::half_t, float, cute::tuple<cute::_64, cute::_32, cute::_128>>, Options=<>]" at line 116 of /home/yanwa/workspace/cutlass/include/cutlass/device_kernel.h
            instantiation of "cutlass::device_kernel" based on template argument <cutlass::fmha::kernel::FmhaKernelTma<cutlass::fmha::collective::FmhaMainloopTma<cutlass::half_t, float, cute::tuple<cute::_64, cute::_128, cute::_32>, cutlass::fmha::collective::CausalFusion>, cutlass::fmha::collective::FmhaFwdEpilogue<cutlass::half_t, float, cute::tuple<cute::_64, cute::_32, cute::_128>>>> at line 177 of /home/yanwa/workspace/cutlass/examples/120_hopper_fmha_sm120/device/../device/device_universal.hpp
            instantiation of "cutlass::Status cutlass::device::Universal<Kernel_>::initialize(const cutlass::device::Universal<Kernel_>::Arguments &, void *, cudaStream_t) [with Kernel_=cutlass::fmha::kernel::FmhaKernelTma<cutlass::fmha::collective::FmhaMainloopTma<cutlass::half_t, float, cute::tuple<cute::_64, cute::_128, cute::_32>, cutlass::fmha::collective::CausalFusion>, cutlass::fmha::collective::FmhaFwdEpilogue<cutlass::half_t, float, cute::tuple<cute::_64, cute::_32, cute::_128>>>]" at line 445 of /home/yanwa/workspace/cutlass/examples/120_hopper_fmha_sm120/88_hopper_fmha.cu
            instantiation of "ExampleResult FwdRunner<TileShape, DispatchPolicy, ActiveFusion, KernelOptions...>::run(const Options &, const cutlass::KernelHardwareInfo &) [with TileShape=cute::tuple<cute::_64, cute::_128, cute::_32>, DispatchPolicy=KernelTma, ActiveFusion=cutlass::fmha::collective::CausalFusion, KernelOptions=<>]" at line 955 of /home/yanwa/workspace/cutlass/examples/120_hopper_fmha_sm120/88_hopper_fmha.cu
            instantiation of "void run_fwd_32(Fusion, const Options &, const cutlass::KernelHardwareInfo &) [with Fusion=cutlass::fmha::collective::CausalFusion]" at line 1163 of /home/yanwa/workspace/cutlass/examples/120_hopper_fmha_sm120/88_hopper_fmha.cu

/home/yanwa/workspace/cutlass/examples/120_hopper_fmha_sm120/kernel/../collective/fmha_collective_tma.hpp(190): error: type name is not allowed
    static const int MaxThreadsPerBlock = size(typename CollectiveMmaQK::TiledMma{});
                                               ^
          detected during:
            instantiation of class "cutlass::fmha::collective::FmhaMainloopTma<Element_, ElementAccumulator_, TileShape_, Fusion, Options...> [with Element_=cutlass::half_t, ElementAccumulator_=float, TileShape_=cute::tuple<cute::_64, cute::_128, cute::_32>, Fusion=cutlass::fmha::collective::CausalFusion, Options=<>]" at line 109 of /home/yanwa/workspace/cutlass/examples/120_hopper_fmha_sm120/kernel/../kernel/fmha_kernel_tma.hpp
            instantiation of class "cutlass::fmha::kernel::FmhaKernelTma<CollectiveMainloop, CollectiveEpilogue, Options...> [with CollectiveMainloop=cutlass::fmha::collective::FmhaMainloopTma<cutlass::half_t, float, cute::tuple<cute::_64, cute::_128, cute::_32>, cutlass::fmha::collective::CausalFusion>, CollectiveEpilogue=cutlass::fmha::collective::FmhaFwdEpilogue<cutlass::half_t, float, cute::tuple<cute::_64, cute::_32, cute::_128>>, Options=<>]" at line 116 of /home/yanwa/workspace/cutlass/include/cutlass/device_kernel.h
            instantiation of "cutlass::device_kernel" based on template argument <cutlass::fmha::kernel::FmhaKernelTma<cutlass::fmha::collective::FmhaMainloopTma<cutlass::half_t, float, cute::tuple<cute::_64, cute::_128, cute::_32>, cutlass::fmha::collective::CausalFusion>, cutlass::fmha::collective::FmhaFwdEpilogue<cutlass::half_t, float, cute::tuple<cute::_64, cute::_32, cute::_128>>>> at line 177 of /home/yanwa/workspace/cutlass/examples/120_hopper_fmha_sm120/device/../device/device_universal.hpp
            instantiation of "cutlass::Status cutlass::device::Universal<Kernel_>::initialize(const cutlass::device::Universal<Kernel_>::Arguments &, void *, cudaStream_t) [with Kernel_=cutlass::fmha::kernel::FmhaKernelTma<cutlass::fmha::collective::FmhaMainloopTma<cutlass::half_t, float, cute::tuple<cute::_64, cute::_128, cute::_32>, cutlass::fmha::collective::CausalFusion>, cutlass::fmha::collective::FmhaFwdEpilogue<cutlass::half_t, float, cute::tuple<cute::_64, cute::_32, cute::_128>>>]" at line 445 of /home/yanwa/workspace/cutlass/examples/120_hopper_fmha_sm120/88_hopper_fmha.cu
            instantiation of "ExampleResult FwdRunner<TileShape, DispatchPolicy, ActiveFusion, KernelOptions...>::run(const Options &, const cutlass::KernelHardwareInfo &) [with TileShape=cute::tuple<cute::_64, cute::_128, cute::_32>, DispatchPolicy=KernelTma, ActiveFusion=cutlass::fmha::collective::CausalFusion, KernelOptions=<>]" at line 955 of /home/yanwa/workspace/cutlass/examples/120_hopper_fmha_sm120/88_hopper_fmha.cu
            instantiation of "void run_fwd_32(Fusion, const Options &, const cutlass::KernelHardwareInfo &) [with Fusion=cutlass::fmha::collective::CausalFusion]" at line 1163 of /home/yanwa/workspace/cutlass/examples/120_hopper_fmha_sm120/88_hopper_fmha.cu

/home/yanwa/workspace/cutlass/examples/120_hopper_fmha_sm120/kernel/../collective/fmha_collective_tma.hpp(190): error: expected a ")"
    static const int MaxThreadsPerBlock = size(typename CollectiveMmaQK::TiledMma{});
                                                                       ^
          detected during:
            instantiation of class "cutlass::fmha::collective::FmhaMainloopTma<Element_, ElementAccumulator_, TileShape_, Fusion, Options...> [with Element_=cutlass::half_t, ElementAccumulator_=float, TileShape_=cute::tuple<cute::_64, cute::_128, cute::_32>, Fusion=cutlass::fmha::collective::CausalFusion, Options=<>]" at line 109 of /home/yanwa/workspace/cutlass/examples/120_hopper_fmha_sm120/kernel/../kernel/fmha_kernel_tma.hpp
            instantiation of class "cutlass::fmha::kernel::FmhaKernelTma<CollectiveMainloop, CollectiveEpilogue, Options...> [with CollectiveMainloop=cutlass::fmha::collective::FmhaMainloopTma<cutlass::half_t, float, cute::tuple<cute::_64, cute::_128, cute::_32>, cutlass::fmha::collective::CausalFusion>, CollectiveEpilogue=cutlass::fmha::collective::FmhaFwdEpilogue<cutlass::half_t, float, cute::tuple<cute::_64, cute::_32, cute::_128>>, Options=<>]" at line 116 of /home/yanwa/workspace/cutlass/include/cutlass/device_kernel.h
            instantiation of "cutlass::device_kernel" based on template argument <cutlass::fmha::kernel::FmhaKernelTma<cutlass::fmha::collective::FmhaMainloopTma<cutlass::half_t, float, cute::tuple<cute::_64, cute::_128, cute::_32>, cutlass::fmha::collective::CausalFusion>, cutlass::fmha::collective::FmhaFwdEpilogue<cutlass::half_t, float, cute::tuple<cute::_64, cute::_32, cute::_128>>>> at line 177 of /home/yanwa/workspace/cutlass/examples/120_hopper_fmha_sm120/device/../device/device_universal.hpp
            instantiation of "cutlass::Status cutlass::device::Universal<Kernel_>::initialize(const cutlass::device::Universal<Kernel_>::Arguments &, void *, cudaStream_t) [with Kernel_=cutlass::fmha::kernel::FmhaKernelTma<cutlass::fmha::collective::FmhaMainloopTma<cutlass::half_t, float, cute::tuple<cute::_64, cute::_128, cute::_32>, cutlass::fmha::collective::CausalFusion>, cutlass::fmha::collective::FmhaFwdEpilogue<cutlass::half_t, float, cute::tuple<cute::_64, cute::_32, cute::_128>>>]" at line 445 of /home/yanwa/workspace/cutlass/examples/120_hopper_fmha_sm120/88_hopper_fmha.cu
            instantiation of "ExampleResult FwdRunner<TileShape, DispatchPolicy, ActiveFusion, KernelOptions...>::run(const Options &, const cutlass::KernelHardwareInfo &) [with TileShape=cute::tuple<cute::_64, cute::_128, cute::_32>, DispatchPolicy=KernelTma, ActiveFusion=cutlass::fmha::collective::CausalFusion, KernelOptions=<>]" at line 955 of /home/yanwa/workspace/cutlass/examples/120_hopper_fmha_sm120/88_hopper_fmha.cu
            instantiation of "void run_fwd_32(Fusion, const Options &, const cutlass::KernelHardwareInfo &) [with Fusion=cutlass::fmha::collective::CausalFusion]" at line 1163 of /home/yanwa/workspace/cutlass/examples/120_hopper_fmha_sm120/88_hopper_fmha.cu

/home/yanwa/workspace/cutlass/examples/120_hopper_fmha_sm120/kernel/../collective/fmha_collective_tma.hpp(284): error: a class or namespace qualified name is required
        if constexpr (cute::is_same_v<typename CollectiveMmaQK::GmemTiledCopyB, SM90_TMA_LOAD_MULTICAST>) {
                                               ^
          detected during:
            instantiation of "auto cutlass::fmha::collective::FmhaMainloopTma<Element_, ElementAccumulator_, TileShape_, Fusion, Options...>::compute(int, const BlkCoord &, const cutlass::fmha::collective::FmhaMainloopTma<Element_, ElementAccumulator_, TileShape_, Fusion, Options...>::Params &, const ProblemShape &, cutlass::fmha::collective::FmhaMainloopTma<Element_, ElementAccumulator_, TileShape_, Fusion, Options...>::MainloopPipeline &, cutlass::fmha::collective::FmhaMainloopTma<Element_, ElementAccumulator_, TileShape_, Fusion, Options...>::PipelineState &, cutlass::fmha::collective::FmhaMainloopTma<Element_, ElementAccumulator_, TileShape_, Fusion, Options...>::PipelineState &, cutlass::fmha::collective::FmhaMainloopTma<Element_, ElementAccumulator_, TileShape_, Fusion, Options...>::MainloopPipelineQ &, cutlass::fmha::collective::FmhaMainloopTma<Element_, ElementAccumulator_, TileShape_, Fusion, Options...>::PipelineStateQ &, cutlass::fmha::collective::FmhaMainloopTma<Element_, ElementAccumulator_, TileShape_, Fusion, Options...>::PipelineStateQ &, cutlass::fmha::collective::FmhaMainloopTma<Element_, ElementAccumulator_, TileShape_, Fusion, Options...>::SharedStorage &) [with Element_=cutlass::half_t, ElementAccumulator_=float, TileShape_=cute::tuple<cute::_64, cute::_128, cute::_32>, Fusion=cutlass::fmha::collective::CausalFusion, Options=<>, BlkCoord=cute::tuple<unsigned int, cute::_0, cute::tuple<uint32_t, uint32_t>>, ProblemShape=cute::tuple<int, int, int, int, int>]" at line 212 of /home/yanwa/workspace/cutlass/examples/120_hopper_fmha_sm120/kernel/../kernel/fmha_kernel_tma.hpp
            instantiation of "void cutlass::fmha::kernel::FmhaKernelTma<CollectiveMainloop, CollectiveEpilogue, Options...>::operator()(const cutlass::fmha::kernel::FmhaKernelTma<CollectiveMainloop, CollectiveEpilogue, Options...>::Params &, char *) [with CollectiveMainloop=cutlass::fmha::collective::FmhaMainloopTma<cutlass::half_t, float, cute::tuple<cute::_64, cute::_128, cute::_32>, cutlass::fmha::collective::CausalFusion>, CollectiveEpilogue=cutlass::fmha::collective::FmhaFwdEpilogue<cutlass::half_t, float, cute::tuple<cute::_64, cute::_32, cute::_128>>, Options=<>]" at line 123 of /home/yanwa/workspace/cutlass/include/cutlass/device_kernel.h
            instantiation of "void cutlass::device_kernel<Operator>(Operator::Params) [with Operator=cutlass::fmha::kernel::FmhaKernelTma<cutlass::fmha::collective::FmhaMainloopTma<cutlass::half_t, float, cute::tuple<cute::_64, cute::_128, cute::_32>, cutlass::fmha::collective::CausalFusion>, cutlass::fmha::collective::FmhaFwdEpilogue<cutlass::half_t, float, cute::tuple<cute::_64, cute::_32, cute::_128>>>]" at line 177 of /home/yanwa/workspace/cutlass/examples/120_hopper_fmha_sm120/device/../device/device_universal.hpp
            instantiation of "cutlass::Status cutlass::device::Universal<Kernel_>::initialize(const cutlass::device::Universal<Kernel_>::Arguments &, void *, cudaStream_t) [with Kernel_=cutlass::fmha::kernel::FmhaKernelTma<cutlass::fmha::collective::FmhaMainloopTma<cutlass::half_t, float, cute::tuple<cute::_64, cute::_128, cute::_32>, cutlass::fmha::collective::CausalFusion>, cutlass::fmha::collective::FmhaFwdEpilogue<cutlass::half_t, float, cute::tuple<cute::_64, cute::_32, cute::_128>>>]" at line 445 of /home/yanwa/workspace/cutlass/examples/120_hopper_fmha_sm120/88_hopper_fmha.cu
            instantiation of "ExampleResult FwdRunner<TileShape, DispatchPolicy, ActiveFusion, KernelOptions...>::run(const Options &, const cutlass::KernelHardwareInfo &) [with TileShape=cute::tuple<cute::_64, cute::_128, cute::_32>, DispatchPolicy=KernelTma, ActiveFusion=cutlass::fmha::collective::CausalFusion, KernelOptions=<>]" at line 955 of /home/yanwa/workspace/cutlass/examples/120_hopper_fmha_sm120/88_hopper_fmha.cu
            instantiation of "void run_fwd_32(Fusion, const Options &, const cutlass::KernelHardwareInfo &) [with Fusion=cutlass::fmha::collective::CausalFusion]" at line 1163 of /home/yanwa/workspace/cutlass/examples/120_hopper_fmha_sm120/88_hopper_fmha.cu

/home/yanwa/workspace/cutlass/examples/120_hopper_fmha_sm120/kernel/../collective/fmha_collective_tma.hpp(284): error: too few arguments for variable template "std::is_same_v"
        if constexpr (cute::is_same_v<typename CollectiveMmaQK::GmemTiledCopyB, SM90_TMA_LOAD_MULTICAST>) {
                                                              ^
          detected during:
            instantiation of "auto cutlass::fmha::collective::FmhaMainloopTma<Element_, ElementAccumulator_, TileShape_, Fusion, Options...>::compute(int, const BlkCoord &, const cutlass::fmha::collective::FmhaMainloopTma<Element_, ElementAccumulator_, TileShape_, Fusion, Options...>::Params &, const ProblemShape &, cutlass::fmha::collective::FmhaMainloopTma<Element_, ElementAccumulator_, TileShape_, Fusion, Options...>::MainloopPipeline &, cutlass::fmha::collective::FmhaMainloopTma<Element_, ElementAccumulator_, TileShape_, Fusion, Options...>::PipelineState &, cutlass::fmha::collective::FmhaMainloopTma<Element_, ElementAccumulator_, TileShape_, Fusion, Options...>::PipelineState &, cutlass::fmha::collective::FmhaMainloopTma<Element_, ElementAccumulator_, TileShape_, Fusion, Options...>::MainloopPipelineQ &, cutlass::fmha::collective::FmhaMainloopTma<Element_, ElementAccumulator_, TileShape_, Fusion, Options...>::PipelineStateQ &, cutlass::fmha::collective::FmhaMainloopTma<Element_, ElementAccumulator_, TileShape_, Fusion, Options...>::PipelineStateQ &, cutlass::fmha::collective::FmhaMainloopTma<Element_, ElementAccumulator_, TileShape_, Fusion, Options...>::SharedStorage &) [with Element_=cutlass::half_t, ElementAccumulator_=float, TileShape_=cute::tuple<cute::_64, cute::_128, cute::_32>, Fusion=cutlass::fmha::collective::CausalFusion, Options=<>, BlkCoord=cute::tuple<unsigned int, cute::_0, cute::tuple<uint32_t, uint32_t>>, ProblemShape=cute::tuple<int, int, int, int, int>]" at line 212 of /home/yanwa/workspace/cutlass/examples/120_hopper_fmha_sm120/kernel/../kernel/fmha_kernel_tma.hpp
            instantiation of "void cutlass::fmha::kernel::FmhaKernelTma<CollectiveMainloop, CollectiveEpilogue, Options...>::operator()(const cutlass::fmha::kernel::FmhaKernelTma<CollectiveMainloop, CollectiveEpilogue, Options...>::Params &, char *) [with CollectiveMainloop=cutlass::fmha::collective::FmhaMainloopTma<cutlass::half_t, float, cute::tuple<cute::_64, cute::_128, cute::_32>, cutlass::fmha::collective::CausalFusion>, CollectiveEpilogue=cutlass::fmha::collective::FmhaFwdEpilogue<cutlass::half_t, float, cute::tuple<cute::_64, cute::_32, cute::_128>>, Options=<>]" at line 123 of /home/yanwa/workspace/cutlass/include/cutlass/device_kernel.h
            instantiation of "void cutlass::device_kernel<Operator>(Operator::Params) [with Operator=cutlass::fmha::kernel::FmhaKernelTma<cutlass::fmha::collective::FmhaMainloopTma<cutlass::half_t, float, cute::tuple<cute::_64, cute::_128, cute::_32>, cutlass::fmha::collective::CausalFusion>, cutlass::fmha::collective::FmhaFwdEpilogue<cutlass::half_t, float, cute::tuple<cute::_64, cute::_32, cute::_128>>>]" at line 177 of /home/yanwa/workspace/cutlass/examples/120_hopper_fmha_sm120/device/../device/device_universal.hpp
            instantiation of "cutlass::Status cutlass::device::Universal<Kernel_>::initialize(const cutlass::device::Universal<Kernel_>::Arguments &, void *, cudaStream_t) [with Kernel_=cutlass::fmha::kernel::FmhaKernelTma<cutlass::fmha::collective::FmhaMainloopTma<cutlass::half_t, float, cute::tuple<cute::_64, cute::_128, cute::_32>, cutlass::fmha::collective::CausalFusion>, cutlass::fmha::collective::FmhaFwdEpilogue<cutlass::half_t, float, cute::tuple<cute::_64, cute::_32, cute::_128>>>]" at line 445 of /home/yanwa/workspace/cutlass/examples/120_hopper_fmha_sm120/88_hopper_fmha.cu
            instantiation of "ExampleResult FwdRunner<TileShape, DispatchPolicy, ActiveFusion, KernelOptions...>::run(const Options &, const cutlass::KernelHardwareInfo &) [with TileShape=cute::tuple<cute::_64, cute::_128, cute::_32>, DispatchPolicy=KernelTma, ActiveFusion=cutlass::fmha::collective::CausalFusion, KernelOptions=<>]" at line 955 of /home/yanwa/workspace/cutlass/examples/120_hopper_fmha_sm120/88_hopper_fmha.cu
            instantiation of "void run_fwd_32(Fusion, const Options &, const cutlass::KernelHardwareInfo &) [with Fusion=cutlass::fmha::collective::CausalFusion]" at line 1163 of /home/yanwa/workspace/cutlass/examples/120_hopper_fmha_sm120/88_hopper_fmha.cu

/home/yanwa/workspace/cutlass/examples/120_hopper_fmha_sm120/kernel/../collective/fmha_collective_tma.hpp(284): error: global-scope qualifier (leading "::") is not allowed
        if constexpr (cute::is_same_v<typename CollectiveMmaQK::GmemTiledCopyB, SM90_TMA_LOAD_MULTICAST>) {
                                                              ^
          detected during:
            instantiation of "auto cutlass::fmha::collective::FmhaMainloopTma<Element_, ElementAccumulator_, TileShape_, Fusion, Options...>::compute(int, const BlkCoord &, const cutlass::fmha::collective::FmhaMainloopTma<Element_, ElementAccumulator_, TileShape_, Fusion, Options...>::Params &, const ProblemShape &, cutlass::fmha::collective::FmhaMainloopTma<Element_, ElementAccumulator_, TileShape_, Fusion, Options...>::MainloopPipeline &, cutlass::fmha::collective::FmhaMainloopTma<Element_, ElementAccumulator_, TileShape_, Fusion, Options...>::PipelineState &, cutlass::fmha::collective::FmhaMainloopTma<Element_, ElementAccumulator_, TileShape_, Fusion, Options...>::PipelineState &, cutlass::fmha::collective::FmhaMainloopTma<Element_, ElementAccumulator_, TileShape_, Fusion, Options...>::MainloopPipelineQ &, cutlass::fmha::collective::FmhaMainloopTma<Element_, ElementAccumulator_, TileShape_, Fusion, Options...>::PipelineStateQ &, cutlass::fmha::collective::FmhaMainloopTma<Element_, ElementAccumulator_, TileShape_, Fusion, Options...>::PipelineStateQ &, cutlass::fmha::collective::FmhaMainloopTma<Element_, ElementAccumulator_, TileShape_, Fusion, Options...>::SharedStorage &) [with Element_=cutlass::half_t, ElementAccumulator_=float, TileShape_=cute::tuple<cute::_64, cute::_128, cute::_32>, Fusion=cutlass::fmha::collective::CausalFusion, Options=<>, BlkCoord=cute::tuple<unsigned int, cute::_0, cute::tuple<uint32_t, uint32_t>>, ProblemShape=cute::tuple<int, int, int, int, int>]" at line 212 of /home/yanwa/workspace/cutlass/examples/120_hopper_fmha_sm120/kernel/../kernel/fmha_kernel_tma.hpp
            instantiation of "void cutlass::fmha::kernel::FmhaKernelTma<CollectiveMainloop, CollectiveEpilogue, Options...>::operator()(const cutlass::fmha::kernel::FmhaKernelTma<CollectiveMainloop, CollectiveEpilogue, Options...>::Params &, char *) [with CollectiveMainloop=cutlass::fmha::collective::FmhaMainloopTma<cutlass::half_t, float, cute::tuple<cute::_64, cute::_128, cute::_32>, cutlass::fmha::collective::CausalFusion>, CollectiveEpilogue=cutlass::fmha::collective::FmhaFwdEpilogue<cutlass::half_t, float, cute::tuple<cute::_64, cute::_32, cute::_128>>, Options=<>]" at line 123 of /home/yanwa/workspace/cutlass/include/cutlass/device_kernel.h
            instantiation of "void cutlass::device_kernel<Operator>(Operator::Params) [with Operator=cutlass::fmha::kernel::FmhaKernelTma<cutlass::fmha::collective::FmhaMainloopTma<cutlass::half_t, float, cute::tuple<cute::_64, cute::_128, cute::_32>, cutlass::fmha::collective::CausalFusion>, cutlass::fmha::collective::FmhaFwdEpilogue<cutlass::half_t, float, cute::tuple<cute::_64, cute::_32, cute::_128>>>]" at line 177 of /home/yanwa/workspace/cutlass/examples/120_hopper_fmha_sm120/device/../device/device_universal.hpp
            instantiation of "cutlass::Status cutlass::device::Universal<Kernel_>::initialize(const cutlass::device::Universal<Kernel_>::Arguments &, void *, cudaStream_t) [with Kernel_=cutlass::fmha::kernel::FmhaKernelTma<cutlass::fmha::collective::FmhaMainloopTma<cutlass::half_t, float, cute::tuple<cute::_64, cute::_128, cute::_32>, cutlass::fmha::collective::CausalFusion>, cutlass::fmha::collective::FmhaFwdEpilogue<cutlass::half_t, float, cute::tuple<cute::_64, cute::_32, cute::_128>>>]" at line 445 of /home/yanwa/workspace/cutlass/examples/120_hopper_fmha_sm120/88_hopper_fmha.cu
            instantiation of "ExampleResult FwdRunner<TileShape, DispatchPolicy, ActiveFusion, KernelOptions...>::run(const Options &, const cutlass::KernelHardwareInfo &) [with TileShape=cute::tuple<cute::_64, cute::_128, cute::_32>, DispatchPolicy=KernelTma, ActiveFusion=cutlass::fmha::collective::CausalFusion, KernelOptions=<>]" at line 955 of /home/yanwa/workspace/cutlass/examples/120_hopper_fmha_sm120/88_hopper_fmha.cu
            instantiation of "void run_fwd_32(Fusion, const Options &, const cutlass::KernelHardwareInfo &) [with Fusion=cutlass::fmha::collective::CausalFusion]" at line 1163 of /home/yanwa/workspace/cutlass/examples/120_hopper_fmha_sm120/88_hopper_fmha.cu

/home/yanwa/workspace/cutlass/examples/120_hopper_fmha_sm120/kernel/../collective/fmha_collective_tma.hpp(284): error: a condition declaration can only declare one variable
        if constexpr (cute::is_same_v<typename CollectiveMmaQK::GmemTiledCopyB, SM90_TMA_LOAD_MULTICAST>) {
                                                                                ^
          detected during:
            instantiation of "auto cutlass::fmha::collective::FmhaMainloopTma<Element_, ElementAccumulator_, TileShape_, Fusion, Options...>::compute(int, const BlkCoord &, const cutlass::fmha::collective::FmhaMainloopTma<Element_, ElementAccumulator_, TileShape_, Fusion, Options...>::Params &, const ProblemShape &, cutlass::fmha::collective::FmhaMainloopTma<Element_, ElementAccumulator_, TileShape_, Fusion, Options...>::MainloopPipeline &, cutlass::fmha::collective::FmhaMainloopTma<Element_, ElementAccumulator_, TileShape_, Fusion, Options...>::PipelineState &, cutlass::fmha::collective::FmhaMainloopTma<Element_, ElementAccumulator_, TileShape_, Fusion, Options...>::PipelineState &, cutlass::fmha::collective::FmhaMainloopTma<Element_, ElementAccumulator_, TileShape_, Fusion, Options...>::MainloopPipelineQ &, cutlass::fmha::collective::FmhaMainloopTma<Element_, ElementAccumulator_, TileShape_, Fusion, Options...>::PipelineStateQ &, cutlass::fmha::collective::FmhaMainloopTma<Element_, ElementAccumulator_, TileShape_, Fusion, Options...>::PipelineStateQ &, cutlass::fmha::collective::FmhaMainloopTma<Element_, ElementAccumulator_, TileShape_, Fusion, Options...>::SharedStorage &) [with Element_=cutlass::half_t, ElementAccumulator_=float, TileShape_=cute::tuple<cute::_64, cute::_128, cute::_32>, Fusion=cutlass::fmha::collective::CausalFusion, Options=<>, BlkCoord=cute::tuple<unsigned int, cute::_0, cute::tuple<uint32_t, uint32_t>>, ProblemShape=cute::tuple<int, int, int, int, int>]" at line 212 of /home/yanwa/workspace/cutlass/examples/120_hopper_fmha_sm120/kernel/../kernel/fmha_kernel_tma.hpp
            instantiation of "void cutlass::fmha::kernel::FmhaKernelTma<CollectiveMainloop, CollectiveEpilogue, Options...>::operator()(const cutlass::fmha::kernel::FmhaKernelTma<CollectiveMainloop, CollectiveEpilogue, Options...>::Params &, char *) [with CollectiveMainloop=cutlass::fmha::collective::FmhaMainloopTma<cutlass::half_t, float, cute::tuple<cute::_64, cute::_128, cute::_32>, cutlass::fmha::collective::CausalFusion>, CollectiveEpilogue=cutlass::fmha::collective::FmhaFwdEpilogue<cutlass::half_t, float, cute::tuple<cute::_64, cute::_32, cute::_128>>, Options=<>]" at line 123 of /home/yanwa/workspace/cutlass/include/cutlass/device_kernel.h
            instantiation of "void cutlass::device_kernel<Operator>(Operator::Params) [with Operator=cutlass::fmha::kernel::FmhaKernelTma<cutlass::fmha::collective::FmhaMainloopTma<cutlass::half_t, float, cute::tuple<cute::_64, cute::_128, cute::_32>, cutlass::fmha::collective::CausalFusion>, cutlass::fmha::collective::FmhaFwdEpilogue<cutlass::half_t, float, cute::tuple<cute::_64, cute::_32, cute::_128>>>]" at line 177 of /home/yanwa/workspace/cutlass/examples/120_hopper_fmha_sm120/device/../device/device_universal.hpp
            instantiation of "cutlass::Status cutlass::device::Universal<Kernel_>::initialize(const cutlass::device::Universal<Kernel_>::Arguments &, void *, cudaStream_t) [with Kernel_=cutlass::fmha::kernel::FmhaKernelTma<cutlass::fmha::collective::FmhaMainloopTma<cutlass::half_t, float, cute::tuple<cute::_64, cute::_128, cute::_32>, cutlass::fmha::collective::CausalFusion>, cutlass::fmha::collective::FmhaFwdEpilogue<cutlass::half_t, float, cute::tuple<cute::_64, cute::_32, cute::_128>>>]" at line 445 of /home/yanwa/workspace/cutlass/examples/120_hopper_fmha_sm120/88_hopper_fmha.cu
            instantiation of "ExampleResult FwdRunner<TileShape, DispatchPolicy, ActiveFusion, KernelOptions...>::run(const Options &, const cutlass::KernelHardwareInfo &) [with TileShape=cute::tuple<cute::_64, cute::_128, cute::_32>, DispatchPolicy=KernelTma, ActiveFusion=cutlass::fmha::collective::CausalFusion, KernelOptions=<>]" at line 955 of /home/yanwa/workspace/cutlass/examples/120_hopper_fmha_sm120/88_hopper_fmha.cu
            instantiation of "void run_fwd_32(Fusion, const Options &, const cutlass::KernelHardwareInfo &) [with Fusion=cutlass::fmha::collective::CausalFusion]" at line 1163 of /home/yanwa/workspace/cutlass/examples/120_hopper_fmha_sm120/88_hopper_fmha.cu

/home/yanwa/workspace/cutlass/examples/120_hopper_fmha_sm120/kernel/../collective/fmha_collective_tma.hpp(284): error: expected a ")"
        if constexpr (cute::is_same_v<typename CollectiveMmaQK::GmemTiledCopyB, SM90_TMA_LOAD_MULTICAST>) {
                                                                                                       ^
          detected during:
            instantiation of "auto cutlass::fmha::collective::FmhaMainloopTma<Element_, ElementAccumulator_, TileShape_, Fusion, Options...>::compute(int, const BlkCoord &, const cutlass::fmha::collective::FmhaMainloopTma<Element_, ElementAccumulator_, TileShape_, Fusion, Options...>::Params &, const ProblemShape &, cutlass::fmha::collective::FmhaMainloopTma<Element_, ElementAccumulator_, TileShape_, Fusion, Options...>::MainloopPipeline &, cutlass::fmha::collective::FmhaMainloopTma<Element_, ElementAccumulator_, TileShape_, Fusion, Options...>::PipelineState &, cutlass::fmha::collective::FmhaMainloopTma<Element_, ElementAccumulator_, TileShape_, Fusion, Options...>::PipelineState &, cutlass::fmha::collective::FmhaMainloopTma<Element_, ElementAccumulator_, TileShape_, Fusion, Options...>::MainloopPipelineQ &, cutlass::fmha::collective::FmhaMainloopTma<Element_, ElementAccumulator_, TileShape_, Fusion, Options...>::PipelineStateQ &, cutlass::fmha::collective::FmhaMainloopTma<Element_, ElementAccumulator_, TileShape_, Fusion, Options...>::PipelineStateQ &, cutlass::fmha::collective::FmhaMainloopTma<Element_, ElementAccumulator_, TileShape_, Fusion, Options...>::SharedStorage &) [with Element_=cutlass::half_t, ElementAccumulator_=float, TileShape_=cute::tuple<cute::_64, cute::_128, cute::_32>, Fusion=cutlass::fmha::collective::CausalFusion, Options=<>, BlkCoord=cute::tuple<unsigned int, cute::_0, cute::tuple<uint32_t, uint32_t>>, ProblemShape=cute::tuple<int, int, int, int, int>]" at line 212 of /home/yanwa/workspace/cutlass/examples/120_hopper_fmha_sm120/kernel/../kernel/fmha_kernel_tma.hpp
            instantiation of "void cutlass::fmha::kernel::FmhaKernelTma<CollectiveMainloop, CollectiveEpilogue, Options...>::operator()(const cutlass::fmha::kernel::FmhaKernelTma<CollectiveMainloop, CollectiveEpilogue, Options...>::Params &, char *) [with CollectiveMainloop=cutlass::fmha::collective::FmhaMainloopTma<cutlass::half_t, float, cute::tuple<cute::_64, cute::_128, cute::_32>, cutlass::fmha::collective::CausalFusion>, CollectiveEpilogue=cutlass::fmha::collective::FmhaFwdEpilogue<cutlass::half_t, float, cute::tuple<cute::_64, cute::_32, cute::_128>>, Options=<>]" at line 123 of /home/yanwa/workspace/cutlass/include/cutlass/device_kernel.h
            instantiation of "void cutlass::device_kernel<Operator>(Operator::Params) [with Operator=cutlass::fmha::kernel::FmhaKernelTma<cutlass::fmha::collective::FmhaMainloopTma<cutlass::half_t, float, cute::tuple<cute::_64, cute::_128, cute::_32>, cutlass::fmha::collective::CausalFusion>, cutlass::fmha::collective::FmhaFwdEpilogue<cutlass::half_t, float, cute::tuple<cute::_64, cute::_32, cute::_128>>>]" at line 177 of /home/yanwa/workspace/cutlass/examples/120_hopper_fmha_sm120/device/../device/device_universal.hpp
            instantiation of "cutlass::Status cutlass::device::Universal<Kernel_>::initialize(const cutlass::device::Universal<Kernel_>::Arguments &, void *, cudaStream_t) [with Kernel_=cutlass::fmha::kernel::FmhaKernelTma<cutlass::fmha::collective::FmhaMainloopTma<cutlass::half_t, float, cute::tuple<cute::_64, cute::_128, cute::_32>, cutlass::fmha::collective::CausalFusion>, cutlass::fmha::collective::FmhaFwdEpilogue<cutlass::half_t, float, cute::tuple<cute::_64, cute::_32, cute::_128>>>]" at line 445 of /home/yanwa/workspace/cutlass/examples/120_hopper_fmha_sm120/88_hopper_fmha.cu
            instantiation of "ExampleResult FwdRunner<TileShape, DispatchPolicy, ActiveFusion, KernelOptions...>::run(const Options &, const cutlass::KernelHardwareInfo &) [with TileShape=cute::tuple<cute::_64, cute::_128, cute::_32>, DispatchPolicy=KernelTma, ActiveFusion=cutlass::fmha::collective::CausalFusion, KernelOptions=<>]" at line 955 of /home/yanwa/workspace/cutlass/examples/120_hopper_fmha_sm120/88_hopper_fmha.cu
            instantiation of "void run_fwd_32(Fusion, const Options &, const cutlass::KernelHardwareInfo &) [with Fusion=cutlass::fmha::collective::CausalFusion]" at line 1163 of /home/yanwa/workspace/cutlass/examples/120_hopper_fmha_sm120/88_hopper_fmha.cu

/home/yanwa/workspace/cutlass/examples/120_hopper_fmha_sm120/kernel/../collective/fmha_collective_tma.hpp(305): error: no instance of constructor "Tensor" matches the argument list
            argument types are: (<error-type>)
      Tensor sQ = make_tensor(make_smem_ptr(storage.smem_q.data()), SmemLayoutQ{});
             ^
          detected during:
            instantiation of "auto cutlass::fmha::collective::FmhaMainloopTma<Element_, ElementAccumulator_, TileShape_, Fusion, Options...>::compute(int, const BlkCoord &, const cutlass::fmha::collective::FmhaMainloopTma<Element_, ElementAccumulator_, TileShape_, Fusion, Options...>::Params &, const ProblemShape &, cutlass::fmha::collective::FmhaMainloopTma<Element_, ElementAccumulator_, TileShape_, Fusion, Options...>::MainloopPipeline &, cutlass::fmha::collective::FmhaMainloopTma<Element_, ElementAccumulator_, TileShape_, Fusion, Options...>::PipelineState &, cutlass::fmha::collective::FmhaMainloopTma<Element_, ElementAccumulator_, TileShape_, Fusion, Options...>::PipelineState &, cutlass::fmha::collective::FmhaMainloopTma<Element_, ElementAccumulator_, TileShape_, Fusion, Options...>::MainloopPipelineQ &, cutlass::fmha::collective::FmhaMainloopTma<Element_, ElementAccumulator_, TileShape_, Fusion, Options...>::PipelineStateQ &, cutlass::fmha::collective::FmhaMainloopTma<Element_, ElementAccumulator_, TileShape_, Fusion, Options...>::PipelineStateQ &, cutlass::fmha::collective::FmhaMainloopTma<Element_, ElementAccumulator_, TileShape_, Fusion, Options...>::SharedStorage &) [with Element_=cutlass::half_t, ElementAccumulator_=float, TileShape_=cute::tuple<cute::_64, cute::_128, cute::_32>, Fusion=cutlass::fmha::collective::CausalFusion, Options=<>, BlkCoord=cute::tuple<unsigned int, cute::_0, cute::tuple<uint32_t, uint32_t>>, ProblemShape=cute::tuple<int, int, int, int, int>]" at line 212 of /home/yanwa/workspace/cutlass/examples/120_hopper_fmha_sm120/kernel/../kernel/fmha_kernel_tma.hpp
            instantiation of "void cutlass::fmha::kernel::FmhaKernelTma<CollectiveMainloop, CollectiveEpilogue, Options...>::operator()(const cutlass::fmha::kernel::FmhaKernelTma<CollectiveMainloop, CollectiveEpilogue, Options...>::Params &, char *) [with CollectiveMainloop=cutlass::fmha::collective::FmhaMainloopTma<cutlass::half_t, float, cute::tuple<cute::_64, cute::_128, cute::_32>, cutlass::fmha::collective::CausalFusion>, CollectiveEpilogue=cutlass::fmha::collective::FmhaFwdEpilogue<cutlass::half_t, float, cute::tuple<cute::_64, cute::_32, cute::_128>>, Options=<>]" at line 123 of /home/yanwa/workspace/cutlass/include/cutlass/device_kernel.h
            instantiation of "void cutlass::device_kernel<Operator>(Operator::Params) [with Operator=cutlass::fmha::kernel::FmhaKernelTma<cutlass::fmha::collective::FmhaMainloopTma<cutlass::half_t, float, cute::tuple<cute::_64, cute::_128, cute::_32>, cutlass::fmha::collective::CausalFusion>, cutlass::fmha::collective::FmhaFwdEpilogue<cutlass::half_t, float, cute::tuple<cute::_64, cute::_32, cute::_128>>>]" at line 177 of /home/yanwa/workspace/cutlass/examples/120_hopper_fmha_sm120/device/../device/device_universal.hpp
            instantiation of "cutlass::Status cutlass::device::Universal<Kernel_>::initialize(const cutlass::device::Universal<Kernel_>::Arguments &, void *, cudaStream_t) [with Kernel_=cutlass::fmha::kernel::FmhaKernelTma<cutlass::fmha::collective::FmhaMainloopTma<cutlass::half_t, float, cute::tuple<cute::_64, cute::_128, cute::_32>, cutlass::fmha::collective::CausalFusion>, cutlass::fmha::collective::FmhaFwdEpilogue<cutlass::half_t, float, cute::tuple<cute::_64, cute::_32, cute::_128>>>]" at line 445 of /home/yanwa/workspace/cutlass/examples/120_hopper_fmha_sm120/88_hopper_fmha.cu
            instantiation of "ExampleResult FwdRunner<TileShape, DispatchPolicy, ActiveFusion, KernelOptions...>::run(const Options &, const cutlass::KernelHardwareInfo &) [with TileShape=cute::tuple<cute::_64, cute::_128, cute::_32>, DispatchPolicy=KernelTma, ActiveFusion=cutlass::fmha::collective::CausalFusion, KernelOptions=<>]" at line 955 of /home/yanwa/workspace/cutlass/examples/120_hopper_fmha_sm120/88_hopper_fmha.cu
            instantiation of "void run_fwd_32(Fusion, const Options &, const cutlass::KernelHardwareInfo &) [with Fusion=cutlass::fmha::collective::CausalFusion]" at line 1163 of /home/yanwa/workspace/cutlass/examples/120_hopper_fmha_sm120/88_hopper_fmha.cu

/home/yanwa/workspace/cutlass/examples/120_hopper_fmha_sm120/kernel/../collective/fmha_collective_tma.hpp(305): error: cannot deduce class template arguments
      Tensor sQ = make_tensor(make_smem_ptr(storage.smem_q.data()), SmemLayoutQ{});
      ^
          detected during:
            instantiation of "auto cutlass::fmha::collective::FmhaMainloopTma<Element_, ElementAccumulator_, TileShape_, Fusion, Options...>::compute(int, const BlkCoord &, const cutlass::fmha::collective::FmhaMainloopTma<Element_, ElementAccumulator_, TileShape_, Fusion, Options...>::Params &, const ProblemShape &, cutlass::fmha::collective::FmhaMainloopTma<Element_, ElementAccumulator_, TileShape_, Fusion, Options...>::MainloopPipeline &, cutlass::fmha::collective::FmhaMainloopTma<Element_, ElementAccumulator_, TileShape_, Fusion, Options...>::PipelineState &, cutlass::fmha::collective::FmhaMainloopTma<Element_, ElementAccumulator_, TileShape_, Fusion, Options...>::PipelineState &, cutlass::fmha::collective::FmhaMainloopTma<Element_, ElementAccumulator_, TileShape_, Fusion, Options...>::MainloopPipelineQ &, cutlass::fmha::collective::FmhaMainloopTma<Element_, ElementAccumulator_, TileShape_, Fusion, Options...>::PipelineStateQ &, cutlass::fmha::collective::FmhaMainloopTma<Element_, ElementAccumulator_, TileShape_, Fusion, Options...>::PipelineStateQ &, cutlass::fmha::collective::FmhaMainloopTma<Element_, ElementAccumulator_, TileShape_, Fusion, Options...>::SharedStorage &) [with Element_=cutlass::half_t, ElementAccumulator_=float, TileShape_=cute::tuple<cute::_64, cute::_128, cute::_32>, Fusion=cutlass::fmha::collective::CausalFusion, Options=<>, BlkCoord=cute::tuple<unsigned int, cute::_0, cute::tuple<uint32_t, uint32_t>>, ProblemShape=cute::tuple<int, int, int, int, int>]" at line 212 of /home/yanwa/workspace/cutlass/examples/120_hopper_fmha_sm120/kernel/../kernel/fmha_kernel_tma.hpp
            instantiation of "void cutlass::fmha::kernel::FmhaKernelTma<CollectiveMainloop, CollectiveEpilogue, Options...>::operator()(const cutlass::fmha::kernel::FmhaKernelTma<CollectiveMainloop, CollectiveEpilogue, Options...>::Params &, char *) [with CollectiveMainloop=cutlass::fmha::collective::FmhaMainloopTma<cutlass::half_t, float, cute::tuple<cute::_64, cute::_128, cute::_32>, cutlass::fmha::collective::CausalFusion>, CollectiveEpilogue=cutlass::fmha::collective::FmhaFwdEpilogue<cutlass::half_t, float, cute::tuple<cute::_64, cute::_32, cute::_128>>, Options=<>]" at line 123 of /home/yanwa/workspace/cutlass/include/cutlass/device_kernel.h
            instantiation of "void cutlass::device_kernel<Operator>(Operator::Params) [with Operator=cutlass::fmha::kernel::FmhaKernelTma<cutlass::fmha::collective::FmhaMainloopTma<cutlass::half_t, float, cute::tuple<cute::_64, cute::_128, cute::_32>, cutlass::fmha::collective::CausalFusion>, cutlass::fmha::collective::FmhaFwdEpilogue<cutlass::half_t, float, cute::tuple<cute::_64, cute::_32, cute::_128>>>]" at line 177 of /home/yanwa/workspace/cutlass/examples/120_hopper_fmha_sm120/device/../device/device_universal.hpp
            instantiation of "cutlass::Status cutlass::device::Universal<Kernel_>::initialize(const cutlass::device::Universal<Kernel_>::Arguments &, void *, cudaStream_t) [with Kernel_=cutlass::fmha::kernel::FmhaKernelTma<cutlass::fmha::collective::FmhaMainloopTma<cutlass::half_t, float, cute::tuple<cute::_64, cute::_128, cute::_32>, cutlass::fmha::collective::CausalFusion>, cutlass::fmha::collective::FmhaFwdEpilogue<cutlass::half_t, float, cute::tuple<cute::_64, cute::_32, cute::_128>>>]" at line 445 of /home/yanwa/workspace/cutlass/examples/120_hopper_fmha_sm120/88_hopper_fmha.cu
            instantiation of "ExampleResult FwdRunner<TileShape, DispatchPolicy, ActiveFusion, KernelOptions...>::run(const Options &, const cutlass::KernelHardwareInfo &) [with TileShape=cute::tuple<cute::_64, cute::_128, cute::_32>, DispatchPolicy=KernelTma, ActiveFusion=cutlass::fmha::collective::CausalFusion, KernelOptions=<>]" at line 955 of /home/yanwa/workspace/cutlass/examples/120_hopper_fmha_sm120/88_hopper_fmha.cu
            instantiation of "void run_fwd_32(Fusion, const Options &, const cutlass::KernelHardwareInfo &) [with Fusion=cutlass::fmha::collective::CausalFusion]" at line 1163 of /home/yanwa/workspace/cutlass/examples/120_hopper_fmha_sm120/88_hopper_fmha.cu

/home/yanwa/workspace/cutlass/examples/120_hopper_fmha_sm120/kernel/../collective/fmha_collective_tma.hpp(306): error: no instance of constructor "Tensor" matches the argument list
            argument types are: (<error-type>)
      Tensor sK = make_tensor(make_smem_ptr(storage.smem_k.data()), SmemLayoutK{});
             ^
          detected during:
            instantiation of "auto cutlass::fmha::collective::FmhaMainloopTma<Element_, ElementAccumulator_, TileShape_, Fusion, Options...>::compute(int, const BlkCoord &, const cutlass::fmha::collective::FmhaMainloopTma<Element_, ElementAccumulator_, TileShape_, Fusion, Options...>::Params &, const ProblemShape &, cutlass::fmha::collective::FmhaMainloopTma<Element_, ElementAccumulator_, TileShape_, Fusion, Options...>::MainloopPipeline &, cutlass::fmha::collective::FmhaMainloopTma<Element_, ElementAccumulator_, TileShape_, Fusion, Options...>::PipelineState &, cutlass::fmha::collective::FmhaMainloopTma<Element_, ElementAccumulator_, TileShape_, Fusion, Options...>::PipelineState &, cutlass::fmha::collective::FmhaMainloopTma<Element_, ElementAccumulator_, TileShape_, Fusion, Options...>::MainloopPipelineQ &, cutlass::fmha::collective::FmhaMainloopTma<Element_, ElementAccumulator_, TileShape_, Fusion, Options...>::PipelineStateQ &, cutlass::fmha::collective::FmhaMainloopTma<Element_, ElementAccumulator_, TileShape_, Fusion, Options...>::PipelineStateQ &, cutlass::fmha::collective::FmhaMainloopTma<Element_, ElementAccumulator_, TileShape_, Fusion, Options...>::SharedStorage &) [with Element_=cutlass::half_t, ElementAccumulator_=float, TileShape_=cute::tuple<cute::_64, cute::_128, cute::_32>, Fusion=cutlass::fmha::collective::CausalFusion, Options=<>, BlkCoord=cute::tuple<unsigned int, cute::_0, cute::tuple<uint32_t, uint32_t>>, ProblemShape=cute::tuple<int, int, int, int, int>]" at line 212 of /home/yanwa/workspace/cutlass/examples/120_hopper_fmha_sm120/kernel/../kernel/fmha_kernel_tma.hpp
            instantiation of "void cutlass::fmha::kernel::FmhaKernelTma<CollectiveMainloop, CollectiveEpilogue, Options...>::operator()(const cutlass::fmha::kernel::FmhaKernelTma<CollectiveMainloop, CollectiveEpilogue, Options...>::Params &, char *) [with CollectiveMainloop=cutlass::fmha::collective::FmhaMainloopTma<cutlass::half_t, float, cute::tuple<cute::_64, cute::_128, cute::_32>, cutlass::fmha::collective::CausalFusion>, CollectiveEpilogue=cutlass::fmha::collective::FmhaFwdEpilogue<cutlass::half_t, float, cute::tuple<cute::_64, cute::_32, cute::_128>>, Options=<>]" at line 123 of /home/yanwa/workspace/cutlass/include/cutlass/device_kernel.h
            instantiation of "void cutlass::device_kernel<Operator>(Operator::Params) [with Operator=cutlass::fmha::kernel::FmhaKernelTma<cutlass::fmha::collective::FmhaMainloopTma<cutlass::half_t, float, cute::tuple<cute::_64, cute::_128, cute::_32>, cutlass::fmha::collective::CausalFusion>, cutlass::fmha::collective::FmhaFwdEpilogue<cutlass::half_t, float, cute::tuple<cute::_64, cute::_32, cute::_128>>>]" at line 177 of /home/yanwa/workspace/cutlass/examples/120_hopper_fmha_sm120/device/../device/device_universal.hpp
            instantiation of "cutlass::Status cutlass::device::Universal<Kernel_>::initialize(const cutlass::device::Universal<Kernel_>::Arguments &, void *, cudaStream_t) [with Kernel_=cutlass::fmha::kernel::FmhaKernelTma<cutlass::fmha::collective::FmhaMainloopTma<cutlass::half_t, float, cute::tuple<cute::_64, cute::_128, cute::_32>, cutlass::fmha::collective::CausalFusion>, cutlass::fmha::collective::FmhaFwdEpilogue<cutlass::half_t, float, cute::tuple<cute::_64, cute::_32, cute::_128>>>]" at line 445 of /home/yanwa/workspace/cutlass/examples/120_hopper_fmha_sm120/88_hopper_fmha.cu
            instantiation of "ExampleResult FwdRunner<TileShape, DispatchPolicy, ActiveFusion, KernelOptions...>::run(const Options &, const cutlass::KernelHardwareInfo &) [with TileShape=cute::tuple<cute::_64, cute::_128, cute::_32>, DispatchPolicy=KernelTma, ActiveFusion=cutlass::fmha::collective::CausalFusion, KernelOptions=<>]" at line 955 of /home/yanwa/workspace/cutlass/examples/120_hopper_fmha_sm120/88_hopper_fmha.cu
            instantiation of "void run_fwd_32(Fusion, const Options &, const cutlass::KernelHardwareInfo &) [with Fusion=cutlass::fmha::collective::CausalFusion]" at line 1163 of /home/yanwa/workspace/cutlass/examples/120_hopper_fmha_sm120/88_hopper_fmha.cu

/home/yanwa/workspace/cutlass/examples/120_hopper_fmha_sm120/kernel/../collective/fmha_collective_tma.hpp(306): error: cannot deduce class template arguments
      Tensor sK = make_tensor(make_smem_ptr(storage.smem_k.data()), SmemLayoutK{});
      ^
          detected during:
            instantiation of "auto cutlass::fmha::collective::FmhaMainloopTma<Element_, ElementAccumulator_, TileShape_, Fusion, Options...>::compute(int, const BlkCoord &, const cutlass::fmha::collective::FmhaMainloopTma<Element_, ElementAccumulator_, TileShape_, Fusion, Options...>::Params &, const ProblemShape &, cutlass::fmha::collective::FmhaMainloopTma<Element_, ElementAccumulator_, TileShape_, Fusion, Options...>::MainloopPipeline &, cutlass::fmha::collective::FmhaMainloopTma<Element_, ElementAccumulator_, TileShape_, Fusion, Options...>::PipelineState &, cutlass::fmha::collective::FmhaMainloopTma<Element_, ElementAccumulator_, TileShape_, Fusion, Options...>::PipelineState &, cutlass::fmha::collective::FmhaMainloopTma<Element_, ElementAccumulator_, TileShape_, Fusion, Options...>::MainloopPipelineQ &, cutlass::fmha::collective::FmhaMainloopTma<Element_, ElementAccumulator_, TileShape_, Fusion, Options...>::PipelineStateQ &, cutlass::fmha::collective::FmhaMainloopTma<Element_, ElementAccumulator_, TileShape_, Fusion, Options...>::PipelineStateQ &, cutlass::fmha::collective::FmhaMainloopTma<Element_, ElementAccumulator_, TileShape_, Fusion, Options...>::SharedStorage &) [with Element_=cutlass::half_t, ElementAccumulator_=float, TileShape_=cute::tuple<cute::_64, cute::_128, cute::_32>, Fusion=cutlass::fmha::collective::CausalFusion, Options=<>, BlkCoord=cute::tuple<unsigned int, cute::_0, cute::tuple<uint32_t, uint32_t>>, ProblemShape=cute::tuple<int, int, int, int, int>]" at line 212 of /home/yanwa/workspace/cutlass/examples/120_hopper_fmha_sm120/kernel/../kernel/fmha_kernel_tma.hpp
            instantiation of "void cutlass::fmha::kernel::FmhaKernelTma<CollectiveMainloop, CollectiveEpilogue, Options...>::operator()(const cutlass::fmha::kernel::FmhaKernelTma<CollectiveMainloop, CollectiveEpilogue, Options...>::Params &, char *) [with CollectiveMainloop=cutlass::fmha::collective::FmhaMainloopTma<cutlass::half_t, float, cute::tuple<cute::_64, cute::_128, cute::_32>, cutlass::fmha::collective::CausalFusion>, CollectiveEpilogue=cutlass::fmha::collective::FmhaFwdEpilogue<cutlass::half_t, float, cute::tuple<cute::_64, cute::_32, cute::_128>>, Options=<>]" at line 123 of /home/yanwa/workspace/cutlass/include/cutlass/device_kernel.h
            instantiation of "void cutlass::device_kernel<Operator>(Operator::Params) [with Operator=cutlass::fmha::kernel::FmhaKernelTma<cutlass::fmha::collective::FmhaMainloopTma<cutlass::half_t, float, cute::tuple<cute::_64, cute::_128, cute::_32>, cutlass::fmha::collective::CausalFusion>, cutlass::fmha::collective::FmhaFwdEpilogue<cutlass::half_t, float, cute::tuple<cute::_64, cute::_32, cute::_128>>>]" at line 177 of /home/yanwa/workspace/cutlass/examples/120_hopper_fmha_sm120/device/../device/device_universal.hpp
            instantiation of "cutlass::Status cutlass::device::Universal<Kernel_>::initialize(const cutlass::device::Universal<Kernel_>::Arguments &, void *, cudaStream_t) [with Kernel_=cutlass::fmha::kernel::FmhaKernelTma<cutlass::fmha::collective::FmhaMainloopTma<cutlass::half_t, float, cute::tuple<cute::_64, cute::_128, cute::_32>, cutlass::fmha::collective::CausalFusion>, cutlass::fmha::collective::FmhaFwdEpilogue<cutlass::half_t, float, cute::tuple<cute::_64, cute::_32, cute::_128>>>]" at line 445 of /home/yanwa/workspace/cutlass/examples/120_hopper_fmha_sm120/88_hopper_fmha.cu
            instantiation of "ExampleResult FwdRunner<TileShape, DispatchPolicy, ActiveFusion, KernelOptions...>::run(const Options &, const cutlass::KernelHardwareInfo &) [with TileShape=cute::tuple<cute::_64, cute::_128, cute::_32>, DispatchPolicy=KernelTma, ActiveFusion=cutlass::fmha::collective::CausalFusion, KernelOptions=<>]" at line 955 of /home/yanwa/workspace/cutlass/examples/120_hopper_fmha_sm120/88_hopper_fmha.cu
            instantiation of "void run_fwd_32(Fusion, const Options &, const cutlass::KernelHardwareInfo &) [with Fusion=cutlass::fmha::collective::CausalFusion]" at line 1163 of /home/yanwa/workspace/cutlass/examples/120_hopper_fmha_sm120/88_hopper_fmha.cu

/home/yanwa/workspace/cutlass/examples/120_hopper_fmha_sm120/kernel/../collective/fmha_collective_tma.hpp(308): error: no instance of constructor "Tensor" matches the argument list
            argument types are: (<error-type>)
      Tensor tSsQ = thr_mma_qk.partition_A(sQ);
             ^
          detected during:
            instantiation of "auto cutlass::fmha::collective::FmhaMainloopTma<Element_, ElementAccumulator_, TileShape_, Fusion, Options...>::compute(int, const BlkCoord &, const cutlass::fmha::collective::FmhaMainloopTma<Element_, ElementAccumulator_, TileShape_, Fusion, Options...>::Params &, const ProblemShape &, cutlass::fmha::collective::FmhaMainloopTma<Element_, ElementAccumulator_, TileShape_, Fusion, Options...>::MainloopPipeline &, cutlass::fmha::collective::FmhaMainloopTma<Element_, ElementAccumulator_, TileShape_, Fusion, Options...>::PipelineState &, cutlass::fmha::collective::FmhaMainloopTma<Element_, ElementAccumulator_, TileShape_, Fusion, Options...>::PipelineState &, cutlass::fmha::collective::FmhaMainloopTma<Element_, ElementAccumulator_, TileShape_, Fusion, Options...>::MainloopPipelineQ &, cutlass::fmha::collective::FmhaMainloopTma<Element_, ElementAccumulator_, TileShape_, Fusion, Options...>::PipelineStateQ &, cutlass::fmha::collective::FmhaMainloopTma<Element_, ElementAccumulator_, TileShape_, Fusion, Options...>::PipelineStateQ &, cutlass::fmha::collective::FmhaMainloopTma<Element_, ElementAccumulator_, TileShape_, Fusion, Options...>::SharedStorage &) [with Element_=cutlass::half_t, ElementAccumulator_=float, TileShape_=cute::tuple<cute::_64, cute::_128, cute::_32>, Fusion=cutlass::fmha::collective::CausalFusion, Options=<>, BlkCoord=cute::tuple<unsigned int, cute::_0, cute::tuple<uint32_t, uint32_t>>, ProblemShape=cute::tuple<int, int, int, int, int>]" at line 212 of /home/yanwa/workspace/cutlass/examples/120_hopper_fmha_sm120/kernel/../kernel/fmha_kernel_tma.hpp
            instantiation of "void cutlass::fmha::kernel::FmhaKernelTma<CollectiveMainloop, CollectiveEpilogue, Options...>::operator()(const cutlass::fmha::kernel::FmhaKernelTma<CollectiveMainloop, CollectiveEpilogue, Options...>::Params &, char *) [with CollectiveMainloop=cutlass::fmha::collective::FmhaMainloopTma<cutlass::half_t, float, cute::tuple<cute::_64, cute::_128, cute::_32>, cutlass::fmha::collective::CausalFusion>, CollectiveEpilogue=cutlass::fmha::collective::FmhaFwdEpilogue<cutlass::half_t, float, cute::tuple<cute::_64, cute::_32, cute::_128>>, Options=<>]" at line 123 of /home/yanwa/workspace/cutlass/include/cutlass/device_kernel.h
            instantiation of "void cutlass::device_kernel<Operator>(Operator::Params) [with Operator=cutlass::fmha::kernel::FmhaKernelTma<cutlass::fmha::collective::FmhaMainloopTma<cutlass::half_t, float, cute::tuple<cute::_64, cute::_128, cute::_32>, cutlass::fmha::collective::CausalFusion>, cutlass::fmha::collective::FmhaFwdEpilogue<cutlass::half_t, float, cute::tuple<cute::_64, cute::_32, cute::_128>>>]" at line 177 of /home/yanwa/workspace/cutlass/examples/120_hopper_fmha_sm120/device/../device/device_universal.hpp
            instantiation of "cutlass::Status cutlass::device::Universal<Kernel_>::initialize(const cutlass::device::Universal<Kernel_>::Arguments &, void *, cudaStream_t) [with Kernel_=cutlass::fmha::kernel::FmhaKernelTma<cutlass::fmha::collective::FmhaMainloopTma<cutlass::half_t, float, cute::tuple<cute::_64, cute::_128, cute::_32>, cutlass::fmha::collective::CausalFusion>, cutlass::fmha::collective::FmhaFwdEpilogue<cutlass::half_t, float, cute::tuple<cute::_64, cute::_32, cute::_128>>>]" at line 445 of /home/yanwa/workspace/cutlass/examples/120_hopper_fmha_sm120/88_hopper_fmha.cu
            instantiation of "ExampleResult FwdRunner<TileShape, DispatchPolicy, ActiveFusion, KernelOptions...>::run(const Options &, const cutlass::KernelHardwareInfo &) [with TileShape=cute::tuple<cute::_64, cute::_128, cute::_32>, DispatchPolicy=KernelTma, ActiveFusion=cutlass::fmha::collective::CausalFusion, KernelOptions=<>]" at line 955 of /home/yanwa/workspace/cutlass/examples/120_hopper_fmha_sm120/88_hopper_fmha.cu
            instantiation of "void run_fwd_32(Fusion, const Options &, const cutlass::KernelHardwareInfo &) [with Fusion=cutlass::fmha::collective::CausalFusion]" at line 1163 of /home/yanwa/workspace/cutlass/examples/120_hopper_fmha_sm120/88_hopper_fmha.cu

/home/yanwa/workspace/cutlass/examples/120_hopper_fmha_sm120/kernel/../collective/fmha_collective_tma.hpp(308): error: cannot deduce class template arguments
      Tensor tSsQ = thr_mma_qk.partition_A(sQ);
      ^
          detected during:
            instantiation of "auto cutlass::fmha::collective::FmhaMainloopTma<Element_, ElementAccumulator_, TileShape_, Fusion, Options...>::compute(int, const BlkCoord &, const cutlass::fmha::collective::FmhaMainloopTma<Element_, ElementAccumulator_, TileShape_, Fusion, Options...>::Params &, const ProblemShape &, cutlass::fmha::collective::FmhaMainloopTma<Element_, ElementAccumulator_, TileShape_, Fusion, Options...>::MainloopPipeline &, cutlass::fmha::collective::FmhaMainloopTma<Element_, ElementAccumulator_, TileShape_, Fusion, Options...>::PipelineState &, cutlass::fmha::collective::FmhaMainloopTma<Element_, ElementAccumulator_, TileShape_, Fusion, Options...>::PipelineState &, cutlass::fmha::collective::FmhaMainloopTma<Element_, ElementAccumulator_, TileShape_, Fusion, Options...>::MainloopPipelineQ &, cutlass::fmha::collective::FmhaMainloopTma<Element_, ElementAccumulator_, TileShape_, Fusion, Options...>::PipelineStateQ &, cutlass::fmha::collective::FmhaMainloopTma<Element_, ElementAccumulator_, TileShape_, Fusion, Options...>::PipelineStateQ &, cutlass::fmha::collective::FmhaMainloopTma<Element_, ElementAccumulator_, TileShape_, Fusion, Options...>::SharedStorage &) [with Element_=cutlass::half_t, ElementAccumulator_=float, TileShape_=cute::tuple<cute::_64, cute::_128, cute::_32>, Fusion=cutlass::fmha::collective::CausalFusion, Options=<>, BlkCoord=cute::tuple<unsigned int, cute::_0, cute::tuple<uint32_t, uint32_t>>, ProblemShape=cute::tuple<int, int, int, int, int>]" at line 212 of /home/yanwa/workspace/cutlass/examples/120_hopper_fmha_sm120/kernel/../kernel/fmha_kernel_tma.hpp
            instantiation of "void cutlass::fmha::kernel::FmhaKernelTma<CollectiveMainloop, CollectiveEpilogue, Options...>::operator()(const cutlass::fmha::kernel::FmhaKernelTma<CollectiveMainloop, CollectiveEpilogue, Options...>::Params &, char *) [with CollectiveMainloop=cutlass::fmha::collective::FmhaMainloopTma<cutlass::half_t, float, cute::tuple<cute::_64, cute::_128, cute::_32>, cutlass::fmha::collective::CausalFusion>, CollectiveEpilogue=cutlass::fmha::collective::FmhaFwdEpilogue<cutlass::half_t, float, cute::tuple<cute::_64, cute::_32, cute::_128>>, Options=<>]" at line 123 of /home/yanwa/workspace/cutlass/include/cutlass/device_kernel.h
            instantiation of "void cutlass::device_kernel<Operator>(Operator::Params) [with Operator=cutlass::fmha::kernel::FmhaKernelTma<cutlass::fmha::collective::FmhaMainloopTma<cutlass::half_t, float, cute::tuple<cute::_64, cute::_128, cute::_32>, cutlass::fmha::collective::CausalFusion>, cutlass::fmha::collective::FmhaFwdEpilogue<cutlass::half_t, float, cute::tuple<cute::_64, cute::_32, cute::_128>>>]" at line 177 of /home/yanwa/workspace/cutlass/examples/120_hopper_fmha_sm120/device/../device/device_universal.hpp
            instantiation of "cutlass::Status cutlass::device::Universal<Kernel_>::initialize(const cutlass::device::Universal<Kernel_>::Arguments &, void *, cudaStream_t) [with Kernel_=cutlass::fmha::kernel::FmhaKernelTma<cutlass::fmha::collective::FmhaMainloopTma<cutlass::half_t, float, cute::tuple<cute::_64, cute::_128, cute::_32>, cutlass::fmha::collective::CausalFusion>, cutlass::fmha::collective::FmhaFwdEpilogue<cutlass::half_t, float, cute::tuple<cute::_64, cute::_32, cute::_128>>>]" at line 445 of /home/yanwa/workspace/cutlass/examples/120_hopper_fmha_sm120/88_hopper_fmha.cu
            instantiation of "ExampleResult FwdRunner<TileShape, DispatchPolicy, ActiveFusion, KernelOptions...>::run(const Options &, const cutlass::KernelHardwareInfo &) [with TileShape=cute::tuple<cute::_64, cute::_128, cute::_32>, DispatchPolicy=KernelTma, ActiveFusion=cutlass::fmha::collective::CausalFusion, KernelOptions=<>]" at line 955 of /home/yanwa/workspace/cutlass/examples/120_hopper_fmha_sm120/88_hopper_fmha.cu
            instantiation of "void run_fwd_32(Fusion, const Options &, const cutlass::KernelHardwareInfo &) [with Fusion=cutlass::fmha::collective::CausalFusion]" at line 1163 of /home/yanwa/workspace/cutlass/examples/120_hopper_fmha_sm120/88_hopper_fmha.cu

/home/yanwa/workspace/cutlass/examples/120_hopper_fmha_sm120/kernel/../collective/fmha_collective_tma.hpp(309): error: no instance of constructor "Tensor" matches the argument list
            argument types are: (<error-type>)
      Tensor tSsK = thr_mma_qk.partition_B(sK);
             ^
          detected during:
            instantiation of "auto cutlass::fmha::collective::FmhaMainloopTma<Element_, ElementAccumulator_, TileShape_, Fusion, Options...>::compute(int, const BlkCoord &, const cutlass::fmha::collective::FmhaMainloopTma<Element_, ElementAccumulator_, TileShape_, Fusion, Options...>::Params &, const ProblemShape &, cutlass::fmha::collective::FmhaMainloopTma<Element_, ElementAccumulator_, TileShape_, Fusion, Options...>::MainloopPipeline &, cutlass::fmha::collective::FmhaMainloopTma<Element_, ElementAccumulator_, TileShape_, Fusion, Options...>::PipelineState &, cutlass::fmha::collective::FmhaMainloopTma<Element_, ElementAccumulator_, TileShape_, Fusion, Options...>::PipelineState &, cutlass::fmha::collective::FmhaMainloopTma<Element_, ElementAccumulator_, TileShape_, Fusion, Options...>::MainloopPipelineQ &, cutlass::fmha::collective::FmhaMainloopTma<Element_, ElementAccumulator_, TileShape_, Fusion, Options...>::PipelineStateQ &, cutlass::fmha::collective::FmhaMainloopTma<Element_, ElementAccumulator_, TileShape_, Fusion, Options...>::PipelineStateQ &, cutlass::fmha::collective::FmhaMainloopTma<Element_, ElementAccumulator_, TileShape_, Fusion, Options...>::SharedStorage &) [with Element_=cutlass::half_t, ElementAccumulator_=float, TileShape_=cute::tuple<cute::_64, cute::_128, cute::_32>, Fusion=cutlass::fmha::collective::CausalFusion, Options=<>, BlkCoord=cute::tuple<unsigned int, cute::_0, cute::tuple<uint32_t, uint32_t>>, ProblemShape=cute::tuple<int, int, int, int, int>]" at line 212 of /home/yanwa/workspace/cutlass/examples/120_hopper_fmha_sm120/kernel/../kernel/fmha_kernel_tma.hpp
            instantiation of "void cutlass::fmha::kernel::FmhaKernelTma<CollectiveMainloop, CollectiveEpilogue, Options...>::operator()(const cutlass::fmha::kernel::FmhaKernelTma<CollectiveMainloop, CollectiveEpilogue, Options...>::Params &, char *) [with CollectiveMainloop=cutlass::fmha::collective::FmhaMainloopTma<cutlass::half_t, float, cute::tuple<cute::_64, cute::_128, cute::_32>, cutlass::fmha::collective::CausalFusion>, CollectiveEpilogue=cutlass::fmha::collective::FmhaFwdEpilogue<cutlass::half_t, float, cute::tuple<cute::_64, cute::_32, cute::_128>>, Options=<>]" at line 123 of /home/yanwa/workspace/cutlass/include/cutlass/device_kernel.h
            instantiation of "void cutlass::device_kernel<Operator>(Operator::Params) [with Operator=cutlass::fmha::kernel::FmhaKernelTma<cutlass::fmha::collective::FmhaMainloopTma<cutlass::half_t, float, cute::tuple<cute::_64, cute::_128, cute::_32>, cutlass::fmha::collective::CausalFusion>, cutlass::fmha::collective::FmhaFwdEpilogue<cutlass::half_t, float, cute::tuple<cute::_64, cute::_32, cute::_128>>>]" at line 177 of /home/yanwa/workspace/cutlass/examples/120_hopper_fmha_sm120/device/../device/device_universal.hpp
            instantiation of "cutlass::Status cutlass::device::Universal<Kernel_>::initialize(const cutlass::device::Universal<Kernel_>::Arguments &, void *, cudaStream_t) [with Kernel_=cutlass::fmha::kernel::FmhaKernelTma<cutlass::fmha::collective::FmhaMainloopTma<cutlass::half_t, float, cute::tuple<cute::_64, cute::_128, cute::_32>, cutlass::fmha::collective::CausalFusion>, cutlass::fmha::collective::FmhaFwdEpilogue<cutlass::half_t, float, cute::tuple<cute::_64, cute::_32, cute::_128>>>]" at line 445 of /home/yanwa/workspace/cutlass/examples/120_hopper_fmha_sm120/88_hopper_fmha.cu
            instantiation of "ExampleResult FwdRunner<TileShape, DispatchPolicy, ActiveFusion, KernelOptions...>::run(const Options &, const cutlass::KernelHardwareInfo &) [with TileShape=cute::tuple<cute::_64, cute::_128, cute::_32>, DispatchPolicy=KernelTma, ActiveFusion=cutlass::fmha::collective::CausalFusion, KernelOptions=<>]" at line 955 of /home/yanwa/workspace/cutlass/examples/120_hopper_fmha_sm120/88_hopper_fmha.cu
            instantiation of "void run_fwd_32(Fusion, const Options &, const cutlass::KernelHardwareInfo &) [with Fusion=cutlass::fmha::collective::CausalFusion]" at line 1163 of /home/yanwa/workspace/cutlass/examples/120_hopper_fmha_sm120/88_hopper_fmha.cu

/home/yanwa/workspace/cutlass/examples/120_hopper_fmha_sm120/kernel/../collective/fmha_collective_tma.hpp(309): error: cannot deduce class template arguments
      Tensor tSsK = thr_mma_qk.partition_B(sK);
      ^
          detected during:
            instantiation of "auto cutlass::fmha::collective::FmhaMainloopTma<Element_, ElementAccumulator_, TileShape_, Fusion, Options...>::compute(int, const BlkCoord &, const cutlass::fmha::collective::FmhaMainloopTma<Element_, ElementAccumulator_, TileShape_, Fusion, Options...>::Params &, const ProblemShape &, cutlass::fmha::collective::FmhaMainloopTma<Element_, ElementAccumulator_, TileShape_, Fusion, Options...>::MainloopPipeline &, cutlass::fmha::collective::FmhaMainloopTma<Element_, ElementAccumulator_, TileShape_, Fusion, Options...>::PipelineState &, cutlass::fmha::collective::FmhaMainloopTma<Element_, ElementAccumulator_, TileShape_, Fusion, Options...>::PipelineState &, cutlass::fmha::collective::FmhaMainloopTma<Element_, ElementAccumulator_, TileShape_, Fusion, Options...>::MainloopPipelineQ &, cutlass::fmha::collective::FmhaMainloopTma<Element_, ElementAccumulator_, TileShape_, Fusion, Options...>::PipelineStateQ &, cutlass::fmha::collective::FmhaMainloopTma<Element_, ElementAccumulator_, TileShape_, Fusion, Options...>::PipelineStateQ &, cutlass::fmha::collective::FmhaMainloopTma<Element_, ElementAccumulator_, TileShape_, Fusion, Options...>::SharedStorage &) [with Element_=cutlass::half_t, ElementAccumulator_=float, TileShape_=cute::tuple<cute::_64, cute::_128, cute::_32>, Fusion=cutlass::fmha::collective::CausalFusion, Options=<>, BlkCoord=cute::tuple<unsigned int, cute::_0, cute::tuple<uint32_t, uint32_t>>, ProblemShape=cute::tuple<int, int, int, int, int>]" at line 212 of /home/yanwa/workspace/cutlass/examples/120_hopper_fmha_sm120/kernel/../kernel/fmha_kernel_tma.hpp
            instantiation of "void cutlass::fmha::kernel::FmhaKernelTma<CollectiveMainloop, CollectiveEpilogue, Options...>::operator()(const cutlass::fmha::kernel::FmhaKernelTma<CollectiveMainloop, CollectiveEpilogue, Options...>::Params &, char *) [with CollectiveMainloop=cutlass::fmha::collective::FmhaMainloopTma<cutlass::half_t, float, cute::tuple<cute::_64, cute::_128, cute::_32>, cutlass::fmha::collective::CausalFusion>, CollectiveEpilogue=cutlass::fmha::collective::FmhaFwdEpilogue<cutlass::half_t, float, cute::tuple<cute::_64, cute::_32, cute::_128>>, Options=<>]" at line 123 of /home/yanwa/workspace/cutlass/include/cutlass/device_kernel.h
            instantiation of "void cutlass::device_kernel<Operator>(Operator::Params) [with Operator=cutlass::fmha::kernel::FmhaKernelTma<cutlass::fmha::collective::FmhaMainloopTma<cutlass::half_t, float, cute::tuple<cute::_64, cute::_128, cute::_32>, cutlass::fmha::collective::CausalFusion>, cutlass::fmha::collective::FmhaFwdEpilogue<cutlass::half_t, float, cute::tuple<cute::_64, cute::_32, cute::_128>>>]" at line 177 of /home/yanwa/workspace/cutlass/examples/120_hopper_fmha_sm120/device/../device/device_universal.hpp
            instantiation of "cutlass::Status cutlass::device::Universal<Kernel_>::initialize(const cutlass::device::Universal<Kernel_>::Arguments &, void *, cudaStream_t) [with Kernel_=cutlass::fmha::kernel::FmhaKernelTma<cutlass::fmha::collective::FmhaMainloopTma<cutlass::half_t, float, cute::tuple<cute::_64, cute::_128, cute::_32>, cutlass::fmha::collective::CausalFusion>, cutlass::fmha::collective::FmhaFwdEpilogue<cutlass::half_t, float, cute::tuple<cute::_64, cute::_32, cute::_128>>>]" at line 445 of /home/yanwa/workspace/cutlass/examples/120_hopper_fmha_sm120/88_hopper_fmha.cu
            instantiation of "ExampleResult FwdRunner<TileShape, DispatchPolicy, ActiveFusion, KernelOptions...>::run(const Options &, const cutlass::KernelHardwareInfo &) [with TileShape=cute::tuple<cute::_64, cute::_128, cute::_32>, DispatchPolicy=KernelTma, ActiveFusion=cutlass::fmha::collective::CausalFusion, KernelOptions=<>]" at line 955 of /home/yanwa/workspace/cutlass/examples/120_hopper_fmha_sm120/88_hopper_fmha.cu
            instantiation of "void run_fwd_32(Fusion, const Options &, const cutlass::KernelHardwareInfo &) [with Fusion=cutlass::fmha::collective::CausalFusion]" at line 1163 of /home/yanwa/workspace/cutlass/examples/120_hopper_fmha_sm120/88_hopper_fmha.cu

/home/yanwa/workspace/cutlass/examples/120_hopper_fmha_sm120/kernel/../collective/fmha_collective_tma.hpp(310): error: no instance of constructor "Tensor" matches the argument list
            argument types are: (<error-type>)
      Tensor tSrQ = thr_mma_qk.make_fragment_A(tSsQ);
             ^
          detected during:
            instantiation of "auto cutlass::fmha::collective::FmhaMainloopTma<Element_, ElementAccumulator_, TileShape_, Fusion, Options...>::compute(int, const BlkCoord &, const cutlass::fmha::collective::FmhaMainloopTma<Element_, ElementAccumulator_, TileShape_, Fusion, Options...>::Params &, const ProblemShape &, cutlass::fmha::collective::FmhaMainloopTma<Element_, ElementAccumulator_, TileShape_, Fusion, Options...>::MainloopPipeline &, cutlass::fmha::collective::FmhaMainloopTma<Element_, ElementAccumulator_, TileShape_, Fusion, Options...>::PipelineState &, cutlass::fmha::collective::FmhaMainloopTma<Element_, ElementAccumulator_, TileShape_, Fusion, Options...>::PipelineState &, cutlass::fmha::collective::FmhaMainloopTma<Element_, ElementAccumulator_, TileShape_, Fusion, Options...>::MainloopPipelineQ &, cutlass::fmha::collective::FmhaMainloopTma<Element_, ElementAccumulator_, TileShape_, Fusion, Options...>::PipelineStateQ &, cutlass::fmha::collective::FmhaMainloopTma<Element_, ElementAccumulator_, TileShape_, Fusion, Options...>::PipelineStateQ &, cutlass::fmha::collective::FmhaMainloopTma<Element_, ElementAccumulator_, TileShape_, Fusion, Options...>::SharedStorage &) [with Element_=cutlass::half_t, ElementAccumulator_=float, TileShape_=cute::tuple<cute::_64, cute::_128, cute::_32>, Fusion=cutlass::fmha::collective::CausalFusion, Options=<>, BlkCoord=cute::tuple<unsigned int, cute::_0, cute::tuple<uint32_t, uint32_t>>, ProblemShape=cute::tuple<int, int, int, int, int>]" at line 212 of /home/yanwa/workspace/cutlass/examples/120_hopper_fmha_sm120/kernel/../kernel/fmha_kernel_tma.hpp
            instantiation of "void cutlass::fmha::kernel::FmhaKernelTma<CollectiveMainloop, CollectiveEpilogue, Options...>::operator()(const cutlass::fmha::kernel::FmhaKernelTma<CollectiveMainloop, CollectiveEpilogue, Options...>::Params &, char *) [with CollectiveMainloop=cutlass::fmha::collective::FmhaMainloopTma<cutlass::half_t, float, cute::tuple<cute::_64, cute::_128, cute::_32>, cutlass::fmha::collective::CausalFusion>, CollectiveEpilogue=cutlass::fmha::collective::FmhaFwdEpilogue<cutlass::half_t, float, cute::tuple<cute::_64, cute::_32, cute::_128>>, Options=<>]" at line 123 of /home/yanwa/workspace/cutlass/include/cutlass/device_kernel.h
            instantiation of "void cutlass::device_kernel<Operator>(Operator::Params) [with Operator=cutlass::fmha::kernel::FmhaKernelTma<cutlass::fmha::collective::FmhaMainloopTma<cutlass::half_t, float, cute::tuple<cute::_64, cute::_128, cute::_32>, cutlass::fmha::collective::CausalFusion>, cutlass::fmha::collective::FmhaFwdEpilogue<cutlass::half_t, float, cute::tuple<cute::_64, cute::_32, cute::_128>>>]" at line 177 of /home/yanwa/workspace/cutlass/examples/120_hopper_fmha_sm120/device/../device/device_universal.hpp
            instantiation of "cutlass::Status cutlass::device::Universal<Kernel_>::initialize(const cutlass::device::Universal<Kernel_>::Arguments &, void *, cudaStream_t) [with Kernel_=cutlass::fmha::kernel::FmhaKernelTma<cutlass::fmha::collective::FmhaMainloopTma<cutlass::half_t, float, cute::tuple<cute::_64, cute::_128, cute::_32>, cutlass::fmha::collective::CausalFusion>, cutlass::fmha::collective::FmhaFwdEpilogue<cutlass::half_t, float, cute::tuple<cute::_64, cute::_32, cute::_128>>>]" at line 445 of /home/yanwa/workspace/cutlass/examples/120_hopper_fmha_sm120/88_hopper_fmha.cu
            instantiation of "ExampleResult FwdRunner<TileShape, DispatchPolicy, ActiveFusion, KernelOptions...>::run(const Options &, const cutlass::KernelHardwareInfo &) [with TileShape=cute::tuple<cute::_64, cute::_128, cute::_32>, DispatchPolicy=KernelTma, ActiveFusion=cutlass::fmha::collective::CausalFusion, KernelOptions=<>]" at line 955 of /home/yanwa/workspace/cutlass/examples/120_hopper_fmha_sm120/88_hopper_fmha.cu
            instantiation of "void run_fwd_32(Fusion, const Options &, const cutlass::KernelHardwareInfo &) [with Fusion=cutlass::fmha::collective::CausalFusion]" at line 1163 of /home/yanwa/workspace/cutlass/examples/120_hopper_fmha_sm120/88_hopper_fmha.cu

/home/yanwa/workspace/cutlass/examples/120_hopper_fmha_sm120/kernel/../collective/fmha_collective_tma.hpp(310): error: cannot deduce class template arguments
      Tensor tSrQ = thr_mma_qk.make_fragment_A(tSsQ);
      ^
          detected during:
            instantiation of "auto cutlass::fmha::collective::FmhaMainloopTma<Element_, ElementAccumulator_, TileShape_, Fusion, Options...>::compute(int, const BlkCoord &, const cutlass::fmha::collective::FmhaMainloopTma<Element_, ElementAccumulator_, TileShape_, Fusion, Options...>::Params &, const ProblemShape &, cutlass::fmha::collective::FmhaMainloopTma<Element_, ElementAccumulator_, TileShape_, Fusion, Options...>::MainloopPipeline &, cutlass::fmha::collective::FmhaMainloopTma<Element_, ElementAccumulator_, TileShape_, Fusion, Options...>::PipelineState &, cutlass::fmha::collective::FmhaMainloopTma<Element_, ElementAccumulator_, TileShape_, Fusion, Options...>::PipelineState &, cutlass::fmha::collective::FmhaMainloopTma<Element_, ElementAccumulator_, TileShape_, Fusion, Options...>::MainloopPipelineQ &, cutlass::fmha::collective::FmhaMainloopTma<Element_, ElementAccumulator_, TileShape_, Fusion, Options...>::PipelineStateQ &, cutlass::fmha::collective::FmhaMainloopTma<Element_, ElementAccumulator_, TileShape_, Fusion, Options...>::PipelineStateQ &, cutlass::fmha::collective::FmhaMainloopTma<Element_, ElementAccumulator_, TileShape_, Fusion, Options...>::SharedStorage &) [with Element_=cutlass::half_t, ElementAccumulator_=float, TileShape_=cute::tuple<cute::_64, cute::_128, cute::_32>, Fusion=cutlass::fmha::collective::CausalFusion, Options=<>, BlkCoord=cute::tuple<unsigned int, cute::_0, cute::tuple<uint32_t, uint32_t>>, ProblemShape=cute::tuple<int, int, int, int, int>]" at line 212 of /home/yanwa/workspace/cutlass/examples/120_hopper_fmha_sm120/kernel/../kernel/fmha_kernel_tma.hpp
            instantiation of "void cutlass::fmha::kernel::FmhaKernelTma<CollectiveMainloop, CollectiveEpilogue, Options...>::operator()(const cutlass::fmha::kernel::FmhaKernelTma<CollectiveMainloop, CollectiveEpilogue, Options...>::Params &, char *) [with CollectiveMainloop=cutlass::fmha::collective::FmhaMainloopTma<cutlass::half_t, float, cute::tuple<cute::_64, cute::_128, cute::_32>, cutlass::fmha::collective::CausalFusion>, CollectiveEpilogue=cutlass::fmha::collective::FmhaFwdEpilogue<cutlass::half_t, float, cute::tuple<cute::_64, cute::_32, cute::_128>>, Options=<>]" at line 123 of /home/yanwa/workspace/cutlass/include/cutlass/device_kernel.h
            instantiation of "void cutlass::device_kernel<Operator>(Operator::Params) [with Operator=cutlass::fmha::kernel::FmhaKernelTma<cutlass::fmha::collective::FmhaMainloopTma<cutlass::half_t, float, cute::tuple<cute::_64, cute::_128, cute::_32>, cutlass::fmha::collective::CausalFusion>, cutlass::fmha::collective::FmhaFwdEpilogue<cutlass::half_t, float, cute::tuple<cute::_64, cute::_32, cute::_128>>>]" at line 177 of /home/yanwa/workspace/cutlass/examples/120_hopper_fmha_sm120/device/../device/device_universal.hpp
            instantiation of "cutlass::Status cutlass::device::Universal<Kernel_>::initialize(const cutlass::device::Universal<Kernel_>::Arguments &, void *, cudaStream_t) [with Kernel_=cutlass::fmha::kernel::FmhaKernelTma<cutlass::fmha::collective::FmhaMainloopTma<cutlass::half_t, float, cute::tuple<cute::_64, cute::_128, cute::_32>, cutlass::fmha::collective::CausalFusion>, cutlass::fmha::collective::FmhaFwdEpilogue<cutlass::half_t, float, cute::tuple<cute::_64, cute::_32, cute::_128>>>]" at line 445 of /home/yanwa/workspace/cutlass/examples/120_hopper_fmha_sm120/88_hopper_fmha.cu
            instantiation of "ExampleResult FwdRunner<TileShape, DispatchPolicy, ActiveFusion, KernelOptions...>::run(const Options &, const cutlass::KernelHardwareInfo &) [with TileShape=cute::tuple<cute::_64, cute::_128, cute::_32>, DispatchPolicy=KernelTma, ActiveFusion=cutlass::fmha::collective::CausalFusion, KernelOptions=<>]" at line 955 of /home/yanwa/workspace/cutlass/examples/120_hopper_fmha_sm120/88_hopper_fmha.cu
            instantiation of "void run_fwd_32(Fusion, const Options &, const cutlass::KernelHardwareInfo &) [with Fusion=cutlass::fmha::collective::CausalFusion]" at line 1163 of /home/yanwa/workspace/cutlass/examples/120_hopper_fmha_sm120/88_hopper_fmha.cu

/home/yanwa/workspace/cutlass/examples/120_hopper_fmha_sm120/kernel/../collective/fmha_collective_tma.hpp(311): error: no instance of constructor "Tensor" matches the argument list
            argument types are: (<error-type>)
      Tensor tSrK = thr_mma_qk.make_fragment_B(tSsK);
             ^
          detected during:
            instantiation of "auto cutlass::fmha::collective::FmhaMainloopTma<Element_, ElementAccumulator_, TileShape_, Fusion, Options...>::compute(int, const BlkCoord &, const cutlass::fmha::collective::FmhaMainloopTma<Element_, ElementAccumulator_, TileShape_, Fusion, Options...>::Params &, const ProblemShape &, cutlass::fmha::collective::FmhaMainloopTma<Element_, ElementAccumulator_, TileShape_, Fusion, Options...>::MainloopPipeline &, cutlass::fmha::collective::FmhaMainloopTma<Element_, ElementAccumulator_, TileShape_, Fusion, Options...>::PipelineState &, cutlass::fmha::collective::FmhaMainloopTma<Element_, ElementAccumulator_, TileShape_, Fusion, Options...>::PipelineState &, cutlass::fmha::collective::FmhaMainloopTma<Element_, ElementAccumulator_, TileShape_, Fusion, Options...>::MainloopPipelineQ &, cutlass::fmha::collective::FmhaMainloopTma<Element_, ElementAccumulator_, TileShape_, Fusion, Options...>::PipelineStateQ &, cutlass::fmha::collective::FmhaMainloopTma<Element_, ElementAccumulator_, TileShape_, Fusion, Options...>::PipelineStateQ &, cutlass::fmha::collective::FmhaMainloopTma<Element_, ElementAccumulator_, TileShape_, Fusion, Options...>::SharedStorage &) [with Element_=cutlass::half_t, ElementAccumulator_=float, TileShape_=cute::tuple<cute::_64, cute::_128, cute::_32>, Fusion=cutlass::fmha::collective::CausalFusion, Options=<>, BlkCoord=cute::tuple<unsigned int, cute::_0, cute::tuple<uint32_t, uint32_t>>, ProblemShape=cute::tuple<int, int, int, int, int>]" at line 212 of /home/yanwa/workspace/cutlass/examples/120_hopper_fmha_sm120/kernel/../kernel/fmha_kernel_tma.hpp
            instantiation of "void cutlass::fmha::kernel::FmhaKernelTma<CollectiveMainloop, CollectiveEpilogue, Options...>::operator()(const cutlass::fmha::kernel::FmhaKernelTma<CollectiveMainloop, CollectiveEpilogue, Options...>::Params &, char *) [with CollectiveMainloop=cutlass::fmha::collective::FmhaMainloopTma<cutlass::half_t, float, cute::tuple<cute::_64, cute::_128, cute::_32>, cutlass::fmha::collective::CausalFusion>, CollectiveEpilogue=cutlass::fmha::collective::FmhaFwdEpilogue<cutlass::half_t, float, cute::tuple<cute::_64, cute::_32, cute::_128>>, Options=<>]" at line 123 of /home/yanwa/workspace/cutlass/include/cutlass/device_kernel.h
            instantiation of "void cutlass::device_kernel<Operator>(Operator::Params) [with Operator=cutlass::fmha::kernel::FmhaKernelTma<cutlass::fmha::collective::FmhaMainloopTma<cutlass::half_t, float, cute::tuple<cute::_64, cute::_128, cute::_32>, cutlass::fmha::collective::CausalFusion>, cutlass::fmha::collective::FmhaFwdEpilogue<cutlass::half_t, float, cute::tuple<cute::_64, cute::_32, cute::_128>>>]" at line 177 of /home/yanwa/workspace/cutlass/examples/120_hopper_fmha_sm120/device/../device/device_universal.hpp
            instantiation of "cutlass::Status cutlass::device::Universal<Kernel_>::initialize(const cutlass::device::Universal<Kernel_>::Arguments &, void *, cudaStream_t) [with Kernel_=cutlass::fmha::kernel::FmhaKernelTma<cutlass::fmha::collective::FmhaMainloopTma<cutlass::half_t, float, cute::tuple<cute::_64, cute::_128, cute::_32>, cutlass::fmha::collective::CausalFusion>, cutlass::fmha::collective::FmhaFwdEpilogue<cutlass::half_t, float, cute::tuple<cute::_64, cute::_32, cute::_128>>>]" at line 445 of /home/yanwa/workspace/cutlass/examples/120_hopper_fmha_sm120/88_hopper_fmha.cu
            instantiation of "ExampleResult FwdRunner<TileShape, DispatchPolicy, ActiveFusion, KernelOptions...>::run(const Options &, const cutlass::KernelHardwareInfo &) [with TileShape=cute::tuple<cute::_64, cute::_128, cute::_32>, DispatchPolicy=KernelTma, ActiveFusion=cutlass::fmha::collective::CausalFusion, KernelOptions=<>]" at line 955 of /home/yanwa/workspace/cutlass/examples/120_hopper_fmha_sm120/88_hopper_fmha.cu
            instantiation of "void run_fwd_32(Fusion, const Options &, const cutlass::KernelHardwareInfo &) [with Fusion=cutlass::fmha::collective::CausalFusion]" at line 1163 of /home/yanwa/workspace/cutlass/examples/120_hopper_fmha_sm120/88_hopper_fmha.cu

/home/yanwa/workspace/cutlass/examples/120_hopper_fmha_sm120/kernel/../collective/fmha_collective_tma.hpp(311): error: cannot deduce class template arguments
      Tensor tSrK = thr_mma_qk.make_fragment_B(tSsK);
      ^
          detected during:
            instantiation of "auto cutlass::fmha::collective::FmhaMainloopTma<Element_, ElementAccumulator_, TileShape_, Fusion, Options...>::compute(int, const BlkCoord &, const cutlass::fmha::collective::FmhaMainloopTma<Element_, ElementAccumulator_, TileShape_, Fusion, Options...>::Params &, const ProblemShape &, cutlass::fmha::collective::FmhaMainloopTma<Element_, ElementAccumulator_, TileShape_, Fusion, Options...>::MainloopPipeline &, cutlass::fmha::collective::FmhaMainloopTma<Element_, ElementAccumulator_, TileShape_, Fusion, Options...>::PipelineState &, cutlass::fmha::collective::FmhaMainloopTma<Element_, ElementAccumulator_, TileShape_, Fusion, Options...>::PipelineState &, cutlass::fmha::collective::FmhaMainloopTma<Element_, ElementAccumulator_, TileShape_, Fusion, Options...>::MainloopPipelineQ &, cutlass::fmha::collective::FmhaMainloopTma<Element_, ElementAccumulator_, TileShape_, Fusion, Options...>::PipelineStateQ &, cutlass::fmha::collective::FmhaMainloopTma<Element_, ElementAccumulator_, TileShape_, Fusion, Options...>::PipelineStateQ &, cutlass::fmha::collective::FmhaMainloopTma<Element_, ElementAccumulator_, TileShape_, Fusion, Options...>::SharedStorage &) [with Element_=cutlass::half_t, ElementAccumulator_=float, TileShape_=cute::tuple<cute::_64, cute::_128, cute::_32>, Fusion=cutlass::fmha::collective::CausalFusion, Options=<>, BlkCoord=cute::tuple<unsigned int, cute::_0, cute::tuple<uint32_t, uint32_t>>, ProblemShape=cute::tuple<int, int, int, int, int>]" at line 212 of /home/yanwa/workspace/cutlass/examples/120_hopper_fmha_sm120/kernel/../kernel/fmha_kernel_tma.hpp
            instantiation of "void cutlass::fmha::kernel::FmhaKernelTma<CollectiveMainloop, CollectiveEpilogue, Options...>::operator()(const cutlass::fmha::kernel::FmhaKernelTma<CollectiveMainloop, CollectiveEpilogue, Options...>::Params &, char *) [with CollectiveMainloop=cutlass::fmha::collective::FmhaMainloopTma<cutlass::half_t, float, cute::tuple<cute::_64, cute::_128, cute::_32>, cutlass::fmha::collective::CausalFusion>, CollectiveEpilogue=cutlass::fmha::collective::FmhaFwdEpilogue<cutlass::half_t, float, cute::tuple<cute::_64, cute::_32, cute::_128>>, Options=<>]" at line 123 of /home/yanwa/workspace/cutlass/include/cutlass/device_kernel.h
            instantiation of "void cutlass::device_kernel<Operator>(Operator::Params) [with Operator=cutlass::fmha::kernel::FmhaKernelTma<cutlass::fmha::collective::FmhaMainloopTma<cutlass::half_t, float, cute::tuple<cute::_64, cute::_128, cute::_32>, cutlass::fmha::collective::CausalFusion>, cutlass::fmha::collective::FmhaFwdEpilogue<cutlass::half_t, float, cute::tuple<cute::_64, cute::_32, cute::_128>>>]" at line 177 of /home/yanwa/workspace/cutlass/examples/120_hopper_fmha_sm120/device/../device/device_universal.hpp
            instantiation of "cutlass::Status cutlass::device::Universal<Kernel_>::initialize(const cutlass::device::Universal<Kernel_>::Arguments &, void *, cudaStream_t) [with Kernel_=cutlass::fmha::kernel::FmhaKernelTma<cutlass::fmha::collective::FmhaMainloopTma<cutlass::half_t, float, cute::tuple<cute::_64, cute::_128, cute::_32>, cutlass::fmha::collective::CausalFusion>, cutlass::fmha::collective::FmhaFwdEpilogue<cutlass::half_t, float, cute::tuple<cute::_64, cute::_32, cute::_128>>>]" at line 445 of /home/yanwa/workspace/cutlass/examples/120_hopper_fmha_sm120/88_hopper_fmha.cu
            instantiation of "ExampleResult FwdRunner<TileShape, DispatchPolicy, ActiveFusion, KernelOptions...>::run(const Options &, const cutlass::KernelHardwareInfo &) [with TileShape=cute::tuple<cute::_64, cute::_128, cute::_32>, DispatchPolicy=KernelTma, ActiveFusion=cutlass::fmha::collective::CausalFusion, KernelOptions=<>]" at line 955 of /home/yanwa/workspace/cutlass/examples/120_hopper_fmha_sm120/88_hopper_fmha.cu
            instantiation of "void run_fwd_32(Fusion, const Options &, const cutlass::KernelHardwareInfo &) [with Fusion=cutlass::fmha::collective::CausalFusion]" at line 1163 of /home/yanwa/workspace/cutlass/examples/120_hopper_fmha_sm120/88_hopper_fmha.cu

/home/yanwa/workspace/cutlass/examples/120_hopper_fmha_sm120/kernel/../collective/fmha_collective_tma.hpp(318): error: no instance of constructor "Tensor" matches the argument list
            argument types are: (<error-type>)
      Tensor sV = make_tensor(make_smem_ptr(storage.smem_v.data()), SmemLayoutV{});
             ^
          detected during:
            instantiation of "auto cutlass::fmha::collective::FmhaMainloopTma<Element_, ElementAccumulator_, TileShape_, Fusion, Options...>::compute(int, const BlkCoord &, const cutlass::fmha::collective::FmhaMainloopTma<Element_, ElementAccumulator_, TileShape_, Fusion, Options...>::Params &, const ProblemShape &, cutlass::fmha::collective::FmhaMainloopTma<Element_, ElementAccumulator_, TileShape_, Fusion, Options...>::MainloopPipeline &, cutlass::fmha::collective::FmhaMainloopTma<Element_, ElementAccumulator_, TileShape_, Fusion, Options...>::PipelineState &, cutlass::fmha::collective::FmhaMainloopTma<Element_, ElementAccumulator_, TileShape_, Fusion, Options...>::PipelineState &, cutlass::fmha::collective::FmhaMainloopTma<Element_, ElementAccumulator_, TileShape_, Fusion, Options...>::MainloopPipelineQ &, cutlass::fmha::collective::FmhaMainloopTma<Element_, ElementAccumulator_, TileShape_, Fusion, Options...>::PipelineStateQ &, cutlass::fmha::collective::FmhaMainloopTma<Element_, ElementAccumulator_, TileShape_, Fusion, Options...>::PipelineStateQ &, cutlass::fmha::collective::FmhaMainloopTma<Element_, ElementAccumulator_, TileShape_, Fusion, Options...>::SharedStorage &) [with Element_=cutlass::half_t, ElementAccumulator_=float, TileShape_=cute::tuple<cute::_64, cute::_128, cute::_32>, Fusion=cutlass::fmha::collective::CausalFusion, Options=<>, BlkCoord=cute::tuple<unsigned int, cute::_0, cute::tuple<uint32_t, uint32_t>>, ProblemShape=cute::tuple<int, int, int, int, int>]" at line 212 of /home/yanwa/workspace/cutlass/examples/120_hopper_fmha_sm120/kernel/../kernel/fmha_kernel_tma.hpp
            instantiation of "void cutlass::fmha::kernel::FmhaKernelTma<CollectiveMainloop, CollectiveEpilogue, Options...>::operator()(const cutlass::fmha::kernel::FmhaKernelTma<CollectiveMainloop, CollectiveEpilogue, Options...>::Params &, char *) [with CollectiveMainloop=cutlass::fmha::collective::FmhaMainloopTma<cutlass::half_t, float, cute::tuple<cute::_64, cute::_128, cute::_32>, cutlass::fmha::collective::CausalFusion>, CollectiveEpilogue=cutlass::fmha::collective::FmhaFwdEpilogue<cutlass::half_t, float, cute::tuple<cute::_64, cute::_32, cute::_128>>, Options=<>]" at line 123 of /home/yanwa/workspace/cutlass/include/cutlass/device_kernel.h
            instantiation of "void cutlass::device_kernel<Operator>(Operator::Params) [with Operator=cutlass::fmha::kernel::FmhaKernelTma<cutlass::fmha::collective::FmhaMainloopTma<cutlass::half_t, float, cute::tuple<cute::_64, cute::_128, cute::_32>, cutlass::fmha::collective::CausalFusion>, cutlass::fmha::collective::FmhaFwdEpilogue<cutlass::half_t, float, cute::tuple<cute::_64, cute::_32, cute::_128>>>]" at line 177 of /home/yanwa/workspace/cutlass/examples/120_hopper_fmha_sm120/device/../device/device_universal.hpp
            instantiation of "cutlass::Status cutlass::device::Universal<Kernel_>::initialize(const cutlass::device::Universal<Kernel_>::Arguments &, void *, cudaStream_t) [with Kernel_=cutlass::fmha::kernel::FmhaKernelTma<cutlass::fmha::collective::FmhaMainloopTma<cutlass::half_t, float, cute::tuple<cute::_64, cute::_128, cute::_32>, cutlass::fmha::collective::CausalFusion>, cutlass::fmha::collective::FmhaFwdEpilogue<cutlass::half_t, float, cute::tuple<cute::_64, cute::_32, cute::_128>>>]" at line 445 of /home/yanwa/workspace/cutlass/examples/120_hopper_fmha_sm120/88_hopper_fmha.cu
            instantiation of "ExampleResult FwdRunner<TileShape, DispatchPolicy, ActiveFusion, KernelOptions...>::run(const Options &, const cutlass::KernelHardwareInfo &) [with TileShape=cute::tuple<cute::_64, cute::_128, cute::_32>, DispatchPolicy=KernelTma, ActiveFusion=cutlass::fmha::collective::CausalFusion, KernelOptions=<>]" at line 955 of /home/yanwa/workspace/cutlass/examples/120_hopper_fmha_sm120/88_hopper_fmha.cu
            instantiation of "void run_fwd_32(Fusion, const Options &, const cutlass::KernelHardwareInfo &) [with Fusion=cutlass::fmha::collective::CausalFusion]" at line 1163 of /home/yanwa/workspace/cutlass/examples/120_hopper_fmha_sm120/88_hopper_fmha.cu

/home/yanwa/workspace/cutlass/examples/120_hopper_fmha_sm120/kernel/../collective/fmha_collective_tma.hpp(318): error: cannot deduce class template arguments
      Tensor sV = make_tensor(make_smem_ptr(storage.smem_v.data()), SmemLayoutV{});
      ^
          detected during:
            instantiation of "auto cutlass::fmha::collective::FmhaMainloopTma<Element_, ElementAccumulator_, TileShape_, Fusion, Options...>::compute(int, const BlkCoord &, const cutlass::fmha::collective::FmhaMainloopTma<Element_, ElementAccumulator_, TileShape_, Fusion, Options...>::Params &, const ProblemShape &, cutlass::fmha::collective::FmhaMainloopTma<Element_, ElementAccumulator_, TileShape_, Fusion, Options...>::MainloopPipeline &, cutlass::fmha::collective::FmhaMainloopTma<Element_, ElementAccumulator_, TileShape_, Fusion, Options...>::PipelineState &, cutlass::fmha::collective::FmhaMainloopTma<Element_, ElementAccumulator_, TileShape_, Fusion, Options...>::PipelineState &, cutlass::fmha::collective::FmhaMainloopTma<Element_, ElementAccumulator_, TileShape_, Fusion, Options...>::MainloopPipelineQ &, cutlass::fmha::collective::FmhaMainloopTma<Element_, ElementAccumulator_, TileShape_, Fusion, Options...>::PipelineStateQ &, cutlass::fmha::collective::FmhaMainloopTma<Element_, ElementAccumulator_, TileShape_, Fusion, Options...>::PipelineStateQ &, cutlass::fmha::collective::FmhaMainloopTma<Element_, ElementAccumulator_, TileShape_, Fusion, Options...>::SharedStorage &) [with Element_=cutlass::half_t, ElementAccumulator_=float, TileShape_=cute::tuple<cute::_64, cute::_128, cute::_32>, Fusion=cutlass::fmha::collective::CausalFusion, Options=<>, BlkCoord=cute::tuple<unsigned int, cute::_0, cute::tuple<uint32_t, uint32_t>>, ProblemShape=cute::tuple<int, int, int, int, int>]" at line 212 of /home/yanwa/workspace/cutlass/examples/120_hopper_fmha_sm120/kernel/../kernel/fmha_kernel_tma.hpp
            instantiation of "void cutlass::fmha::kernel::FmhaKernelTma<CollectiveMainloop, CollectiveEpilogue, Options...>::operator()(const cutlass::fmha::kernel::FmhaKernelTma<CollectiveMainloop, CollectiveEpilogue, Options...>::Params &, char *) [with CollectiveMainloop=cutlass::fmha::collective::FmhaMainloopTma<cutlass::half_t, float, cute::tuple<cute::_64, cute::_128, cute::_32>, cutlass::fmha::collective::CausalFusion>, CollectiveEpilogue=cutlass::fmha::collective::FmhaFwdEpilogue<cutlass::half_t, float, cute::tuple<cute::_64, cute::_32, cute::_128>>, Options=<>]" at line 123 of /home/yanwa/workspace/cutlass/include/cutlass/device_kernel.h
            instantiation of "void cutlass::device_kernel<Operator>(Operator::Params) [with Operator=cutlass::fmha::kernel::FmhaKernelTma<cutlass::fmha::collective::FmhaMainloopTma<cutlass::half_t, float, cute::tuple<cute::_64, cute::_128, cute::_32>, cutlass::fmha::collective::CausalFusion>, cutlass::fmha::collective::FmhaFwdEpilogue<cutlass::half_t, float, cute::tuple<cute::_64, cute::_32, cute::_128>>>]" at line 177 of /home/yanwa/workspace/cutlass/examples/120_hopper_fmha_sm120/device/../device/device_universal.hpp
            instantiation of "cutlass::Status cutlass::device::Universal<Kernel_>::initialize(const cutlass::device::Universal<Kernel_>::Arguments &, void *, cudaStream_t) [with Kernel_=cutlass::fmha::kernel::FmhaKernelTma<cutlass::fmha::collective::FmhaMainloopTma<cutlass::half_t, float, cute::tuple<cute::_64, cute::_128, cute::_32>, cutlass::fmha::collective::CausalFusion>, cutlass::fmha::collective::FmhaFwdEpilogue<cutlass::half_t, float, cute::tuple<cute::_64, cute::_32, cute::_128>>>]" at line 445 of /home/yanwa/workspace/cutlass/examples/120_hopper_fmha_sm120/88_hopper_fmha.cu
            instantiation of "ExampleResult FwdRunner<TileShape, DispatchPolicy, ActiveFusion, KernelOptions...>::run(const Options &, const cutlass::KernelHardwareInfo &) [with TileShape=cute::tuple<cute::_64, cute::_128, cute::_32>, DispatchPolicy=KernelTma, ActiveFusion=cutlass::fmha::collective::CausalFusion, KernelOptions=<>]" at line 955 of /home/yanwa/workspace/cutlass/examples/120_hopper_fmha_sm120/88_hopper_fmha.cu
            instantiation of "void run_fwd_32(Fusion, const Options &, const cutlass::KernelHardwareInfo &) [with Fusion=cutlass::fmha::collective::CausalFusion]" at line 1163 of /home/yanwa/workspace/cutlass/examples/120_hopper_fmha_sm120/88_hopper_fmha.cu

/home/yanwa/workspace/cutlass/examples/120_hopper_fmha_sm120/kernel/../collective/fmha_collective_tma.hpp(320): error: no instance of constructor "Tensor" matches the argument list
            argument types are: (<error-type>)
      Tensor tOsV = thr_mma_pv.partition_B(sV);
             ^
          detected during:
            instantiation of "auto cutlass::fmha::collective::FmhaMainloopTma<Element_, ElementAccumulator_, TileShape_, Fusion, Options...>::compute(int, const BlkCoord &, const cutlass::fmha::collective::FmhaMainloopTma<Element_, ElementAccumulator_, TileShape_, Fusion, Options...>::Params &, const ProblemShape &, cutlass::fmha::collective::FmhaMainloopTma<Element_, ElementAccumulator_, TileShape_, Fusion, Options...>::MainloopPipeline &, cutlass::fmha::collective::FmhaMainloopTma<Element_, ElementAccumulator_, TileShape_, Fusion, Options...>::PipelineState &, cutlass::fmha::collective::FmhaMainloopTma<Element_, ElementAccumulator_, TileShape_, Fusion, Options...>::PipelineState &, cutlass::fmha::collective::FmhaMainloopTma<Element_, ElementAccumulator_, TileShape_, Fusion, Options...>::MainloopPipelineQ &, cutlass::fmha::collective::FmhaMainloopTma<Element_, ElementAccumulator_, TileShape_, Fusion, Options...>::PipelineStateQ &, cutlass::fmha::collective::FmhaMainloopTma<Element_, ElementAccumulator_, TileShape_, Fusion, Options...>::PipelineStateQ &, cutlass::fmha::collective::FmhaMainloopTma<Element_, ElementAccumulator_, TileShape_, Fusion, Options...>::SharedStorage &) [with Element_=cutlass::half_t, ElementAccumulator_=float, TileShape_=cute::tuple<cute::_64, cute::_128, cute::_32>, Fusion=cutlass::fmha::collective::CausalFusion, Options=<>, BlkCoord=cute::tuple<unsigned int, cute::_0, cute::tuple<uint32_t, uint32_t>>, ProblemShape=cute::tuple<int, int, int, int, int>]" at line 212 of /home/yanwa/workspace/cutlass/examples/120_hopper_fmha_sm120/kernel/../kernel/fmha_kernel_tma.hpp
            instantiation of "void cutlass::fmha::kernel::FmhaKernelTma<CollectiveMainloop, CollectiveEpilogue, Options...>::operator()(const cutlass::fmha::kernel::FmhaKernelTma<CollectiveMainloop, CollectiveEpilogue, Options...>::Params &, char *) [with CollectiveMainloop=cutlass::fmha::collective::FmhaMainloopTma<cutlass::half_t, float, cute::tuple<cute::_64, cute::_128, cute::_32>, cutlass::fmha::collective::CausalFusion>, CollectiveEpilogue=cutlass::fmha::collective::FmhaFwdEpilogue<cutlass::half_t, float, cute::tuple<cute::_64, cute::_32, cute::_128>>, Options=<>]" at line 123 of /home/yanwa/workspace/cutlass/include/cutlass/device_kernel.h
            instantiation of "void cutlass::device_kernel<Operator>(Operator::Params) [with Operator=cutlass::fmha::kernel::FmhaKernelTma<cutlass::fmha::collective::FmhaMainloopTma<cutlass::half_t, float, cute::tuple<cute::_64, cute::_128, cute::_32>, cutlass::fmha::collective::CausalFusion>, cutlass::fmha::collective::FmhaFwdEpilogue<cutlass::half_t, float, cute::tuple<cute::_64, cute::_32, cute::_128>>>]" at line 177 of /home/yanwa/workspace/cutlass/examples/120_hopper_fmha_sm120/device/../device/device_universal.hpp
            instantiation of "cutlass::Status cutlass::device::Universal<Kernel_>::initialize(const cutlass::device::Universal<Kernel_>::Arguments &, void *, cudaStream_t) [with Kernel_=cutlass::fmha::kernel::FmhaKernelTma<cutlass::fmha::collective::FmhaMainloopTma<cutlass::half_t, float, cute::tuple<cute::_64, cute::_128, cute::_32>, cutlass::fmha::collective::CausalFusion>, cutlass::fmha::collective::FmhaFwdEpilogue<cutlass::half_t, float, cute::tuple<cute::_64, cute::_32, cute::_128>>>]" at line 445 of /home/yanwa/workspace/cutlass/examples/120_hopper_fmha_sm120/88_hopper_fmha.cu
            instantiation of "ExampleResult FwdRunner<TileShape, DispatchPolicy, ActiveFusion, KernelOptions...>::run(const Options &, const cutlass::KernelHardwareInfo &) [with TileShape=cute::tuple<cute::_64, cute::_128, cute::_32>, DispatchPolicy=KernelTma, ActiveFusion=cutlass::fmha::collective::CausalFusion, KernelOptions=<>]" at line 955 of /home/yanwa/workspace/cutlass/examples/120_hopper_fmha_sm120/88_hopper_fmha.cu
            instantiation of "void run_fwd_32(Fusion, const Options &, const cutlass::KernelHardwareInfo &) [with Fusion=cutlass::fmha::collective::CausalFusion]" at line 1163 of /home/yanwa/workspace/cutlass/examples/120_hopper_fmha_sm120/88_hopper_fmha.cu

/home/yanwa/workspace/cutlass/examples/120_hopper_fmha_sm120/kernel/../collective/fmha_collective_tma.hpp(320): error: cannot deduce class template arguments
      Tensor tOsV = thr_mma_pv.partition_B(sV);
      ^
          detected during:
            instantiation of "auto cutlass::fmha::collective::FmhaMainloopTma<Element_, ElementAccumulator_, TileShape_, Fusion, Options...>::compute(int, const BlkCoord &, const cutlass::fmha::collective::FmhaMainloopTma<Element_, ElementAccumulator_, TileShape_, Fusion, Options...>::Params &, const ProblemShape &, cutlass::fmha::collective::FmhaMainloopTma<Element_, ElementAccumulator_, TileShape_, Fusion, Options...>::MainloopPipeline &, cutlass::fmha::collective::FmhaMainloopTma<Element_, ElementAccumulator_, TileShape_, Fusion, Options...>::PipelineState &, cutlass::fmha::collective::FmhaMainloopTma<Element_, ElementAccumulator_, TileShape_, Fusion, Options...>::PipelineState &, cutlass::fmha::collective::FmhaMainloopTma<Element_, ElementAccumulator_, TileShape_, Fusion, Options...>::MainloopPipelineQ &, cutlass::fmha::collective::FmhaMainloopTma<Element_, ElementAccumulator_, TileShape_, Fusion, Options...>::PipelineStateQ &, cutlass::fmha::collective::FmhaMainloopTma<Element_, ElementAccumulator_, TileShape_, Fusion, Options...>::PipelineStateQ &, cutlass::fmha::collective::FmhaMainloopTma<Element_, ElementAccumulator_, TileShape_, Fusion, Options...>::SharedStorage &) [with Element_=cutlass::half_t, ElementAccumulator_=float, TileShape_=cute::tuple<cute::_64, cute::_128, cute::_32>, Fusion=cutlass::fmha::collective::CausalFusion, Options=<>, BlkCoord=cute::tuple<unsigned int, cute::_0, cute::tuple<uint32_t, uint32_t>>, ProblemShape=cute::tuple<int, int, int, int, int>]" at line 212 of /home/yanwa/workspace/cutlass/examples/120_hopper_fmha_sm120/kernel/../kernel/fmha_kernel_tma.hpp
            instantiation of "void cutlass::fmha::kernel::FmhaKernelTma<CollectiveMainloop, CollectiveEpilogue, Options...>::operator()(const cutlass::fmha::kernel::FmhaKernelTma<CollectiveMainloop, CollectiveEpilogue, Options...>::Params &, char *) [with CollectiveMainloop=cutlass::fmha::collective::FmhaMainloopTma<cutlass::half_t, float, cute::tuple<cute::_64, cute::_128, cute::_32>, cutlass::fmha::collective::CausalFusion>, CollectiveEpilogue=cutlass::fmha::collective::FmhaFwdEpilogue<cutlass::half_t, float, cute::tuple<cute::_64, cute::_32, cute::_128>>, Options=<>]" at line 123 of /home/yanwa/workspace/cutlass/include/cutlass/device_kernel.h
            instantiation of "void cutlass::device_kernel<Operator>(Operator::Params) [with Operator=cutlass::fmha::kernel::FmhaKernelTma<cutlass::fmha::collective::FmhaMainloopTma<cutlass::half_t, float, cute::tuple<cute::_64, cute::_128, cute::_32>, cutlass::fmha::collective::CausalFusion>, cutlass::fmha::collective::FmhaFwdEpilogue<cutlass::half_t, float, cute::tuple<cute::_64, cute::_32, cute::_128>>>]" at line 177 of /home/yanwa/workspace/cutlass/examples/120_hopper_fmha_sm120/device/../device/device_universal.hpp
            instantiation of "cutlass::Status cutlass::device::Universal<Kernel_>::initialize(const cutlass::device::Universal<Kernel_>::Arguments &, void *, cudaStream_t) [with Kernel_=cutlass::fmha::kernel::FmhaKernelTma<cutlass::fmha::collective::FmhaMainloopTma<cutlass::half_t, float, cute::tuple<cute::_64, cute::_128, cute::_32>, cutlass::fmha::collective::CausalFusion>, cutlass::fmha::collective::FmhaFwdEpilogue<cutlass::half_t, float, cute::tuple<cute::_64, cute::_32, cute::_128>>>]" at line 445 of /home/yanwa/workspace/cutlass/examples/120_hopper_fmha_sm120/88_hopper_fmha.cu
            instantiation of "ExampleResult FwdRunner<TileShape, DispatchPolicy, ActiveFusion, KernelOptions...>::run(const Options &, const cutlass::KernelHardwareInfo &) [with TileShape=cute::tuple<cute::_64, cute::_128, cute::_32>, DispatchPolicy=KernelTma, ActiveFusion=cutlass::fmha::collective::CausalFusion, KernelOptions=<>]" at line 955 of /home/yanwa/workspace/cutlass/examples/120_hopper_fmha_sm120/88_hopper_fmha.cu
            instantiation of "void run_fwd_32(Fusion, const Options &, const cutlass::KernelHardwareInfo &) [with Fusion=cutlass::fmha::collective::CausalFusion]" at line 1163 of /home/yanwa/workspace/cutlass/examples/120_hopper_fmha_sm120/88_hopper_fmha.cu

/home/yanwa/workspace/cutlass/examples/120_hopper_fmha_sm120/kernel/../collective/fmha_collective_tma.hpp(321): error: no instance of constructor "Tensor" matches the argument list
            argument types are: (<error-type>)
      Tensor tOrV = thr_mma_pv.make_fragment_B(tOsV);
             ^
          detected during:
            instantiation of "auto cutlass::fmha::collective::FmhaMainloopTma<Element_, ElementAccumulator_, TileShape_, Fusion, Options...>::compute(int, const BlkCoord &, const cutlass::fmha::collective::FmhaMainloopTma<Element_, ElementAccumulator_, TileShape_, Fusion, Options...>::Params &, const ProblemShape &, cutlass::fmha::collective::FmhaMainloopTma<Element_, ElementAccumulator_, TileShape_, Fusion, Options...>::MainloopPipeline &, cutlass::fmha::collective::FmhaMainloopTma<Element_, ElementAccumulator_, TileShape_, Fusion, Options...>::PipelineState &, cutlass::fmha::collective::FmhaMainloopTma<Element_, ElementAccumulator_, TileShape_, Fusion, Options...>::PipelineState &, cutlass::fmha::collective::FmhaMainloopTma<Element_, ElementAccumulator_, TileShape_, Fusion, Options...>::MainloopPipelineQ &, cutlass::fmha::collective::FmhaMainloopTma<Element_, ElementAccumulator_, TileShape_, Fusion, Options...>::PipelineStateQ &, cutlass::fmha::collective::FmhaMainloopTma<Element_, ElementAccumulator_, TileShape_, Fusion, Options...>::PipelineStateQ &, cutlass::fmha::collective::FmhaMainloopTma<Element_, ElementAccumulator_, TileShape_, Fusion, Options...>::SharedStorage &) [with Element_=cutlass::half_t, ElementAccumulator_=float, TileShape_=cute::tuple<cute::_64, cute::_128, cute::_32>, Fusion=cutlass::fmha::collective::CausalFusion, Options=<>, BlkCoord=cute::tuple<unsigned int, cute::_0, cute::tuple<uint32_t, uint32_t>>, ProblemShape=cute::tuple<int, int, int, int, int>]" at line 212 of /home/yanwa/workspace/cutlass/examples/120_hopper_fmha_sm120/kernel/../kernel/fmha_kernel_tma.hpp
            instantiation of "void cutlass::fmha::kernel::FmhaKernelTma<CollectiveMainloop, CollectiveEpilogue, Options...>::operator()(const cutlass::fmha::kernel::FmhaKernelTma<CollectiveMainloop, CollectiveEpilogue, Options...>::Params &, char *) [with CollectiveMainloop=cutlass::fmha::collective::FmhaMainloopTma<cutlass::half_t, float, cute::tuple<cute::_64, cute::_128, cute::_32>, cutlass::fmha::collective::CausalFusion>, CollectiveEpilogue=cutlass::fmha::collective::FmhaFwdEpilogue<cutlass::half_t, float, cute::tuple<cute::_64, cute::_32, cute::_128>>, Options=<>]" at line 123 of /home/yanwa/workspace/cutlass/include/cutlass/device_kernel.h
            instantiation of "void cutlass::device_kernel<Operator>(Operator::Params) [with Operator=cutlass::fmha::kernel::FmhaKernelTma<cutlass::fmha::collective::FmhaMainloopTma<cutlass::half_t, float, cute::tuple<cute::_64, cute::_128, cute::_32>, cutlass::fmha::collective::CausalFusion>, cutlass::fmha::collective::FmhaFwdEpilogue<cutlass::half_t, float, cute::tuple<cute::_64, cute::_32, cute::_128>>>]" at line 177 of /home/yanwa/workspace/cutlass/examples/120_hopper_fmha_sm120/device/../device/device_universal.hpp
            instantiation of "cutlass::Status cutlass::device::Universal<Kernel_>::initialize(const cutlass::device::Universal<Kernel_>::Arguments &, void *, cudaStream_t) [with Kernel_=cutlass::fmha::kernel::FmhaKernelTma<cutlass::fmha::collective::FmhaMainloopTma<cutlass::half_t, float, cute::tuple<cute::_64, cute::_128, cute::_32>, cutlass::fmha::collective::CausalFusion>, cutlass::fmha::collective::FmhaFwdEpilogue<cutlass::half_t, float, cute::tuple<cute::_64, cute::_32, cute::_128>>>]" at line 445 of /home/yanwa/workspace/cutlass/examples/120_hopper_fmha_sm120/88_hopper_fmha.cu
            instantiation of "ExampleResult FwdRunner<TileShape, DispatchPolicy, ActiveFusion, KernelOptions...>::run(const Options &, const cutlass::KernelHardwareInfo &) [with TileShape=cute::tuple<cute::_64, cute::_128, cute::_32>, DispatchPolicy=KernelTma, ActiveFusion=cutlass::fmha::collective::CausalFusion, KernelOptions=<>]" at line 955 of /home/yanwa/workspace/cutlass/examples/120_hopper_fmha_sm120/88_hopper_fmha.cu
            instantiation of "void run_fwd_32(Fusion, const Options &, const cutlass::KernelHardwareInfo &) [with Fusion=cutlass::fmha::collective::CausalFusion]" at line 1163 of /home/yanwa/workspace/cutlass/examples/120_hopper_fmha_sm120/88_hopper_fmha.cu

/home/yanwa/workspace/cutlass/examples/120_hopper_fmha_sm120/kernel/../collective/fmha_collective_tma.hpp(321): error: cannot deduce class template arguments
      Tensor tOrV = thr_mma_pv.make_fragment_B(tOsV);
      ^
          detected during:
            instantiation of "auto cutlass::fmha::collective::FmhaMainloopTma<Element_, ElementAccumulator_, TileShape_, Fusion, Options...>::compute(int, const BlkCoord &, const cutlass::fmha::collective::FmhaMainloopTma<Element_, ElementAccumulator_, TileShape_, Fusion, Options...>::Params &, const ProblemShape &, cutlass::fmha::collective::FmhaMainloopTma<Element_, ElementAccumulator_, TileShape_, Fusion, Options...>::MainloopPipeline &, cutlass::fmha::collective::FmhaMainloopTma<Element_, ElementAccumulator_, TileShape_, Fusion, Options...>::PipelineState &, cutlass::fmha::collective::FmhaMainloopTma<Element_, ElementAccumulator_, TileShape_, Fusion, Options...>::PipelineState &, cutlass::fmha::collective::FmhaMainloopTma<Element_, ElementAccumulator_, TileShape_, Fusion, Options...>::MainloopPipelineQ &, cutlass::fmha::collective::FmhaMainloopTma<Element_, ElementAccumulator_, TileShape_, Fusion, Options...>::PipelineStateQ &, cutlass::fmha::collective::FmhaMainloopTma<Element_, ElementAccumulator_, TileShape_, Fusion, Options...>::PipelineStateQ &, cutlass::fmha::collective::FmhaMainloopTma<Element_, ElementAccumulator_, TileShape_, Fusion, Options...>::SharedStorage &) [with Element_=cutlass::half_t, ElementAccumulator_=float, TileShape_=cute::tuple<cute::_64, cute::_128, cute::_32>, Fusion=cutlass::fmha::collective::CausalFusion, Options=<>, BlkCoord=cute::tuple<unsigned int, cute::_0, cute::tuple<uint32_t, uint32_t>>, ProblemShape=cute::tuple<int, int, int, int, int>]" at line 212 of /home/yanwa/workspace/cutlass/examples/120_hopper_fmha_sm120/kernel/../kernel/fmha_kernel_tma.hpp
            instantiation of "void cutlass::fmha::kernel::FmhaKernelTma<CollectiveMainloop, CollectiveEpilogue, Options...>::operator()(const cutlass::fmha::kernel::FmhaKernelTma<CollectiveMainloop, CollectiveEpilogue, Options...>::Params &, char *) [with CollectiveMainloop=cutlass::fmha::collective::FmhaMainloopTma<cutlass::half_t, float, cute::tuple<cute::_64, cute::_128, cute::_32>, cutlass::fmha::collective::CausalFusion>, CollectiveEpilogue=cutlass::fmha::collective::FmhaFwdEpilogue<cutlass::half_t, float, cute::tuple<cute::_64, cute::_32, cute::_128>>, Options=<>]" at line 123 of /home/yanwa/workspace/cutlass/include/cutlass/device_kernel.h
            instantiation of "void cutlass::device_kernel<Operator>(Operator::Params) [with Operator=cutlass::fmha::kernel::FmhaKernelTma<cutlass::fmha::collective::FmhaMainloopTma<cutlass::half_t, float, cute::tuple<cute::_64, cute::_128, cute::_32>, cutlass::fmha::collective::CausalFusion>, cutlass::fmha::collective::FmhaFwdEpilogue<cutlass::half_t, float, cute::tuple<cute::_64, cute::_32, cute::_128>>>]" at line 177 of /home/yanwa/workspace/cutlass/examples/120_hopper_fmha_sm120/device/../device/device_universal.hpp
            instantiation of "cutlass::Status cutlass::device::Universal<Kernel_>::initialize(const cutlass::device::Universal<Kernel_>::Arguments &, void *, cudaStream_t) [with Kernel_=cutlass::fmha::kernel::FmhaKernelTma<cutlass::fmha::collective::FmhaMainloopTma<cutlass::half_t, float, cute::tuple<cute::_64, cute::_128, cute::_32>, cutlass::fmha::collective::CausalFusion>, cutlass::fmha::collective::FmhaFwdEpilogue<cutlass::half_t, float, cute::tuple<cute::_64, cute::_32, cute::_128>>>]" at line 445 of /home/yanwa/workspace/cutlass/examples/120_hopper_fmha_sm120/88_hopper_fmha.cu
            instantiation of "ExampleResult FwdRunner<TileShape, DispatchPolicy, ActiveFusion, KernelOptions...>::run(const Options &, const cutlass::KernelHardwareInfo &) [with TileShape=cute::tuple<cute::_64, cute::_128, cute::_32>, DispatchPolicy=KernelTma, ActiveFusion=cutlass::fmha::collective::CausalFusion, KernelOptions=<>]" at line 955 of /home/yanwa/workspace/cutlass/examples/120_hopper_fmha_sm120/88_hopper_fmha.cu
            instantiation of "void run_fwd_32(Fusion, const Options &, const cutlass::KernelHardwareInfo &) [with Fusion=cutlass::fmha::collective::CausalFusion]" at line 1163 of /home/yanwa/workspace/cutlass/examples/120_hopper_fmha_sm120/88_hopper_fmha.cu

/home/yanwa/workspace/cutlass/examples/120_hopper_fmha_sm120/kernel/../collective/fmha_collective_tma.hpp(329): error: no instance of constructor "Tensor" matches the argument list
            argument types are: (<error-type>)
      Tensor tPcP = thr_mma_qk.partition_C(cP);
             ^
          detected during:
            instantiation of "auto cutlass::fmha::collective::FmhaMainloopTma<Element_, ElementAccumulator_, TileShape_, Fusion, Options...>::compute(int, const BlkCoord &, const cutlass::fmha::collective::FmhaMainloopTma<Element_, ElementAccumulator_, TileShape_, Fusion, Options...>::Params &, const ProblemShape &, cutlass::fmha::collective::FmhaMainloopTma<Element_, ElementAccumulator_, TileShape_, Fusion, Options...>::MainloopPipeline &, cutlass::fmha::collective::FmhaMainloopTma<Element_, ElementAccumulator_, TileShape_, Fusion, Options...>::PipelineState &, cutlass::fmha::collective::FmhaMainloopTma<Element_, ElementAccumulator_, TileShape_, Fusion, Options...>::PipelineState &, cutlass::fmha::collective::FmhaMainloopTma<Element_, ElementAccumulator_, TileShape_, Fusion, Options...>::MainloopPipelineQ &, cutlass::fmha::collective::FmhaMainloopTma<Element_, ElementAccumulator_, TileShape_, Fusion, Options...>::PipelineStateQ &, cutlass::fmha::collective::FmhaMainloopTma<Element_, ElementAccumulator_, TileShape_, Fusion, Options...>::PipelineStateQ &, cutlass::fmha::collective::FmhaMainloopTma<Element_, ElementAccumulator_, TileShape_, Fusion, Options...>::SharedStorage &) [with Element_=cutlass::half_t, ElementAccumulator_=float, TileShape_=cute::tuple<cute::_64, cute::_128, cute::_32>, Fusion=cutlass::fmha::collective::CausalFusion, Options=<>, BlkCoord=cute::tuple<unsigned int, cute::_0, cute::tuple<uint32_t, uint32_t>>, ProblemShape=cute::tuple<int, int, int, int, int>]" at line 212 of /home/yanwa/workspace/cutlass/examples/120_hopper_fmha_sm120/kernel/../kernel/fmha_kernel_tma.hpp
            instantiation of "void cutlass::fmha::kernel::FmhaKernelTma<CollectiveMainloop, CollectiveEpilogue, Options...>::operator()(const cutlass::fmha::kernel::FmhaKernelTma<CollectiveMainloop, CollectiveEpilogue, Options...>::Params &, char *) [with CollectiveMainloop=cutlass::fmha::collective::FmhaMainloopTma<cutlass::half_t, float, cute::tuple<cute::_64, cute::_128, cute::_32>, cutlass::fmha::collective::CausalFusion>, CollectiveEpilogue=cutlass::fmha::collective::FmhaFwdEpilogue<cutlass::half_t, float, cute::tuple<cute::_64, cute::_32, cute::_128>>, Options=<>]" at line 123 of /home/yanwa/workspace/cutlass/include/cutlass/device_kernel.h
            instantiation of "void cutlass::device_kernel<Operator>(Operator::Params) [with Operator=cutlass::fmha::kernel::FmhaKernelTma<cutlass::fmha::collective::FmhaMainloopTma<cutlass::half_t, float, cute::tuple<cute::_64, cute::_128, cute::_32>, cutlass::fmha::collective::CausalFusion>, cutlass::fmha::collective::FmhaFwdEpilogue<cutlass::half_t, float, cute::tuple<cute::_64, cute::_32, cute::_128>>>]" at line 177 of /home/yanwa/workspace/cutlass/examples/120_hopper_fmha_sm120/device/../device/device_universal.hpp
            instantiation of "cutlass::Status cutlass::device::Universal<Kernel_>::initialize(const cutlass::device::Universal<Kernel_>::Arguments &, void *, cudaStream_t) [with Kernel_=cutlass::fmha::kernel::FmhaKernelTma<cutlass::fmha::collective::FmhaMainloopTma<cutlass::half_t, float, cute::tuple<cute::_64, cute::_128, cute::_32>, cutlass::fmha::collective::CausalFusion>, cutlass::fmha::collective::FmhaFwdEpilogue<cutlass::half_t, float, cute::tuple<cute::_64, cute::_32, cute::_128>>>]" at line 445 of /home/yanwa/workspace/cutlass/examples/120_hopper_fmha_sm120/88_hopper_fmha.cu
            instantiation of "ExampleResult FwdRunner<TileShape, DispatchPolicy, ActiveFusion, KernelOptions...>::run(const Options &, const cutlass::KernelHardwareInfo &) [with TileShape=cute::tuple<cute::_64, cute::_128, cute::_32>, DispatchPolicy=KernelTma, ActiveFusion=cutlass::fmha::collective::CausalFusion, KernelOptions=<>]" at line 955 of /home/yanwa/workspace/cutlass/examples/120_hopper_fmha_sm120/88_hopper_fmha.cu
            instantiation of "void run_fwd_32(Fusion, const Options &, const cutlass::KernelHardwareInfo &) [with Fusion=cutlass::fmha::collective::CausalFusion]" at line 1163 of /home/yanwa/workspace/cutlass/examples/120_hopper_fmha_sm120/88_hopper_fmha.cu

/home/yanwa/workspace/cutlass/examples/120_hopper_fmha_sm120/kernel/../collective/fmha_collective_tma.hpp(329): error: cannot deduce class template arguments
      Tensor tPcP = thr_mma_qk.partition_C(cP);
      ^
          detected during:
            instantiation of "auto cutlass::fmha::collective::FmhaMainloopTma<Element_, ElementAccumulator_, TileShape_, Fusion, Options...>::compute(int, const BlkCoord &, const cutlass::fmha::collective::FmhaMainloopTma<Element_, ElementAccumulator_, TileShape_, Fusion, Options...>::Params &, const ProblemShape &, cutlass::fmha::collective::FmhaMainloopTma<Element_, ElementAccumulator_, TileShape_, Fusion, Options...>::MainloopPipeline &, cutlass::fmha::collective::FmhaMainloopTma<Element_, ElementAccumulator_, TileShape_, Fusion, Options...>::PipelineState &, cutlass::fmha::collective::FmhaMainloopTma<Element_, ElementAccumulator_, TileShape_, Fusion, Options...>::PipelineState &, cutlass::fmha::collective::FmhaMainloopTma<Element_, ElementAccumulator_, TileShape_, Fusion, Options...>::MainloopPipelineQ &, cutlass::fmha::collective::FmhaMainloopTma<Element_, ElementAccumulator_, TileShape_, Fusion, Options...>::PipelineStateQ &, cutlass::fmha::collective::FmhaMainloopTma<Element_, ElementAccumulator_, TileShape_, Fusion, Options...>::PipelineStateQ &, cutlass::fmha::collective::FmhaMainloopTma<Element_, ElementAccumulator_, TileShape_, Fusion, Options...>::SharedStorage &) [with Element_=cutlass::half_t, ElementAccumulator_=float, TileShape_=cute::tuple<cute::_64, cute::_128, cute::_32>, Fusion=cutlass::fmha::collective::CausalFusion, Options=<>, BlkCoord=cute::tuple<unsigned int, cute::_0, cute::tuple<uint32_t, uint32_t>>, ProblemShape=cute::tuple<int, int, int, int, int>]" at line 212 of /home/yanwa/workspace/cutlass/examples/120_hopper_fmha_sm120/kernel/../kernel/fmha_kernel_tma.hpp
            instantiation of "void cutlass::fmha::kernel::FmhaKernelTma<CollectiveMainloop, CollectiveEpilogue, Options...>::operator()(const cutlass::fmha::kernel::FmhaKernelTma<CollectiveMainloop, CollectiveEpilogue, Options...>::Params &, char *) [with CollectiveMainloop=cutlass::fmha::collective::FmhaMainloopTma<cutlass::half_t, float, cute::tuple<cute::_64, cute::_128, cute::_32>, cutlass::fmha::collective::CausalFusion>, CollectiveEpilogue=cutlass::fmha::collective::FmhaFwdEpilogue<cutlass::half_t, float, cute::tuple<cute::_64, cute::_32, cute::_128>>, Options=<>]" at line 123 of /home/yanwa/workspace/cutlass/include/cutlass/device_kernel.h
            instantiation of "void cutlass::device_kernel<Operator>(Operator::Params) [with Operator=cutlass::fmha::kernel::FmhaKernelTma<cutlass::fmha::collective::FmhaMainloopTma<cutlass::half_t, float, cute::tuple<cute::_64, cute::_128, cute::_32>, cutlass::fmha::collective::CausalFusion>, cutlass::fmha::collective::FmhaFwdEpilogue<cutlass::half_t, float, cute::tuple<cute::_64, cute::_32, cute::_128>>>]" at line 177 of /home/yanwa/workspace/cutlass/examples/120_hopper_fmha_sm120/device/../device/device_universal.hpp
            instantiation of "cutlass::Status cutlass::device::Universal<Kernel_>::initialize(const cutlass::device::Universal<Kernel_>::Arguments &, void *, cudaStream_t) [with Kernel_=cutlass::fmha::kernel::FmhaKernelTma<cutlass::fmha::collective::FmhaMainloopTma<cutlass::half_t, float, cute::tuple<cute::_64, cute::_128, cute::_32>, cutlass::fmha::collective::CausalFusion>, cutlass::fmha::collective::FmhaFwdEpilogue<cutlass::half_t, float, cute::tuple<cute::_64, cute::_32, cute::_128>>>]" at line 445 of /home/yanwa/workspace/cutlass/examples/120_hopper_fmha_sm120/88_hopper_fmha.cu
            instantiation of "ExampleResult FwdRunner<TileShape, DispatchPolicy, ActiveFusion, KernelOptions...>::run(const Options &, const cutlass::KernelHardwareInfo &) [with TileShape=cute::tuple<cute::_64, cute::_128, cute::_32>, DispatchPolicy=KernelTma, ActiveFusion=cutlass::fmha::collective::CausalFusion, KernelOptions=<>]" at line 955 of /home/yanwa/workspace/cutlass/examples/120_hopper_fmha_sm120/88_hopper_fmha.cu
            instantiation of "void run_fwd_32(Fusion, const Options &, const cutlass::KernelHardwareInfo &) [with Fusion=cutlass::fmha::collective::CausalFusion]" at line 1163 of /home/yanwa/workspace/cutlass/examples/120_hopper_fmha_sm120/88_hopper_fmha.cu

/home/yanwa/workspace/cutlass/examples/120_hopper_fmha_sm120/kernel/../collective/fmha_collective_tma.hpp(334): error: no instance of function template "cute::partition_fragment_C" matches the argument list
            argument types are: (<error-type>, cute::tuple<cute::C<64>, cute::C<32>>)
      Tensor acc_pv = partition_fragment_C(tiled_mma_pv, take<0, 2>(TileShapePV{}));
                      ^
/home/yanwa/workspace/cutlass/include/cute/atom/mma_atom.hpp(577): note #3327-D: candidate function template "cute::partition_fragment_C" failed deduction
  partition_fragment_C(TiledMMA<Args...> const& mma, Shape_MN const& shapeMN)
  ^
          detected during:
            instantiation of "auto cutlass::fmha::collective::FmhaMainloopTma<Element_, ElementAccumulator_, TileShape_, Fusion, Options...>::compute(int, const BlkCoord &, const cutlass::fmha::collective::FmhaMainloopTma<Element_, ElementAccumulator_, TileShape_, Fusion, Options...>::Params &, const ProblemShape &, cutlass::fmha::collective::FmhaMainloopTma<Element_, ElementAccumulator_, TileShape_, Fusion, Options...>::MainloopPipeline &, cutlass::fmha::collective::FmhaMainloopTma<Element_, ElementAccumulator_, TileShape_, Fusion, Options...>::PipelineState &, cutlass::fmha::collective::FmhaMainloopTma<Element_, ElementAccumulator_, TileShape_, Fusion, Options...>::PipelineState &, cutlass::fmha::collective::FmhaMainloopTma<Element_, ElementAccumulator_, TileShape_, Fusion, Options...>::MainloopPipelineQ &, cutlass::fmha::collective::FmhaMainloopTma<Element_, ElementAccumulator_, TileShape_, Fusion, Options...>::PipelineStateQ &, cutlass::fmha::collective::FmhaMainloopTma<Element_, ElementAccumulator_, TileShape_, Fusion, Options...>::PipelineStateQ &, cutlass::fmha::collective::FmhaMainloopTma<Element_, ElementAccumulator_, TileShape_, Fusion, Options...>::SharedStorage &) [with Element_=cutlass::half_t, ElementAccumulator_=float, TileShape_=cute::tuple<cute::_64, cute::_128, cute::_32>, Fusion=cutlass::fmha::collective::CausalFusion, Options=<>, BlkCoord=cute::tuple<unsigned int, cute::_0, cute::tuple<uint32_t, uint32_t>>, ProblemShape=cute::tuple<int, int, int, int, int>]" at line 212 of /home/yanwa/workspace/cutlass/examples/120_hopper_fmha_sm120/kernel/../kernel/fmha_kernel_tma.hpp
            instantiation of "void cutlass::fmha::kernel::FmhaKernelTma<CollectiveMainloop, CollectiveEpilogue, Options...>::operator()(const cutlass::fmha::kernel::FmhaKernelTma<CollectiveMainloop, CollectiveEpilogue, Options...>::Params &, char *) [with CollectiveMainloop=cutlass::fmha::collective::FmhaMainloopTma<cutlass::half_t, float, cute::tuple<cute::_64, cute::_128, cute::_32>, cutlass::fmha::collective::CausalFusion>, CollectiveEpilogue=cutlass::fmha::collective::FmhaFwdEpilogue<cutlass::half_t, float, cute::tuple<cute::_64, cute::_32, cute::_128>>, Options=<>]" at line 123 of /home/yanwa/workspace/cutlass/include/cutlass/device_kernel.h
            instantiation of "void cutlass::device_kernel<Operator>(Operator::Params) [with Operator=cutlass::fmha::kernel::FmhaKernelTma<cutlass::fmha::collective::FmhaMainloopTma<cutlass::half_t, float, cute::tuple<cute::_64, cute::_128, cute::_32>, cutlass::fmha::collective::CausalFusion>, cutlass::fmha::collective::FmhaFwdEpilogue<cutlass::half_t, float, cute::tuple<cute::_64, cute::_32, cute::_128>>>]" at line 177 of /home/yanwa/workspace/cutlass/examples/120_hopper_fmha_sm120/device/../device/device_universal.hpp
            instantiation of "cutlass::Status cutlass::device::Universal<Kernel_>::initialize(const cutlass::device::Universal<Kernel_>::Arguments &, void *, cudaStream_t) [with Kernel_=cutlass::fmha::kernel::FmhaKernelTma<cutlass::fmha::collective::FmhaMainloopTma<cutlass::half_t, float, cute::tuple<cute::_64, cute::_128, cute::_32>, cutlass::fmha::collective::CausalFusion>, cutlass::fmha::collective::FmhaFwdEpilogue<cutlass::half_t, float, cute::tuple<cute::_64, cute::_32, cute::_128>>>]" at line 445 of /home/yanwa/workspace/cutlass/examples/120_hopper_fmha_sm120/88_hopper_fmha.cu
            instantiation of "ExampleResult FwdRunner<TileShape, DispatchPolicy, ActiveFusion, KernelOptions...>::run(const Options &, const cutlass::KernelHardwareInfo &) [with TileShape=cute::tuple<cute::_64, cute::_128, cute::_32>, DispatchPolicy=KernelTma, ActiveFusion=cutlass::fmha::collective::CausalFusion, KernelOptions=<>]" at line 955 of /home/yanwa/workspace/cutlass/examples/120_hopper_fmha_sm120/88_hopper_fmha.cu
            instantiation of "void run_fwd_32(Fusion, const Options &, const cutlass::KernelHardwareInfo &) [with Fusion=cutlass::fmha::collective::CausalFusion]" at line 1163 of /home/yanwa/workspace/cutlass/examples/120_hopper_fmha_sm120/88_hopper_fmha.cu

/home/yanwa/workspace/cutlass/examples/120_hopper_fmha_sm120/kernel/../collective/fmha_collective_tma.hpp(334): error: no instance of constructor "Tensor" matches the argument list
            argument types are: (<error-type>)
      Tensor acc_pv = partition_fragment_C(tiled_mma_pv, take<0, 2>(TileShapePV{}));
             ^
          detected during:
            instantiation of "auto cutlass::fmha::collective::FmhaMainloopTma<Element_, ElementAccumulator_, TileShape_, Fusion, Options...>::compute(int, const BlkCoord &, const cutlass::fmha::collective::FmhaMainloopTma<Element_, ElementAccumulator_, TileShape_, Fusion, Options...>::Params &, const ProblemShape &, cutlass::fmha::collective::FmhaMainloopTma<Element_, ElementAccumulator_, TileShape_, Fusion, Options...>::MainloopPipeline &, cutlass::fmha::collective::FmhaMainloopTma<Element_, ElementAccumulator_, TileShape_, Fusion, Options...>::PipelineState &, cutlass::fmha::collective::FmhaMainloopTma<Element_, ElementAccumulator_, TileShape_, Fusion, Options...>::PipelineState &, cutlass::fmha::collective::FmhaMainloopTma<Element_, ElementAccumulator_, TileShape_, Fusion, Options...>::MainloopPipelineQ &, cutlass::fmha::collective::FmhaMainloopTma<Element_, ElementAccumulator_, TileShape_, Fusion, Options...>::PipelineStateQ &, cutlass::fmha::collective::FmhaMainloopTma<Element_, ElementAccumulator_, TileShape_, Fusion, Options...>::PipelineStateQ &, cutlass::fmha::collective::FmhaMainloopTma<Element_, ElementAccumulator_, TileShape_, Fusion, Options...>::SharedStorage &) [with Element_=cutlass::half_t, ElementAccumulator_=float, TileShape_=cute::tuple<cute::_64, cute::_128, cute::_32>, Fusion=cutlass::fmha::collective::CausalFusion, Options=<>, BlkCoord=cute::tuple<unsigned int, cute::_0, cute::tuple<uint32_t, uint32_t>>, ProblemShape=cute::tuple<int, int, int, int, int>]" at line 212 of /home/yanwa/workspace/cutlass/examples/120_hopper_fmha_sm120/kernel/../kernel/fmha_kernel_tma.hpp
            instantiation of "void cutlass::fmha::kernel::FmhaKernelTma<CollectiveMainloop, CollectiveEpilogue, Options...>::operator()(const cutlass::fmha::kernel::FmhaKernelTma<CollectiveMainloop, CollectiveEpilogue, Options...>::Params &, char *) [with CollectiveMainloop=cutlass::fmha::collective::FmhaMainloopTma<cutlass::half_t, float, cute::tuple<cute::_64, cute::_128, cute::_32>, cutlass::fmha::collective::CausalFusion>, CollectiveEpilogue=cutlass::fmha::collective::FmhaFwdEpilogue<cutlass::half_t, float, cute::tuple<cute::_64, cute::_32, cute::_128>>, Options=<>]" at line 123 of /home/yanwa/workspace/cutlass/include/cutlass/device_kernel.h
            instantiation of "void cutlass::device_kernel<Operator>(Operator::Params) [with Operator=cutlass::fmha::kernel::FmhaKernelTma<cutlass::fmha::collective::FmhaMainloopTma<cutlass::half_t, float, cute::tuple<cute::_64, cute::_128, cute::_32>, cutlass::fmha::collective::CausalFusion>, cutlass::fmha::collective::FmhaFwdEpilogue<cutlass::half_t, float, cute::tuple<cute::_64, cute::_32, cute::_128>>>]" at line 177 of /home/yanwa/workspace/cutlass/examples/120_hopper_fmha_sm120/device/../device/device_universal.hpp
            instantiation of "cutlass::Status cutlass::device::Universal<Kernel_>::initialize(const cutlass::device::Universal<Kernel_>::Arguments &, void *, cudaStream_t) [with Kernel_=cutlass::fmha::kernel::FmhaKernelTma<cutlass::fmha::collective::FmhaMainloopTma<cutlass::half_t, float, cute::tuple<cute::_64, cute::_128, cute::_32>, cutlass::fmha::collective::CausalFusion>, cutlass::fmha::collective::FmhaFwdEpilogue<cutlass::half_t, float, cute::tuple<cute::_64, cute::_32, cute::_128>>>]" at line 445 of /home/yanwa/workspace/cutlass/examples/120_hopper_fmha_sm120/88_hopper_fmha.cu
            instantiation of "ExampleResult FwdRunner<TileShape, DispatchPolicy, ActiveFusion, KernelOptions...>::run(const Options &, const cutlass::KernelHardwareInfo &) [with TileShape=cute::tuple<cute::_64, cute::_128, cute::_32>, DispatchPolicy=KernelTma, ActiveFusion=cutlass::fmha::collective::CausalFusion, KernelOptions=<>]" at line 955 of /home/yanwa/workspace/cutlass/examples/120_hopper_fmha_sm120/88_hopper_fmha.cu
            instantiation of "void run_fwd_32(Fusion, const Options &, const cutlass::KernelHardwareInfo &) [with Fusion=cutlass::fmha::collective::CausalFusion]" at line 1163 of /home/yanwa/workspace/cutlass/examples/120_hopper_fmha_sm120/88_hopper_fmha.cu

/home/yanwa/workspace/cutlass/examples/120_hopper_fmha_sm120/kernel/../collective/fmha_collective_tma.hpp(334): error: cannot deduce class template arguments
      Tensor acc_pv = partition_fragment_C(tiled_mma_pv, take<0, 2>(TileShapePV{}));
      ^
          detected during:
            instantiation of "auto cutlass::fmha::collective::FmhaMainloopTma<Element_, ElementAccumulator_, TileShape_, Fusion, Options...>::compute(int, const BlkCoord &, const cutlass::fmha::collective::FmhaMainloopTma<Element_, ElementAccumulator_, TileShape_, Fusion, Options...>::Params &, const ProblemShape &, cutlass::fmha::collective::FmhaMainloopTma<Element_, ElementAccumulator_, TileShape_, Fusion, Options...>::MainloopPipeline &, cutlass::fmha::collective::FmhaMainloopTma<Element_, ElementAccumulator_, TileShape_, Fusion, Options...>::PipelineState &, cutlass::fmha::collective::FmhaMainloopTma<Element_, ElementAccumulator_, TileShape_, Fusion, Options...>::PipelineState &, cutlass::fmha::collective::FmhaMainloopTma<Element_, ElementAccumulator_, TileShape_, Fusion, Options...>::MainloopPipelineQ &, cutlass::fmha::collective::FmhaMainloopTma<Element_, ElementAccumulator_, TileShape_, Fusion, Options...>::PipelineStateQ &, cutlass::fmha::collective::FmhaMainloopTma<Element_, ElementAccumulator_, TileShape_, Fusion, Options...>::PipelineStateQ &, cutlass::fmha::collective::FmhaMainloopTma<Element_, ElementAccumulator_, TileShape_, Fusion, Options...>::SharedStorage &) [with Element_=cutlass::half_t, ElementAccumulator_=float, TileShape_=cute::tuple<cute::_64, cute::_128, cute::_32>, Fusion=cutlass::fmha::collective::CausalFusion, Options=<>, BlkCoord=cute::tuple<unsigned int, cute::_0, cute::tuple<uint32_t, uint32_t>>, ProblemShape=cute::tuple<int, int, int, int, int>]" at line 212 of /home/yanwa/workspace/cutlass/examples/120_hopper_fmha_sm120/kernel/../kernel/fmha_kernel_tma.hpp
            instantiation of "void cutlass::fmha::kernel::FmhaKernelTma<CollectiveMainloop, CollectiveEpilogue, Options...>::operator()(const cutlass::fmha::kernel::FmhaKernelTma<CollectiveMainloop, CollectiveEpilogue, Options...>::Params &, char *) [with CollectiveMainloop=cutlass::fmha::collective::FmhaMainloopTma<cutlass::half_t, float, cute::tuple<cute::_64, cute::_128, cute::_32>, cutlass::fmha::collective::CausalFusion>, CollectiveEpilogue=cutlass::fmha::collective::FmhaFwdEpilogue<cutlass::half_t, float, cute::tuple<cute::_64, cute::_32, cute::_128>>, Options=<>]" at line 123 of /home/yanwa/workspace/cutlass/include/cutlass/device_kernel.h
            instantiation of "void cutlass::device_kernel<Operator>(Operator::Params) [with Operator=cutlass::fmha::kernel::FmhaKernelTma<cutlass::fmha::collective::FmhaMainloopTma<cutlass::half_t, float, cute::tuple<cute::_64, cute::_128, cute::_32>, cutlass::fmha::collective::CausalFusion>, cutlass::fmha::collective::FmhaFwdEpilogue<cutlass::half_t, float, cute::tuple<cute::_64, cute::_32, cute::_128>>>]" at line 177 of /home/yanwa/workspace/cutlass/examples/120_hopper_fmha_sm120/device/../device/device_universal.hpp
            instantiation of "cutlass::Status cutlass::device::Universal<Kernel_>::initialize(const cutlass::device::Universal<Kernel_>::Arguments &, void *, cudaStream_t) [with Kernel_=cutlass::fmha::kernel::FmhaKernelTma<cutlass::fmha::collective::FmhaMainloopTma<cutlass::half_t, float, cute::tuple<cute::_64, cute::_128, cute::_32>, cutlass::fmha::collective::CausalFusion>, cutlass::fmha::collective::FmhaFwdEpilogue<cutlass::half_t, float, cute::tuple<cute::_64, cute::_32, cute::_128>>>]" at line 445 of /home/yanwa/workspace/cutlass/examples/120_hopper_fmha_sm120/88_hopper_fmha.cu
            instantiation of "ExampleResult FwdRunner<TileShape, DispatchPolicy, ActiveFusion, KernelOptions...>::run(const Options &, const cutlass::KernelHardwareInfo &) [with TileShape=cute::tuple<cute::_64, cute::_128, cute::_32>, DispatchPolicy=KernelTma, ActiveFusion=cutlass::fmha::collective::CausalFusion, KernelOptions=<>]" at line 955 of /home/yanwa/workspace/cutlass/examples/120_hopper_fmha_sm120/88_hopper_fmha.cu
            instantiation of "void run_fwd_32(Fusion, const Options &, const cutlass::KernelHardwareInfo &) [with Fusion=cutlass::fmha::collective::CausalFusion]" at line 1163 of /home/yanwa/workspace/cutlass/examples/120_hopper_fmha_sm120/88_hopper_fmha.cu

/home/yanwa/workspace/cutlass/examples/120_hopper_fmha_sm120/kernel/../collective/fmha_collective_tma.hpp(343): error: no instance of function template "cute::partition_fragment_C" matches the argument list
            argument types are: (<error-type>, cute::tuple<cute::C<64>, cute::C<128>>)
          Tensor acc_qk = partition_fragment_C(tiled_mma_qk, take<0, 2>(TileShapeQK{}));
                          ^
/home/yanwa/workspace/cutlass/include/cute/atom/mma_atom.hpp(577): note #3327-D: candidate function template "cute::partition_fragment_C" failed deduction
  partition_fragment_C(TiledMMA<Args...> const& mma, Shape_MN const& shapeMN)
  ^
          detected during:
            instantiation of "auto cutlass::fmha::collective::FmhaMainloopTma<Element_, ElementAccumulator_, TileShape_, Fusion, Options...>::compute(int, const BlkCoord &, const cutlass::fmha::collective::FmhaMainloopTma<Element_, ElementAccumulator_, TileShape_, Fusion, Options...>::Params &, const ProblemShape &, cutlass::fmha::collective::FmhaMainloopTma<Element_, ElementAccumulator_, TileShape_, Fusion, Options...>::MainloopPipeline &, cutlass::fmha::collective::FmhaMainloopTma<Element_, ElementAccumulator_, TileShape_, Fusion, Options...>::PipelineState &, cutlass::fmha::collective::FmhaMainloopTma<Element_, ElementAccumulator_, TileShape_, Fusion, Options...>::PipelineState &, cutlass::fmha::collective::FmhaMainloopTma<Element_, ElementAccumulator_, TileShape_, Fusion, Options...>::MainloopPipelineQ &, cutlass::fmha::collective::FmhaMainloopTma<Element_, ElementAccumulator_, TileShape_, Fusion, Options...>::PipelineStateQ &, cutlass::fmha::collective::FmhaMainloopTma<Element_, ElementAccumulator_, TileShape_, Fusion, Options...>::PipelineStateQ &, cutlass::fmha::collective::FmhaMainloopTma<Element_, ElementAccumulator_, TileShape_, Fusion, Options...>::SharedStorage &) [with Element_=cutlass::half_t, ElementAccumulator_=float, TileShape_=cute::tuple<cute::_64, cute::_128, cute::_32>, Fusion=cutlass::fmha::collective::CausalFusion, Options=<>, BlkCoord=cute::tuple<unsigned int, cute::_0, cute::tuple<uint32_t, uint32_t>>, ProblemShape=cute::tuple<int, int, int, int, int>]" at line 212 of /home/yanwa/workspace/cutlass/examples/120_hopper_fmha_sm120/kernel/../kernel/fmha_kernel_tma.hpp
            instantiation of "void cutlass::fmha::kernel::FmhaKernelTma<CollectiveMainloop, CollectiveEpilogue, Options...>::operator()(const cutlass::fmha::kernel::FmhaKernelTma<CollectiveMainloop, CollectiveEpilogue, Options...>::Params &, char *) [with CollectiveMainloop=cutlass::fmha::collective::FmhaMainloopTma<cutlass::half_t, float, cute::tuple<cute::_64, cute::_128, cute::_32>, cutlass::fmha::collective::CausalFusion>, CollectiveEpilogue=cutlass::fmha::collective::FmhaFwdEpilogue<cutlass::half_t, float, cute::tuple<cute::_64, cute::_32, cute::_128>>, Options=<>]" at line 123 of /home/yanwa/workspace/cutlass/include/cutlass/device_kernel.h
            instantiation of "void cutlass::device_kernel<Operator>(Operator::Params) [with Operator=cutlass::fmha::kernel::FmhaKernelTma<cutlass::fmha::collective::FmhaMainloopTma<cutlass::half_t, float, cute::tuple<cute::_64, cute::_128, cute::_32>, cutlass::fmha::collective::CausalFusion>, cutlass::fmha::collective::FmhaFwdEpilogue<cutlass::half_t, float, cute::tuple<cute::_64, cute::_32, cute::_128>>>]" at line 177 of /home/yanwa/workspace/cutlass/examples/120_hopper_fmha_sm120/device/../device/device_universal.hpp
            instantiation of "cutlass::Status cutlass::device::Universal<Kernel_>::initialize(const cutlass::device::Universal<Kernel_>::Arguments &, void *, cudaStream_t) [with Kernel_=cutlass::fmha::kernel::FmhaKernelTma<cutlass::fmha::collective::FmhaMainloopTma<cutlass::half_t, float, cute::tuple<cute::_64, cute::_128, cute::_32>, cutlass::fmha::collective::CausalFusion>, cutlass::fmha::collective::FmhaFwdEpilogue<cutlass::half_t, float, cute::tuple<cute::_64, cute::_32, cute::_128>>>]" at line 445 of /home/yanwa/workspace/cutlass/examples/120_hopper_fmha_sm120/88_hopper_fmha.cu
            instantiation of "ExampleResult FwdRunner<TileShape, DispatchPolicy, ActiveFusion, KernelOptions...>::run(const Options &, const cutlass::KernelHardwareInfo &) [with TileShape=cute::tuple<cute::_64, cute::_128, cute::_32>, DispatchPolicy=KernelTma, ActiveFusion=cutlass::fmha::collective::CausalFusion, KernelOptions=<>]" at line 955 of /home/yanwa/workspace/cutlass/examples/120_hopper_fmha_sm120/88_hopper_fmha.cu
            instantiation of "void run_fwd_32(Fusion, const Options &, const cutlass::KernelHardwareInfo &) [with Fusion=cutlass::fmha::collective::CausalFusion]" at line 1163 of /home/yanwa/workspace/cutlass/examples/120_hopper_fmha_sm120/88_hopper_fmha.cu

/home/yanwa/workspace/cutlass/examples/120_hopper_fmha_sm120/kernel/../collective/fmha_collective_tma.hpp(343): error: no instance of constructor "Tensor" matches the argument list
            argument types are: (<error-type>)
          Tensor acc_qk = partition_fragment_C(tiled_mma_qk, take<0, 2>(TileShapeQK{}));
                 ^
          detected during:
            instantiation of "auto cutlass::fmha::collective::FmhaMainloopTma<Element_, ElementAccumulator_, TileShape_, Fusion, Options...>::compute(int, const BlkCoord &, const cutlass::fmha::collective::FmhaMainloopTma<Element_, ElementAccumulator_, TileShape_, Fusion, Options...>::Params &, const ProblemShape &, cutlass::fmha::collective::FmhaMainloopTma<Element_, ElementAccumulator_, TileShape_, Fusion, Options...>::MainloopPipeline &, cutlass::fmha::collective::FmhaMainloopTma<Element_, ElementAccumulator_, TileShape_, Fusion, Options...>::PipelineState &, cutlass::fmha::collective::FmhaMainloopTma<Element_, ElementAccumulator_, TileShape_, Fusion, Options...>::PipelineState &, cutlass::fmha::collective::FmhaMainloopTma<Element_, ElementAccumulator_, TileShape_, Fusion, Options...>::MainloopPipelineQ &, cutlass::fmha::collective::FmhaMainloopTma<Element_, ElementAccumulator_, TileShape_, Fusion, Options...>::PipelineStateQ &, cutlass::fmha::collective::FmhaMainloopTma<Element_, ElementAccumulator_, TileShape_, Fusion, Options...>::PipelineStateQ &, cutlass::fmha::collective::FmhaMainloopTma<Element_, ElementAccumulator_, TileShape_, Fusion, Options...>::SharedStorage &) [with Element_=cutlass::half_t, ElementAccumulator_=float, TileShape_=cute::tuple<cute::_64, cute::_128, cute::_32>, Fusion=cutlass::fmha::collective::CausalFusion, Options=<>, BlkCoord=cute::tuple<unsigned int, cute::_0, cute::tuple<uint32_t, uint32_t>>, ProblemShape=cute::tuple<int, int, int, int, int>]" at line 212 of /home/yanwa/workspace/cutlass/examples/120_hopper_fmha_sm120/kernel/../kernel/fmha_kernel_tma.hpp
            instantiation of "void cutlass::fmha::kernel::FmhaKernelTma<CollectiveMainloop, CollectiveEpilogue, Options...>::operator()(const cutlass::fmha::kernel::FmhaKernelTma<CollectiveMainloop, CollectiveEpilogue, Options...>::Params &, char *) [with CollectiveMainloop=cutlass::fmha::collective::FmhaMainloopTma<cutlass::half_t, float, cute::tuple<cute::_64, cute::_128, cute::_32>, cutlass::fmha::collective::CausalFusion>, CollectiveEpilogue=cutlass::fmha::collective::FmhaFwdEpilogue<cutlass::half_t, float, cute::tuple<cute::_64, cute::_32, cute::_128>>, Options=<>]" at line 123 of /home/yanwa/workspace/cutlass/include/cutlass/device_kernel.h
            instantiation of "void cutlass::device_kernel<Operator>(Operator::Params) [with Operator=cutlass::fmha::kernel::FmhaKernelTma<cutlass::fmha::collective::FmhaMainloopTma<cutlass::half_t, float, cute::tuple<cute::_64, cute::_128, cute::_32>, cutlass::fmha::collective::CausalFusion>, cutlass::fmha::collective::FmhaFwdEpilogue<cutlass::half_t, float, cute::tuple<cute::_64, cute::_32, cute::_128>>>]" at line 177 of /home/yanwa/workspace/cutlass/examples/120_hopper_fmha_sm120/device/../device/device_universal.hpp
            instantiation of "cutlass::Status cutlass::device::Universal<Kernel_>::initialize(const cutlass::device::Universal<Kernel_>::Arguments &, void *, cudaStream_t) [with Kernel_=cutlass::fmha::kernel::FmhaKernelTma<cutlass::fmha::collective::FmhaMainloopTma<cutlass::half_t, float, cute::tuple<cute::_64, cute::_128, cute::_32>, cutlass::fmha::collective::CausalFusion>, cutlass::fmha::collective::FmhaFwdEpilogue<cutlass::half_t, float, cute::tuple<cute::_64, cute::_32, cute::_128>>>]" at line 445 of /home/yanwa/workspace/cutlass/examples/120_hopper_fmha_sm120/88_hopper_fmha.cu
            instantiation of "ExampleResult FwdRunner<TileShape, DispatchPolicy, ActiveFusion, KernelOptions...>::run(const Options &, const cutlass::KernelHardwareInfo &) [with TileShape=cute::tuple<cute::_64, cute::_128, cute::_32>, DispatchPolicy=KernelTma, ActiveFusion=cutlass::fmha::collective::CausalFusion, KernelOptions=<>]" at line 955 of /home/yanwa/workspace/cutlass/examples/120_hopper_fmha_sm120/88_hopper_fmha.cu
            instantiation of "void run_fwd_32(Fusion, const Options &, const cutlass::KernelHardwareInfo &) [with Fusion=cutlass::fmha::collective::CausalFusion]" at line 1163 of /home/yanwa/workspace/cutlass/examples/120_hopper_fmha_sm120/88_hopper_fmha.cu

/home/yanwa/workspace/cutlass/examples/120_hopper_fmha_sm120/kernel/../collective/fmha_collective_tma.hpp(343): error: cannot deduce class template arguments
          Tensor acc_qk = partition_fragment_C(tiled_mma_qk, take<0, 2>(TileShapeQK{}));
          ^
          detected during:
            instantiation of "auto cutlass::fmha::collective::FmhaMainloopTma<Element_, ElementAccumulator_, TileShape_, Fusion, Options...>::compute(int, const BlkCoord &, const cutlass::fmha::collective::FmhaMainloopTma<Element_, ElementAccumulator_, TileShape_, Fusion, Options...>::Params &, const ProblemShape &, cutlass::fmha::collective::FmhaMainloopTma<Element_, ElementAccumulator_, TileShape_, Fusion, Options...>::MainloopPipeline &, cutlass::fmha::collective::FmhaMainloopTma<Element_, ElementAccumulator_, TileShape_, Fusion, Options...>::PipelineState &, cutlass::fmha::collective::FmhaMainloopTma<Element_, ElementAccumulator_, TileShape_, Fusion, Options...>::PipelineState &, cutlass::fmha::collective::FmhaMainloopTma<Element_, ElementAccumulator_, TileShape_, Fusion, Options...>::MainloopPipelineQ &, cutlass::fmha::collective::FmhaMainloopTma<Element_, ElementAccumulator_, TileShape_, Fusion, Options...>::PipelineStateQ &, cutlass::fmha::collective::FmhaMainloopTma<Element_, ElementAccumulator_, TileShape_, Fusion, Options...>::PipelineStateQ &, cutlass::fmha::collective::FmhaMainloopTma<Element_, ElementAccumulator_, TileShape_, Fusion, Options...>::SharedStorage &) [with Element_=cutlass::half_t, ElementAccumulator_=float, TileShape_=cute::tuple<cute::_64, cute::_128, cute::_32>, Fusion=cutlass::fmha::collective::CausalFusion, Options=<>, BlkCoord=cute::tuple<unsigned int, cute::_0, cute::tuple<uint32_t, uint32_t>>, ProblemShape=cute::tuple<int, int, int, int, int>]" at line 212 of /home/yanwa/workspace/cutlass/examples/120_hopper_fmha_sm120/kernel/../kernel/fmha_kernel_tma.hpp
            instantiation of "void cutlass::fmha::kernel::FmhaKernelTma<CollectiveMainloop, CollectiveEpilogue, Options...>::operator()(const cutlass::fmha::kernel::FmhaKernelTma<CollectiveMainloop, CollectiveEpilogue, Options...>::Params &, char *) [with CollectiveMainloop=cutlass::fmha::collective::FmhaMainloopTma<cutlass::half_t, float, cute::tuple<cute::_64, cute::_128, cute::_32>, cutlass::fmha::collective::CausalFusion>, CollectiveEpilogue=cutlass::fmha::collective::FmhaFwdEpilogue<cutlass::half_t, float, cute::tuple<cute::_64, cute::_32, cute::_128>>, Options=<>]" at line 123 of /home/yanwa/workspace/cutlass/include/cutlass/device_kernel.h
            instantiation of "void cutlass::device_kernel<Operator>(Operator::Params) [with Operator=cutlass::fmha::kernel::FmhaKernelTma<cutlass::fmha::collective::FmhaMainloopTma<cutlass::half_t, float, cute::tuple<cute::_64, cute::_128, cute::_32>, cutlass::fmha::collective::CausalFusion>, cutlass::fmha::collective::FmhaFwdEpilogue<cutlass::half_t, float, cute::tuple<cute::_64, cute::_32, cute::_128>>>]" at line 177 of /home/yanwa/workspace/cutlass/examples/120_hopper_fmha_sm120/device/../device/device_universal.hpp
            instantiation of "cutlass::Status cutlass::device::Universal<Kernel_>::initialize(const cutlass::device::Universal<Kernel_>::Arguments &, void *, cudaStream_t) [with Kernel_=cutlass::fmha::kernel::FmhaKernelTma<cutlass::fmha::collective::FmhaMainloopTma<cutlass::half_t, float, cute::tuple<cute::_64, cute::_128, cute::_32>, cutlass::fmha::collective::CausalFusion>, cutlass::fmha::collective::FmhaFwdEpilogue<cutlass::half_t, float, cute::tuple<cute::_64, cute::_32, cute::_128>>>]" at line 445 of /home/yanwa/workspace/cutlass/examples/120_hopper_fmha_sm120/88_hopper_fmha.cu
            instantiation of "ExampleResult FwdRunner<TileShape, DispatchPolicy, ActiveFusion, KernelOptions...>::run(const Options &, const cutlass::KernelHardwareInfo &) [with TileShape=cute::tuple<cute::_64, cute::_128, cute::_32>, DispatchPolicy=KernelTma, ActiveFusion=cutlass::fmha::collective::CausalFusion, KernelOptions=<>]" at line 955 of /home/yanwa/workspace/cutlass/examples/120_hopper_fmha_sm120/88_hopper_fmha.cu
            instantiation of "void run_fwd_32(Fusion, const Options &, const cutlass::KernelHardwareInfo &) [with Fusion=cutlass::fmha::collective::CausalFusion]" at line 1163 of /home/yanwa/workspace/cutlass/examples/120_hopper_fmha_sm120/88_hopper_fmha.cu

/home/yanwa/workspace/cutlass/examples/120_hopper_fmha_sm120/kernel/../collective/fmha_collective_tma.hpp(362): error: no instance of constructor "Tensor" matches the argument list
            argument types are: (<error-type>)
          Tensor acc_qk_fixed = make_fragment_like<Element>(convert_c_layout_to_a_layout(acc_qk.layout(), shape<1>(typename decltype(tiled_mma_pv)::LayoutA_TV{})));
                 ^
          detected during:
            instantiation of "auto cutlass::fmha::collective::FmhaMainloopTma<Element_, ElementAccumulator_, TileShape_, Fusion, Options...>::compute(int, const BlkCoord &, const cutlass::fmha::collective::FmhaMainloopTma<Element_, ElementAccumulator_, TileShape_, Fusion, Options...>::Params &, const ProblemShape &, cutlass::fmha::collective::FmhaMainloopTma<Element_, ElementAccumulator_, TileShape_, Fusion, Options...>::MainloopPipeline &, cutlass::fmha::collective::FmhaMainloopTma<Element_, ElementAccumulator_, TileShape_, Fusion, Options...>::PipelineState &, cutlass::fmha::collective::FmhaMainloopTma<Element_, ElementAccumulator_, TileShape_, Fusion, Options...>::PipelineState &, cutlass::fmha::collective::FmhaMainloopTma<Element_, ElementAccumulator_, TileShape_, Fusion, Options...>::MainloopPipelineQ &, cutlass::fmha::collective::FmhaMainloopTma<Element_, ElementAccumulator_, TileShape_, Fusion, Options...>::PipelineStateQ &, cutlass::fmha::collective::FmhaMainloopTma<Element_, ElementAccumulator_, TileShape_, Fusion, Options...>::PipelineStateQ &, cutlass::fmha::collective::FmhaMainloopTma<Element_, ElementAccumulator_, TileShape_, Fusion, Options...>::SharedStorage &) [with Element_=cutlass::half_t, ElementAccumulator_=float, TileShape_=cute::tuple<cute::_64, cute::_128, cute::_32>, Fusion=cutlass::fmha::collective::CausalFusion, Options=<>, BlkCoord=cute::tuple<unsigned int, cute::_0, cute::tuple<uint32_t, uint32_t>>, ProblemShape=cute::tuple<int, int, int, int, int>]" at line 212 of /home/yanwa/workspace/cutlass/examples/120_hopper_fmha_sm120/kernel/../kernel/fmha_kernel_tma.hpp
            instantiation of "void cutlass::fmha::kernel::FmhaKernelTma<CollectiveMainloop, CollectiveEpilogue, Options...>::operator()(const cutlass::fmha::kernel::FmhaKernelTma<CollectiveMainloop, CollectiveEpilogue, Options...>::Params &, char *) [with CollectiveMainloop=cutlass::fmha::collective::FmhaMainloopTma<cutlass::half_t, float, cute::tuple<cute::_64, cute::_128, cute::_32>, cutlass::fmha::collective::CausalFusion>, CollectiveEpilogue=cutlass::fmha::collective::FmhaFwdEpilogue<cutlass::half_t, float, cute::tuple<cute::_64, cute::_32, cute::_128>>, Options=<>]" at line 123 of /home/yanwa/workspace/cutlass/include/cutlass/device_kernel.h
            instantiation of "void cutlass::device_kernel<Operator>(Operator::Params) [with Operator=cutlass::fmha::kernel::FmhaKernelTma<cutlass::fmha::collective::FmhaMainloopTma<cutlass::half_t, float, cute::tuple<cute::_64, cute::_128, cute::_32>, cutlass::fmha::collective::CausalFusion>, cutlass::fmha::collective::FmhaFwdEpilogue<cutlass::half_t, float, cute::tuple<cute::_64, cute::_32, cute::_128>>>]" at line 177 of /home/yanwa/workspace/cutlass/examples/120_hopper_fmha_sm120/device/../device/device_universal.hpp
            instantiation of "cutlass::Status cutlass::device::Universal<Kernel_>::initialize(const cutlass::device::Universal<Kernel_>::Arguments &, void *, cudaStream_t) [with Kernel_=cutlass::fmha::kernel::FmhaKernelTma<cutlass::fmha::collective::FmhaMainloopTma<cutlass::half_t, float, cute::tuple<cute::_64, cute::_128, cute::_32>, cutlass::fmha::collective::CausalFusion>, cutlass::fmha::collective::FmhaFwdEpilogue<cutlass::half_t, float, cute::tuple<cute::_64, cute::_32, cute::_128>>>]" at line 445 of /home/yanwa/workspace/cutlass/examples/120_hopper_fmha_sm120/88_hopper_fmha.cu
            instantiation of "ExampleResult FwdRunner<TileShape, DispatchPolicy, ActiveFusion, KernelOptions...>::run(const Options &, const cutlass::KernelHardwareInfo &) [with TileShape=cute::tuple<cute::_64, cute::_128, cute::_32>, DispatchPolicy=KernelTma, ActiveFusion=cutlass::fmha::collective::CausalFusion, KernelOptions=<>]" at line 955 of /home/yanwa/workspace/cutlass/examples/120_hopper_fmha_sm120/88_hopper_fmha.cu
            instantiation of "void run_fwd_32(Fusion, const Options &, const cutlass::KernelHardwareInfo &) [with Fusion=cutlass::fmha::collective::CausalFusion]" at line 1163 of /home/yanwa/workspace/cutlass/examples/120_hopper_fmha_sm120/88_hopper_fmha.cu

/home/yanwa/workspace/cutlass/examples/120_hopper_fmha_sm120/kernel/../collective/fmha_collective_tma.hpp(362): error: cannot deduce class template arguments
          Tensor acc_qk_fixed = make_fragment_like<Element>(convert_c_layout_to_a_layout(acc_qk.layout(), shape<1>(typename decltype(tiled_mma_pv)::LayoutA_TV{})));
          ^
          detected during:
            instantiation of "auto cutlass::fmha::collective::FmhaMainloopTma<Element_, ElementAccumulator_, TileShape_, Fusion, Options...>::compute(int, const BlkCoord &, const cutlass::fmha::collective::FmhaMainloopTma<Element_, ElementAccumulator_, TileShape_, Fusion, Options...>::Params &, const ProblemShape &, cutlass::fmha::collective::FmhaMainloopTma<Element_, ElementAccumulator_, TileShape_, Fusion, Options...>::MainloopPipeline &, cutlass::fmha::collective::FmhaMainloopTma<Element_, ElementAccumulator_, TileShape_, Fusion, Options...>::PipelineState &, cutlass::fmha::collective::FmhaMainloopTma<Element_, ElementAccumulator_, TileShape_, Fusion, Options...>::PipelineState &, cutlass::fmha::collective::FmhaMainloopTma<Element_, ElementAccumulator_, TileShape_, Fusion, Options...>::MainloopPipelineQ &, cutlass::fmha::collective::FmhaMainloopTma<Element_, ElementAccumulator_, TileShape_, Fusion, Options...>::PipelineStateQ &, cutlass::fmha::collective::FmhaMainloopTma<Element_, ElementAccumulator_, TileShape_, Fusion, Options...>::PipelineStateQ &, cutlass::fmha::collective::FmhaMainloopTma<Element_, ElementAccumulator_, TileShape_, Fusion, Options...>::SharedStorage &) [with Element_=cutlass::half_t, ElementAccumulator_=float, TileShape_=cute::tuple<cute::_64, cute::_128, cute::_32>, Fusion=cutlass::fmha::collective::CausalFusion, Options=<>, BlkCoord=cute::tuple<unsigned int, cute::_0, cute::tuple<uint32_t, uint32_t>>, ProblemShape=cute::tuple<int, int, int, int, int>]" at line 212 of /home/yanwa/workspace/cutlass/examples/120_hopper_fmha_sm120/kernel/../kernel/fmha_kernel_tma.hpp
            instantiation of "void cutlass::fmha::kernel::FmhaKernelTma<CollectiveMainloop, CollectiveEpilogue, Options...>::operator()(const cutlass::fmha::kernel::FmhaKernelTma<CollectiveMainloop, CollectiveEpilogue, Options...>::Params &, char *) [with CollectiveMainloop=cutlass::fmha::collective::FmhaMainloopTma<cutlass::half_t, float, cute::tuple<cute::_64, cute::_128, cute::_32>, cutlass::fmha::collective::CausalFusion>, CollectiveEpilogue=cutlass::fmha::collective::FmhaFwdEpilogue<cutlass::half_t, float, cute::tuple<cute::_64, cute::_32, cute::_128>>, Options=<>]" at line 123 of /home/yanwa/workspace/cutlass/include/cutlass/device_kernel.h
            instantiation of "void cutlass::device_kernel<Operator>(Operator::Params) [with Operator=cutlass::fmha::kernel::FmhaKernelTma<cutlass::fmha::collective::FmhaMainloopTma<cutlass::half_t, float, cute::tuple<cute::_64, cute::_128, cute::_32>, cutlass::fmha::collective::CausalFusion>, cutlass::fmha::collective::FmhaFwdEpilogue<cutlass::half_t, float, cute::tuple<cute::_64, cute::_32, cute::_128>>>]" at line 177 of /home/yanwa/workspace/cutlass/examples/120_hopper_fmha_sm120/device/../device/device_universal.hpp
            instantiation of "cutlass::Status cutlass::device::Universal<Kernel_>::initialize(const cutlass::device::Universal<Kernel_>::Arguments &, void *, cudaStream_t) [with Kernel_=cutlass::fmha::kernel::FmhaKernelTma<cutlass::fmha::collective::FmhaMainloopTma<cutlass::half_t, float, cute::tuple<cute::_64, cute::_128, cute::_32>, cutlass::fmha::collective::CausalFusion>, cutlass::fmha::collective::FmhaFwdEpilogue<cutlass::half_t, float, cute::tuple<cute::_64, cute::_32, cute::_128>>>]" at line 445 of /home/yanwa/workspace/cutlass/examples/120_hopper_fmha_sm120/88_hopper_fmha.cu
            instantiation of "ExampleResult FwdRunner<TileShape, DispatchPolicy, ActiveFusion, KernelOptions...>::run(const Options &, const cutlass::KernelHardwareInfo &) [with TileShape=cute::tuple<cute::_64, cute::_128, cute::_32>, DispatchPolicy=KernelTma, ActiveFusion=cutlass::fmha::collective::CausalFusion, KernelOptions=<>]" at line 955 of /home/yanwa/workspace/cutlass/examples/120_hopper_fmha_sm120/88_hopper_fmha.cu
            instantiation of "void run_fwd_32(Fusion, const Options &, const cutlass::KernelHardwareInfo &) [with Fusion=cutlass::fmha::collective::CausalFusion]" at line 1163 of /home/yanwa/workspace/cutlass/examples/120_hopper_fmha_sm120/88_hopper_fmha.cu

/home/yanwa/workspace/cutlass/examples/120_hopper_fmha_sm120/kernel/../collective/fmha_collective_tma.hpp(364): error: no instance of constructor "Tensor" matches the argument list
            argument types are: (<error-type>)
          Tensor acc_qk_input = make_tensor(acc_qk_fixed.data(), acc_qk.layout());
                 ^
          detected during:
            instantiation of "auto cutlass::fmha::collective::FmhaMainloopTma<Element_, ElementAccumulator_, TileShape_, Fusion, Options...>::compute(int, const BlkCoord &, const cutlass::fmha::collective::FmhaMainloopTma<Element_, ElementAccumulator_, TileShape_, Fusion, Options...>::Params &, const ProblemShape &, cutlass::fmha::collective::FmhaMainloopTma<Element_, ElementAccumulator_, TileShape_, Fusion, Options...>::MainloopPipeline &, cutlass::fmha::collective::FmhaMainloopTma<Element_, ElementAccumulator_, TileShape_, Fusion, Options...>::PipelineState &, cutlass::fmha::collective::FmhaMainloopTma<Element_, ElementAccumulator_, TileShape_, Fusion, Options...>::PipelineState &, cutlass::fmha::collective::FmhaMainloopTma<Element_, ElementAccumulator_, TileShape_, Fusion, Options...>::MainloopPipelineQ &, cutlass::fmha::collective::FmhaMainloopTma<Element_, ElementAccumulator_, TileShape_, Fusion, Options...>::PipelineStateQ &, cutlass::fmha::collective::FmhaMainloopTma<Element_, ElementAccumulator_, TileShape_, Fusion, Options...>::PipelineStateQ &, cutlass::fmha::collective::FmhaMainloopTma<Element_, ElementAccumulator_, TileShape_, Fusion, Options...>::SharedStorage &) [with Element_=cutlass::half_t, ElementAccumulator_=float, TileShape_=cute::tuple<cute::_64, cute::_128, cute::_32>, Fusion=cutlass::fmha::collective::CausalFusion, Options=<>, BlkCoord=cute::tuple<unsigned int, cute::_0, cute::tuple<uint32_t, uint32_t>>, ProblemShape=cute::tuple<int, int, int, int, int>]" at line 212 of /home/yanwa/workspace/cutlass/examples/120_hopper_fmha_sm120/kernel/../kernel/fmha_kernel_tma.hpp
            instantiation of "void cutlass::fmha::kernel::FmhaKernelTma<CollectiveMainloop, CollectiveEpilogue, Options...>::operator()(const cutlass::fmha::kernel::FmhaKernelTma<CollectiveMainloop, CollectiveEpilogue, Options...>::Params &, char *) [with CollectiveMainloop=cutlass::fmha::collective::FmhaMainloopTma<cutlass::half_t, float, cute::tuple<cute::_64, cute::_128, cute::_32>, cutlass::fmha::collective::CausalFusion>, CollectiveEpilogue=cutlass::fmha::collective::FmhaFwdEpilogue<cutlass::half_t, float, cute::tuple<cute::_64, cute::_32, cute::_128>>, Options=<>]" at line 123 of /home/yanwa/workspace/cutlass/include/cutlass/device_kernel.h
            instantiation of "void cutlass::device_kernel<Operator>(Operator::Params) [with Operator=cutlass::fmha::kernel::FmhaKernelTma<cutlass::fmha::collective::FmhaMainloopTma<cutlass::half_t, float, cute::tuple<cute::_64, cute::_128, cute::_32>, cutlass::fmha::collective::CausalFusion>, cutlass::fmha::collective::FmhaFwdEpilogue<cutlass::half_t, float, cute::tuple<cute::_64, cute::_32, cute::_128>>>]" at line 177 of /home/yanwa/workspace/cutlass/examples/120_hopper_fmha_sm120/device/../device/device_universal.hpp
            instantiation of "cutlass::Status cutlass::device::Universal<Kernel_>::initialize(const cutlass::device::Universal<Kernel_>::Arguments &, void *, cudaStream_t) [with Kernel_=cutlass::fmha::kernel::FmhaKernelTma<cutlass::fmha::collective::FmhaMainloopTma<cutlass::half_t, float, cute::tuple<cute::_64, cute::_128, cute::_32>, cutlass::fmha::collective::CausalFusion>, cutlass::fmha::collective::FmhaFwdEpilogue<cutlass::half_t, float, cute::tuple<cute::_64, cute::_32, cute::_128>>>]" at line 445 of /home/yanwa/workspace/cutlass/examples/120_hopper_fmha_sm120/88_hopper_fmha.cu
            instantiation of "ExampleResult FwdRunner<TileShape, DispatchPolicy, ActiveFusion, KernelOptions...>::run(const Options &, const cutlass::KernelHardwareInfo &) [with TileShape=cute::tuple<cute::_64, cute::_128, cute::_32>, DispatchPolicy=KernelTma, ActiveFusion=cutlass::fmha::collective::CausalFusion, KernelOptions=<>]" at line 955 of /home/yanwa/workspace/cutlass/examples/120_hopper_fmha_sm120/88_hopper_fmha.cu
            instantiation of "void run_fwd_32(Fusion, const Options &, const cutlass::KernelHardwareInfo &) [with Fusion=cutlass::fmha::collective::CausalFusion]" at line 1163 of /home/yanwa/workspace/cutlass/examples/120_hopper_fmha_sm120/88_hopper_fmha.cu

/home/yanwa/workspace/cutlass/examples/120_hopper_fmha_sm120/kernel/../collective/fmha_collective_tma.hpp(364): error: cannot deduce class template arguments
          Tensor acc_qk_input = make_tensor(acc_qk_fixed.data(), acc_qk.layout());
          ^
          detected during:
            instantiation of "auto cutlass::fmha::collective::FmhaMainloopTma<Element_, ElementAccumulator_, TileShape_, Fusion, Options...>::compute(int, const BlkCoord &, const cutlass::fmha::collective::FmhaMainloopTma<Element_, ElementAccumulator_, TileShape_, Fusion, Options...>::Params &, const ProblemShape &, cutlass::fmha::collective::FmhaMainloopTma<Element_, ElementAccumulator_, TileShape_, Fusion, Options...>::MainloopPipeline &, cutlass::fmha::collective::FmhaMainloopTma<Element_, ElementAccumulator_, TileShape_, Fusion, Options...>::PipelineState &, cutlass::fmha::collective::FmhaMainloopTma<Element_, ElementAccumulator_, TileShape_, Fusion, Options...>::PipelineState &, cutlass::fmha::collective::FmhaMainloopTma<Element_, ElementAccumulator_, TileShape_, Fusion, Options...>::MainloopPipelineQ &, cutlass::fmha::collective::FmhaMainloopTma<Element_, ElementAccumulator_, TileShape_, Fusion, Options...>::PipelineStateQ &, cutlass::fmha::collective::FmhaMainloopTma<Element_, ElementAccumulator_, TileShape_, Fusion, Options...>::PipelineStateQ &, cutlass::fmha::collective::FmhaMainloopTma<Element_, ElementAccumulator_, TileShape_, Fusion, Options...>::SharedStorage &) [with Element_=cutlass::half_t, ElementAccumulator_=float, TileShape_=cute::tuple<cute::_64, cute::_128, cute::_32>, Fusion=cutlass::fmha::collective::CausalFusion, Options=<>, BlkCoord=cute::tuple<unsigned int, cute::_0, cute::tuple<uint32_t, uint32_t>>, ProblemShape=cute::tuple<int, int, int, int, int>]" at line 212 of /home/yanwa/workspace/cutlass/examples/120_hopper_fmha_sm120/kernel/../kernel/fmha_kernel_tma.hpp
            instantiation of "void cutlass::fmha::kernel::FmhaKernelTma<CollectiveMainloop, CollectiveEpilogue, Options...>::operator()(const cutlass::fmha::kernel::FmhaKernelTma<CollectiveMainloop, CollectiveEpilogue, Options...>::Params &, char *) [with CollectiveMainloop=cutlass::fmha::collective::FmhaMainloopTma<cutlass::half_t, float, cute::tuple<cute::_64, cute::_128, cute::_32>, cutlass::fmha::collective::CausalFusion>, CollectiveEpilogue=cutlass::fmha::collective::FmhaFwdEpilogue<cutlass::half_t, float, cute::tuple<cute::_64, cute::_32, cute::_128>>, Options=<>]" at line 123 of /home/yanwa/workspace/cutlass/include/cutlass/device_kernel.h
            instantiation of "void cutlass::device_kernel<Operator>(Operator::Params) [with Operator=cutlass::fmha::kernel::FmhaKernelTma<cutlass::fmha::collective::FmhaMainloopTma<cutlass::half_t, float, cute::tuple<cute::_64, cute::_128, cute::_32>, cutlass::fmha::collective::CausalFusion>, cutlass::fmha::collective::FmhaFwdEpilogue<cutlass::half_t, float, cute::tuple<cute::_64, cute::_32, cute::_128>>>]" at line 177 of /home/yanwa/workspace/cutlass/examples/120_hopper_fmha_sm120/device/../device/device_universal.hpp
            instantiation of "cutlass::Status cutlass::device::Universal<Kernel_>::initialize(const cutlass::device::Universal<Kernel_>::Arguments &, void *, cudaStream_t) [with Kernel_=cutlass::fmha::kernel::FmhaKernelTma<cutlass::fmha::collective::FmhaMainloopTma<cutlass::half_t, float, cute::tuple<cute::_64, cute::_128, cute::_32>, cutlass::fmha::collective::CausalFusion>, cutlass::fmha::collective::FmhaFwdEpilogue<cutlass::half_t, float, cute::tuple<cute::_64, cute::_32, cute::_128>>>]" at line 445 of /home/yanwa/workspace/cutlass/examples/120_hopper_fmha_sm120/88_hopper_fmha.cu
            instantiation of "ExampleResult FwdRunner<TileShape, DispatchPolicy, ActiveFusion, KernelOptions...>::run(const Options &, const cutlass::KernelHardwareInfo &) [with TileShape=cute::tuple<cute::_64, cute::_128, cute::_32>, DispatchPolicy=KernelTma, ActiveFusion=cutlass::fmha::collective::CausalFusion, KernelOptions=<>]" at line 955 of /home/yanwa/workspace/cutlass/examples/120_hopper_fmha_sm120/88_hopper_fmha.cu
            instantiation of "void run_fwd_32(Fusion, const Options &, const cutlass::KernelHardwareInfo &) [with Fusion=cutlass::fmha::collective::CausalFusion]" at line 1163 of /home/yanwa/workspace/cutlass/examples/120_hopper_fmha_sm120/88_hopper_fmha.cu

/home/yanwa/workspace/cutlass/examples/120_hopper_fmha_sm120/kernel/../collective/fmha_collective_tma.hpp(397): error: no instance of function template "cute::partition_fragment_C" matches the argument list
            argument types are: (<error-type>, cute::tuple<cute::C<64>, cute::C<128>>)
          Tensor acc_qk = partition_fragment_C(tiled_mma_qk, take<0, 2>(TileShapeQK{}));
                          ^
/home/yanwa/workspace/cutlass/include/cute/atom/mma_atom.hpp(577): note #3327-D: candidate function template "cute::partition_fragment_C" failed deduction
  partition_fragment_C(TiledMMA<Args...> const& mma, Shape_MN const& shapeMN)
  ^
          detected during:
            instantiation of "auto cutlass::fmha::collective::FmhaMainloopTma<Element_, ElementAccumulator_, TileShape_, Fusion, Options...>::compute(int, const BlkCoord &, const cutlass::fmha::collective::FmhaMainloopTma<Element_, ElementAccumulator_, TileShape_, Fusion, Options...>::Params &, const ProblemShape &, cutlass::fmha::collective::FmhaMainloopTma<Element_, ElementAccumulator_, TileShape_, Fusion, Options...>::MainloopPipeline &, cutlass::fmha::collective::FmhaMainloopTma<Element_, ElementAccumulator_, TileShape_, Fusion, Options...>::PipelineState &, cutlass::fmha::collective::FmhaMainloopTma<Element_, ElementAccumulator_, TileShape_, Fusion, Options...>::PipelineState &, cutlass::fmha::collective::FmhaMainloopTma<Element_, ElementAccumulator_, TileShape_, Fusion, Options...>::MainloopPipelineQ &, cutlass::fmha::collective::FmhaMainloopTma<Element_, ElementAccumulator_, TileShape_, Fusion, Options...>::PipelineStateQ &, cutlass::fmha::collective::FmhaMainloopTma<Element_, ElementAccumulator_, TileShape_, Fusion, Options...>::PipelineStateQ &, cutlass::fmha::collective::FmhaMainloopTma<Element_, ElementAccumulator_, TileShape_, Fusion, Options...>::SharedStorage &) [with Element_=cutlass::half_t, ElementAccumulator_=float, TileShape_=cute::tuple<cute::_64, cute::_128, cute::_32>, Fusion=cutlass::fmha::collective::CausalFusion, Options=<>, BlkCoord=cute::tuple<unsigned int, cute::_0, cute::tuple<uint32_t, uint32_t>>, ProblemShape=cute::tuple<int, int, int, int, int>]" at line 212 of /home/yanwa/workspace/cutlass/examples/120_hopper_fmha_sm120/kernel/../kernel/fmha_kernel_tma.hpp
            instantiation of "void cutlass::fmha::kernel::FmhaKernelTma<CollectiveMainloop, CollectiveEpilogue, Options...>::operator()(const cutlass::fmha::kernel::FmhaKernelTma<CollectiveMainloop, CollectiveEpilogue, Options...>::Params &, char *) [with CollectiveMainloop=cutlass::fmha::collective::FmhaMainloopTma<cutlass::half_t, float, cute::tuple<cute::_64, cute::_128, cute::_32>, cutlass::fmha::collective::CausalFusion>, CollectiveEpilogue=cutlass::fmha::collective::FmhaFwdEpilogue<cutlass::half_t, float, cute::tuple<cute::_64, cute::_32, cute::_128>>, Options=<>]" at line 123 of /home/yanwa/workspace/cutlass/include/cutlass/device_kernel.h
            instantiation of "void cutlass::device_kernel<Operator>(Operator::Params) [with Operator=cutlass::fmha::kernel::FmhaKernelTma<cutlass::fmha::collective::FmhaMainloopTma<cutlass::half_t, float, cute::tuple<cute::_64, cute::_128, cute::_32>, cutlass::fmha::collective::CausalFusion>, cutlass::fmha::collective::FmhaFwdEpilogue<cutlass::half_t, float, cute::tuple<cute::_64, cute::_32, cute::_128>>>]" at line 177 of /home/yanwa/workspace/cutlass/examples/120_hopper_fmha_sm120/device/../device/device_universal.hpp
            instantiation of "cutlass::Status cutlass::device::Universal<Kernel_>::initialize(const cutlass::device::Universal<Kernel_>::Arguments &, void *, cudaStream_t) [with Kernel_=cutlass::fmha::kernel::FmhaKernelTma<cutlass::fmha::collective::FmhaMainloopTma<cutlass::half_t, float, cute::tuple<cute::_64, cute::_128, cute::_32>, cutlass::fmha::collective::CausalFusion>, cutlass::fmha::collective::FmhaFwdEpilogue<cutlass::half_t, float, cute::tuple<cute::_64, cute::_32, cute::_128>>>]" at line 445 of /home/yanwa/workspace/cutlass/examples/120_hopper_fmha_sm120/88_hopper_fmha.cu
            instantiation of "ExampleResult FwdRunner<TileShape, DispatchPolicy, ActiveFusion, KernelOptions...>::run(const Options &, const cutlass::KernelHardwareInfo &) [with TileShape=cute::tuple<cute::_64, cute::_128, cute::_32>, DispatchPolicy=KernelTma, ActiveFusion=cutlass::fmha::collective::CausalFusion, KernelOptions=<>]" at line 955 of /home/yanwa/workspace/cutlass/examples/120_hopper_fmha_sm120/88_hopper_fmha.cu
            instantiation of "void run_fwd_32(Fusion, const Options &, const cutlass::KernelHardwareInfo &) [with Fusion=cutlass::fmha::collective::CausalFusion]" at line 1163 of /home/yanwa/workspace/cutlass/examples/120_hopper_fmha_sm120/88_hopper_fmha.cu

/home/yanwa/workspace/cutlass/examples/120_hopper_fmha_sm120/kernel/../collective/fmha_collective_tma.hpp(397): error: no instance of constructor "Tensor" matches the argument list
            argument types are: (<error-type>)
          Tensor acc_qk = partition_fragment_C(tiled_mma_qk, take<0, 2>(TileShapeQK{}));
                 ^
          detected during:
            instantiation of "auto cutlass::fmha::collective::FmhaMainloopTma<Element_, ElementAccumulator_, TileShape_, Fusion, Options...>::compute(int, const BlkCoord &, const cutlass::fmha::collective::FmhaMainloopTma<Element_, ElementAccumulator_, TileShape_, Fusion, Options...>::Params &, const ProblemShape &, cutlass::fmha::collective::FmhaMainloopTma<Element_, ElementAccumulator_, TileShape_, Fusion, Options...>::MainloopPipeline &, cutlass::fmha::collective::FmhaMainloopTma<Element_, ElementAccumulator_, TileShape_, Fusion, Options...>::PipelineState &, cutlass::fmha::collective::FmhaMainloopTma<Element_, ElementAccumulator_, TileShape_, Fusion, Options...>::PipelineState &, cutlass::fmha::collective::FmhaMainloopTma<Element_, ElementAccumulator_, TileShape_, Fusion, Options...>::MainloopPipelineQ &, cutlass::fmha::collective::FmhaMainloopTma<Element_, ElementAccumulator_, TileShape_, Fusion, Options...>::PipelineStateQ &, cutlass::fmha::collective::FmhaMainloopTma<Element_, ElementAccumulator_, TileShape_, Fusion, Options...>::PipelineStateQ &, cutlass::fmha::collective::FmhaMainloopTma<Element_, ElementAccumulator_, TileShape_, Fusion, Options...>::SharedStorage &) [with Element_=cutlass::half_t, ElementAccumulator_=float, TileShape_=cute::tuple<cute::_64, cute::_128, cute::_32>, Fusion=cutlass::fmha::collective::CausalFusion, Options=<>, BlkCoord=cute::tuple<unsigned int, cute::_0, cute::tuple<uint32_t, uint32_t>>, ProblemShape=cute::tuple<int, int, int, int, int>]" at line 212 of /home/yanwa/workspace/cutlass/examples/120_hopper_fmha_sm120/kernel/../kernel/fmha_kernel_tma.hpp
            instantiation of "void cutlass::fmha::kernel::FmhaKernelTma<CollectiveMainloop, CollectiveEpilogue, Options...>::operator()(const cutlass::fmha::kernel::FmhaKernelTma<CollectiveMainloop, CollectiveEpilogue, Options...>::Params &, char *) [with CollectiveMainloop=cutlass::fmha::collective::FmhaMainloopTma<cutlass::half_t, float, cute::tuple<cute::_64, cute::_128, cute::_32>, cutlass::fmha::collective::CausalFusion>, CollectiveEpilogue=cutlass::fmha::collective::FmhaFwdEpilogue<cutlass::half_t, float, cute::tuple<cute::_64, cute::_32, cute::_128>>, Options=<>]" at line 123 of /home/yanwa/workspace/cutlass/include/cutlass/device_kernel.h
            instantiation of "void cutlass::device_kernel<Operator>(Operator::Params) [with Operator=cutlass::fmha::kernel::FmhaKernelTma<cutlass::fmha::collective::FmhaMainloopTma<cutlass::half_t, float, cute::tuple<cute::_64, cute::_128, cute::_32>, cutlass::fmha::collective::CausalFusion>, cutlass::fmha::collective::FmhaFwdEpilogue<cutlass::half_t, float, cute::tuple<cute::_64, cute::_32, cute::_128>>>]" at line 177 of /home/yanwa/workspace/cutlass/examples/120_hopper_fmha_sm120/device/../device/device_universal.hpp
            instantiation of "cutlass::Status cutlass::device::Universal<Kernel_>::initialize(const cutlass::device::Universal<Kernel_>::Arguments &, void *, cudaStream_t) [with Kernel_=cutlass::fmha::kernel::FmhaKernelTma<cutlass::fmha::collective::FmhaMainloopTma<cutlass::half_t, float, cute::tuple<cute::_64, cute::_128, cute::_32>, cutlass::fmha::collective::CausalFusion>, cutlass::fmha::collective::FmhaFwdEpilogue<cutlass::half_t, float, cute::tuple<cute::_64, cute::_32, cute::_128>>>]" at line 445 of /home/yanwa/workspace/cutlass/examples/120_hopper_fmha_sm120/88_hopper_fmha.cu
            instantiation of "ExampleResult FwdRunner<TileShape, DispatchPolicy, ActiveFusion, KernelOptions...>::run(const Options &, const cutlass::KernelHardwareInfo &) [with TileShape=cute::tuple<cute::_64, cute::_128, cute::_32>, DispatchPolicy=KernelTma, ActiveFusion=cutlass::fmha::collective::CausalFusion, KernelOptions=<>]" at line 955 of /home/yanwa/workspace/cutlass/examples/120_hopper_fmha_sm120/88_hopper_fmha.cu
            instantiation of "void run_fwd_32(Fusion, const Options &, const cutlass::KernelHardwareInfo &) [with Fusion=cutlass::fmha::collective::CausalFusion]" at line 1163 of /home/yanwa/workspace/cutlass/examples/120_hopper_fmha_sm120/88_hopper_fmha.cu

/home/yanwa/workspace/cutlass/examples/120_hopper_fmha_sm120/kernel/../collective/fmha_collective_tma.hpp(397): error: cannot deduce class template arguments
          Tensor acc_qk = partition_fragment_C(tiled_mma_qk, take<0, 2>(TileShapeQK{}));
          ^
          detected during:
            instantiation of "auto cutlass::fmha::collective::FmhaMainloopTma<Element_, ElementAccumulator_, TileShape_, Fusion, Options...>::compute(int, const BlkCoord &, const cutlass::fmha::collective::FmhaMainloopTma<Element_, ElementAccumulator_, TileShape_, Fusion, Options...>::Params &, const ProblemShape &, cutlass::fmha::collective::FmhaMainloopTma<Element_, ElementAccumulator_, TileShape_, Fusion, Options...>::MainloopPipeline &, cutlass::fmha::collective::FmhaMainloopTma<Element_, ElementAccumulator_, TileShape_, Fusion, Options...>::PipelineState &, cutlass::fmha::collective::FmhaMainloopTma<Element_, ElementAccumulator_, TileShape_, Fusion, Options...>::PipelineState &, cutlass::fmha::collective::FmhaMainloopTma<Element_, ElementAccumulator_, TileShape_, Fusion, Options...>::MainloopPipelineQ &, cutlass::fmha::collective::FmhaMainloopTma<Element_, ElementAccumulator_, TileShape_, Fusion, Options...>::PipelineStateQ &, cutlass::fmha::collective::FmhaMainloopTma<Element_, ElementAccumulator_, TileShape_, Fusion, Options...>::PipelineStateQ &, cutlass::fmha::collective::FmhaMainloopTma<Element_, ElementAccumulator_, TileShape_, Fusion, Options...>::SharedStorage &) [with Element_=cutlass::half_t, ElementAccumulator_=float, TileShape_=cute::tuple<cute::_64, cute::_128, cute::_32>, Fusion=cutlass::fmha::collective::CausalFusion, Options=<>, BlkCoord=cute::tuple<unsigned int, cute::_0, cute::tuple<uint32_t, uint32_t>>, ProblemShape=cute::tuple<int, int, int, int, int>]" at line 212 of /home/yanwa/workspace/cutlass/examples/120_hopper_fmha_sm120/kernel/../kernel/fmha_kernel_tma.hpp
            instantiation of "void cutlass::fmha::kernel::FmhaKernelTma<CollectiveMainloop, CollectiveEpilogue, Options...>::operator()(const cutlass::fmha::kernel::FmhaKernelTma<CollectiveMainloop, CollectiveEpilogue, Options...>::Params &, char *) [with CollectiveMainloop=cutlass::fmha::collective::FmhaMainloopTma<cutlass::half_t, float, cute::tuple<cute::_64, cute::_128, cute::_32>, cutlass::fmha::collective::CausalFusion>, CollectiveEpilogue=cutlass::fmha::collective::FmhaFwdEpilogue<cutlass::half_t, float, cute::tuple<cute::_64, cute::_32, cute::_128>>, Options=<>]" at line 123 of /home/yanwa/workspace/cutlass/include/cutlass/device_kernel.h
            instantiation of "void cutlass::device_kernel<Operator>(Operator::Params) [with Operator=cutlass::fmha::kernel::FmhaKernelTma<cutlass::fmha::collective::FmhaMainloopTma<cutlass::half_t, float, cute::tuple<cute::_64, cute::_128, cute::_32>, cutlass::fmha::collective::CausalFusion>, cutlass::fmha::collective::FmhaFwdEpilogue<cutlass::half_t, float, cute::tuple<cute::_64, cute::_32, cute::_128>>>]" at line 177 of /home/yanwa/workspace/cutlass/examples/120_hopper_fmha_sm120/device/../device/device_universal.hpp
            instantiation of "cutlass::Status cutlass::device::Universal<Kernel_>::initialize(const cutlass::device::Universal<Kernel_>::Arguments &, void *, cudaStream_t) [with Kernel_=cutlass::fmha::kernel::FmhaKernelTma<cutlass::fmha::collective::FmhaMainloopTma<cutlass::half_t, float, cute::tuple<cute::_64, cute::_128, cute::_32>, cutlass::fmha::collective::CausalFusion>, cutlass::fmha::collective::FmhaFwdEpilogue<cutlass::half_t, float, cute::tuple<cute::_64, cute::_32, cute::_128>>>]" at line 445 of /home/yanwa/workspace/cutlass/examples/120_hopper_fmha_sm120/88_hopper_fmha.cu
            instantiation of "ExampleResult FwdRunner<TileShape, DispatchPolicy, ActiveFusion, KernelOptions...>::run(const Options &, const cutlass::KernelHardwareInfo &) [with TileShape=cute::tuple<cute::_64, cute::_128, cute::_32>, DispatchPolicy=KernelTma, ActiveFusion=cutlass::fmha::collective::CausalFusion, KernelOptions=<>]" at line 955 of /home/yanwa/workspace/cutlass/examples/120_hopper_fmha_sm120/88_hopper_fmha.cu
            instantiation of "void run_fwd_32(Fusion, const Options &, const cutlass::KernelHardwareInfo &) [with Fusion=cutlass::fmha::collective::CausalFusion]" at line 1163 of /home/yanwa/workspace/cutlass/examples/120_hopper_fmha_sm120/88_hopper_fmha.cu

/home/yanwa/workspace/cutlass/examples/120_hopper_fmha_sm120/kernel/../collective/fmha_collective_tma.hpp(430): error: no instance of constructor "Tensor" matches the argument list
            argument types are: (<error-type>)
          Tensor acc_qk_input = make_tensor(acc_qk.data(), layout_qk_input);
                 ^
          detected during:
            instantiation of "auto cutlass::fmha::collective::FmhaMainloopTma<Element_, ElementAccumulator_, TileShape_, Fusion, Options...>::compute(int, const BlkCoord &, const cutlass::fmha::collective::FmhaMainloopTma<Element_, ElementAccumulator_, TileShape_, Fusion, Options...>::Params &, const ProblemShape &, cutlass::fmha::collective::FmhaMainloopTma<Element_, ElementAccumulator_, TileShape_, Fusion, Options...>::MainloopPipeline &, cutlass::fmha::collective::FmhaMainloopTma<Element_, ElementAccumulator_, TileShape_, Fusion, Options...>::PipelineState &, cutlass::fmha::collective::FmhaMainloopTma<Element_, ElementAccumulator_, TileShape_, Fusion, Options...>::PipelineState &, cutlass::fmha::collective::FmhaMainloopTma<Element_, ElementAccumulator_, TileShape_, Fusion, Options...>::MainloopPipelineQ &, cutlass::fmha::collective::FmhaMainloopTma<Element_, ElementAccumulator_, TileShape_, Fusion, Options...>::PipelineStateQ &, cutlass::fmha::collective::FmhaMainloopTma<Element_, ElementAccumulator_, TileShape_, Fusion, Options...>::PipelineStateQ &, cutlass::fmha::collective::FmhaMainloopTma<Element_, ElementAccumulator_, TileShape_, Fusion, Options...>::SharedStorage &) [with Element_=cutlass::half_t, ElementAccumulator_=float, TileShape_=cute::tuple<cute::_64, cute::_128, cute::_32>, Fusion=cutlass::fmha::collective::CausalFusion, Options=<>, BlkCoord=cute::tuple<unsigned int, cute::_0, cute::tuple<uint32_t, uint32_t>>, ProblemShape=cute::tuple<int, int, int, int, int>]" at line 212 of /home/yanwa/workspace/cutlass/examples/120_hopper_fmha_sm120/kernel/../kernel/fmha_kernel_tma.hpp
            instantiation of "void cutlass::fmha::kernel::FmhaKernelTma<CollectiveMainloop, CollectiveEpilogue, Options...>::operator()(const cutlass::fmha::kernel::FmhaKernelTma<CollectiveMainloop, CollectiveEpilogue, Options...>::Params &, char *) [with CollectiveMainloop=cutlass::fmha::collective::FmhaMainloopTma<cutlass::half_t, float, cute::tuple<cute::_64, cute::_128, cute::_32>, cutlass::fmha::collective::CausalFusion>, CollectiveEpilogue=cutlass::fmha::collective::FmhaFwdEpilogue<cutlass::half_t, float, cute::tuple<cute::_64, cute::_32, cute::_128>>, Options=<>]" at line 123 of /home/yanwa/workspace/cutlass/include/cutlass/device_kernel.h
            instantiation of "void cutlass::device_kernel<Operator>(Operator::Params) [with Operator=cutlass::fmha::kernel::FmhaKernelTma<cutlass::fmha::collective::FmhaMainloopTma<cutlass::half_t, float, cute::tuple<cute::_64, cute::_128, cute::_32>, cutlass::fmha::collective::CausalFusion>, cutlass::fmha::collective::FmhaFwdEpilogue<cutlass::half_t, float, cute::tuple<cute::_64, cute::_32, cute::_128>>>]" at line 177 of /home/yanwa/workspace/cutlass/examples/120_hopper_fmha_sm120/device/../device/device_universal.hpp
            instantiation of "cutlass::Status cutlass::device::Universal<Kernel_>::initialize(const cutlass::device::Universal<Kernel_>::Arguments &, void *, cudaStream_t) [with Kernel_=cutlass::fmha::kernel::FmhaKernelTma<cutlass::fmha::collective::FmhaMainloopTma<cutlass::half_t, float, cute::tuple<cute::_64, cute::_128, cute::_32>, cutlass::fmha::collective::CausalFusion>, cutlass::fmha::collective::FmhaFwdEpilogue<cutlass::half_t, float, cute::tuple<cute::_64, cute::_32, cute::_128>>>]" at line 445 of /home/yanwa/workspace/cutlass/examples/120_hopper_fmha_sm120/88_hopper_fmha.cu
            instantiation of "ExampleResult FwdRunner<TileShape, DispatchPolicy, ActiveFusion, KernelOptions...>::run(const Options &, const cutlass::KernelHardwareInfo &) [with TileShape=cute::tuple<cute::_64, cute::_128, cute::_32>, DispatchPolicy=KernelTma, ActiveFusion=cutlass::fmha::collective::CausalFusion, KernelOptions=<>]" at line 955 of /home/yanwa/workspace/cutlass/examples/120_hopper_fmha_sm120/88_hopper_fmha.cu
            instantiation of "void run_fwd_32(Fusion, const Options &, const cutlass::KernelHardwareInfo &) [with Fusion=cutlass::fmha::collective::CausalFusion]" at line 1163 of /home/yanwa/workspace/cutlass/examples/120_hopper_fmha_sm120/88_hopper_fmha.cu

/home/yanwa/workspace/cutlass/examples/120_hopper_fmha_sm120/kernel/../collective/fmha_collective_tma.hpp(430): error: cannot deduce class template arguments
          Tensor acc_qk_input = make_tensor(acc_qk.data(), layout_qk_input);
          ^
          detected during:
            instantiation of "auto cutlass::fmha::collective::FmhaMainloopTma<Element_, ElementAccumulator_, TileShape_, Fusion, Options...>::compute(int, const BlkCoord &, const cutlass::fmha::collective::FmhaMainloopTma<Element_, ElementAccumulator_, TileShape_, Fusion, Options...>::Params &, const ProblemShape &, cutlass::fmha::collective::FmhaMainloopTma<Element_, ElementAccumulator_, TileShape_, Fusion, Options...>::MainloopPipeline &, cutlass::fmha::collective::FmhaMainloopTma<Element_, ElementAccumulator_, TileShape_, Fusion, Options...>::PipelineState &, cutlass::fmha::collective::FmhaMainloopTma<Element_, ElementAccumulator_, TileShape_, Fusion, Options...>::PipelineState &, cutlass::fmha::collective::FmhaMainloopTma<Element_, ElementAccumulator_, TileShape_, Fusion, Options...>::MainloopPipelineQ &, cutlass::fmha::collective::FmhaMainloopTma<Element_, ElementAccumulator_, TileShape_, Fusion, Options...>::PipelineStateQ &, cutlass::fmha::collective::FmhaMainloopTma<Element_, ElementAccumulator_, TileShape_, Fusion, Options...>::PipelineStateQ &, cutlass::fmha::collective::FmhaMainloopTma<Element_, ElementAccumulator_, TileShape_, Fusion, Options...>::SharedStorage &) [with Element_=cutlass::half_t, ElementAccumulator_=float, TileShape_=cute::tuple<cute::_64, cute::_128, cute::_32>, Fusion=cutlass::fmha::collective::CausalFusion, Options=<>, BlkCoord=cute::tuple<unsigned int, cute::_0, cute::tuple<uint32_t, uint32_t>>, ProblemShape=cute::tuple<int, int, int, int, int>]" at line 212 of /home/yanwa/workspace/cutlass/examples/120_hopper_fmha_sm120/kernel/../kernel/fmha_kernel_tma.hpp
            instantiation of "void cutlass::fmha::kernel::FmhaKernelTma<CollectiveMainloop, CollectiveEpilogue, Options...>::operator()(const cutlass::fmha::kernel::FmhaKernelTma<CollectiveMainloop, CollectiveEpilogue, Options...>::Params &, char *) [with CollectiveMainloop=cutlass::fmha::collective::FmhaMainloopTma<cutlass::half_t, float, cute::tuple<cute::_64, cute::_128, cute::_32>, cutlass::fmha::collective::CausalFusion>, CollectiveEpilogue=cutlass::fmha::collective::FmhaFwdEpilogue<cutlass::half_t, float, cute::tuple<cute::_64, cute::_32, cute::_128>>, Options=<>]" at line 123 of /home/yanwa/workspace/cutlass/include/cutlass/device_kernel.h
            instantiation of "void cutlass::device_kernel<Operator>(Operator::Params) [with Operator=cutlass::fmha::kernel::FmhaKernelTma<cutlass::fmha::collective::FmhaMainloopTma<cutlass::half_t, float, cute::tuple<cute::_64, cute::_128, cute::_32>, cutlass::fmha::collective::CausalFusion>, cutlass::fmha::collective::FmhaFwdEpilogue<cutlass::half_t, float, cute::tuple<cute::_64, cute::_32, cute::_128>>>]" at line 177 of /home/yanwa/workspace/cutlass/examples/120_hopper_fmha_sm120/device/../device/device_universal.hpp
            instantiation of "cutlass::Status cutlass::device::Universal<Kernel_>::initialize(const cutlass::device::Universal<Kernel_>::Arguments &, void *, cudaStream_t) [with Kernel_=cutlass::fmha::kernel::FmhaKernelTma<cutlass::fmha::collective::FmhaMainloopTma<cutlass::half_t, float, cute::tuple<cute::_64, cute::_128, cute::_32>, cutlass::fmha::collective::CausalFusion>, cutlass::fmha::collective::FmhaFwdEpilogue<cutlass::half_t, float, cute::tuple<cute::_64, cute::_32, cute::_128>>>]" at line 445 of /home/yanwa/workspace/cutlass/examples/120_hopper_fmha_sm120/88_hopper_fmha.cu
            instantiation of "ExampleResult FwdRunner<TileShape, DispatchPolicy, ActiveFusion, KernelOptions...>::run(const Options &, const cutlass::KernelHardwareInfo &) [with TileShape=cute::tuple<cute::_64, cute::_128, cute::_32>, DispatchPolicy=KernelTma, ActiveFusion=cutlass::fmha::collective::CausalFusion, KernelOptions=<>]" at line 955 of /home/yanwa/workspace/cutlass/examples/120_hopper_fmha_sm120/88_hopper_fmha.cu
            instantiation of "void run_fwd_32(Fusion, const Options &, const cutlass::KernelHardwareInfo &) [with Fusion=cutlass::fmha::collective::CausalFusion]" at line 1163 of /home/yanwa/workspace/cutlass/examples/120_hopper_fmha_sm120/88_hopper_fmha.cu

Error limit reached.
100 errors detected in the compilation of "/home/yanwa/workspace/cutlass/examples/120_hopper_fmha_sm120/88_hopper_fmha.cu".
Compilation terminated.
make[3]: *** [examples/120_hopper_fmha_sm120/CMakeFiles/120_hopper_fmha_sm120.dir/build.make:80: examples/120_hopper_fmha_sm120/CMakeFiles/120_hopper_fmha_sm120.dir/88_hopper_fmha.cu.o] Error 1
make[2]: *** [CMakeFiles/Makefile2:51605: examples/120_hopper_fmha_sm120/CMakeFiles/120_hopper_fmha_sm120.dir/all] Error 2
make[1]: *** [CMakeFiles/Makefile2:51612: examples/120_hopper_fmha_sm120/CMakeFiles/120_hopper_fmha_sm120.dir/rule] Error 2
make: *** [Makefile:17178: 120_hopper_fmha_sm120] Error 2
