Building CUDA object examples/120_hopper_fmha_sm120/CMakeFiles/120_hopper_fmha_sm120.dir/88_hopper_fmha.cu.o
/home/yanwa/workspace/cutlass/examples/120_hopper_fmha_sm120/device/../kernel/fmha_kernel_tma_warpspecialized.hpp(59): error: class "cutlass::fmha::collective::FmhaMainloopTma<cutlass::float_e2m1_t, float, float, cute::tuple<cute::_64, cute::_128, cute::_32>, cute::tuple<int, cute::_1, cute::tuple<int32_t, int32_t>>, cute::tuple<int, cute::_1, cute::tuple<int32_t, int32_t>>, cute::tuple<cute::_1, int, cute::tuple<int32_t, int32_t>>, cutlass::fmha::collective::CausalFusion>" has no member "NumMmaWarpGroups"
    static constexpr int NumMmaWarpGroups = CollectiveMainloop::NumMmaWarpGroups;
                                                                ^
          detected during:
            instantiation of class "cutlass::fmha::kernel::FmhaKernelTmaWarpSpecialized<CollectiveMainloop, CollectiveEpilogue, TileScheduler, Options...> [with CollectiveMainloop=cutlass::fmha::collective::FmhaMainloopTma<cutlass::float_e2m1_t, float, float, cute::tuple<cute::_64, cute::_128, cute::_32>, cute::tuple<int, cute::_1, cute::tuple<int32_t, int32_t>>, cute::tuple<int, cute::_1, cute::tuple<int32_t, int32_t>>, cute::tuple<cute::_1, int, cute::tuple<int32_t, int32_t>>, cutlass::fmha::collective::CausalFusion>, CollectiveEpilogue=cutlass::fmha::collective::FmhaFwdEpilogue<cutlass::float_e2m1_t, float, cute::tuple<cute::_64, cute::_32, cute::_128>>, TileScheduler=cutlass::fmha::kernel::IndividualTileScheduler, Options=<>]" at line 70
            instantiation of class "cutlass::fmha::kernel::FmhaKernelTmaWarpSpecialized<CollectiveMainloop, CollectiveEpilogue, TileScheduler, Options...> [with CollectiveMainloop=cutlass::fmha::collective::FmhaMainloopTma<cutlass::float_e2m1_t, float, float, cute::tuple<cute::_64, cute::_128, cute::_32>, cute::tuple<int, cute::_1, cute::tuple<int32_t, int32_t>>, cute::tuple<int, cute::_1, cute::tuple<int32_t, int32_t>>, cute::tuple<cute::_1, int, cute::tuple<int32_t, int32_t>>, cutlass::fmha::collective::CausalFusion>, CollectiveEpilogue=cutlass::fmha::collective::FmhaFwdEpilogue<cutlass::float_e2m1_t, float, cute::tuple<cute::_64, cute::_32, cute::_128>>, TileScheduler=cutlass::fmha::kernel::IndividualTileScheduler, Options=<>]" at line 64 of /home/yanwa/workspace/cutlass/examples/120_hopper_fmha_sm120/device/../device/device_universal.hpp
            instantiation of class "cutlass::device::Universal<Kernel_> [with Kernel_=cutlass::fmha::kernel::FmhaKernelTmaWarpSpecialized<cutlass::fmha::collective::FmhaMainloopTma<cutlass::float_e2m1_t, float, float, cute::tuple<cute::_64, cute::_128, cute::_32>, cute::tuple<int, cute::_1, cute::tuple<int32_t, int32_t>>, cute::tuple<int, cute::_1, cute::tuple<int32_t, int32_t>>, cute::tuple<cute::_1, int, cute::tuple<int32_t, int32_t>>, cutlass::fmha::collective::CausalFusion>, cutlass::fmha::collective::FmhaFwdEpilogue<cutlass::float_e2m1_t, float, cute::tuple<cute::_64, cute::_32, cute::_128>>, cutlass::fmha::kernel::IndividualTileScheduler>]" at line 392 of /home/yanwa/workspace/cutlass/examples/120_hopper_fmha_sm120/88_hopper_fmha.cu
            instantiation of "void FwdRunner<TileShape, DispatchPolicy, ActiveFusion, KernelOptions...>::initialize(const FwdRunner<TileShape, DispatchPolicy, ActiveFusion, KernelOptions...>::ProblemShapeType &) [with TileShape=cute::tuple<cute::_64, cute::_128, cute::_32>, DispatchPolicy=KernelCooperative, ActiveFusion=cutlass::fmha::collective::CausalFusion, KernelOptions=<>]" at line 414 of /home/yanwa/workspace/cutlass/examples/120_hopper_fmha_sm120/88_hopper_fmha.cu
            instantiation of "ExampleResult FwdRunner<TileShape, DispatchPolicy, ActiveFusion, KernelOptions...>::run(const Options &, const cutlass::KernelHardwareInfo &) [with TileShape=cute::tuple<cute::_64, cute::_128, cute::_32>, DispatchPolicy=KernelCooperative, ActiveFusion=cutlass::fmha::collective::CausalFusion, KernelOptions=<>]" at line 960 of /home/yanwa/workspace/cutlass/examples/120_hopper_fmha_sm120/88_hopper_fmha.cu
            instantiation of "void run_fwd_32(Fusion, const Options &, const cutlass::KernelHardwareInfo &) [with Fusion=cutlass::fmha::collective::CausalFusion]" at line 1176 of /home/yanwa/workspace/cutlass/examples/120_hopper_fmha_sm120/88_hopper_fmha.cu

/home/yanwa/workspace/cutlass/examples/120_hopper_fmha_sm120/device/../kernel/fmha_kernel_tma_warpspecialized.hpp(80): error: class "cutlass::fmha::collective::FmhaMainloopTma<cutlass::float_e2m1_t, float, float, cute::tuple<cute::_64, cute::_128, cute::_32>, cute::tuple<int, cute::_1, cute::tuple<int32_t, int32_t>>, cute::tuple<int, cute::_1, cute::tuple<int32_t, int32_t>>, cute::tuple<cute::_1, int, cute::tuple<int32_t, int32_t>>, cutlass::fmha::collective::CausalFusion>" has no member "kIsPersistent"
    using TensorStorage = std::conditional_t<CollectiveMainloop::kIsPersistent, TensorStorageStruct, TensorStorageUnion>;
                                                                 ^
          detected during:
            instantiation of class "cutlass::fmha::kernel::FmhaKernelTmaWarpSpecialized<CollectiveMainloop, CollectiveEpilogue, TileScheduler, Options...> [with CollectiveMainloop=cutlass::fmha::collective::FmhaMainloopTma<cutlass::float_e2m1_t, float, float, cute::tuple<cute::_64, cute::_128, cute::_32>, cute::tuple<int, cute::_1, cute::tuple<int32_t, int32_t>>, cute::tuple<int, cute::_1, cute::tuple<int32_t, int32_t>>, cute::tuple<cute::_1, int, cute::tuple<int32_t, int32_t>>, cutlass::fmha::collective::CausalFusion>, CollectiveEpilogue=cutlass::fmha::collective::FmhaFwdEpilogue<cutlass::float_e2m1_t, float, cute::tuple<cute::_64, cute::_32, cute::_128>>, TileScheduler=cutlass::fmha::kernel::IndividualTileScheduler, Options=<>]" at line 64 of /home/yanwa/workspace/cutlass/examples/120_hopper_fmha_sm120/device/../device/device_universal.hpp
            instantiation of class "cutlass::device::Universal<Kernel_> [with Kernel_=cutlass::fmha::kernel::FmhaKernelTmaWarpSpecialized<cutlass::fmha::collective::FmhaMainloopTma<cutlass::float_e2m1_t, float, float, cute::tuple<cute::_64, cute::_128, cute::_32>, cute::tuple<int, cute::_1, cute::tuple<int32_t, int32_t>>, cute::tuple<int, cute::_1, cute::tuple<int32_t, int32_t>>, cute::tuple<cute::_1, int, cute::tuple<int32_t, int32_t>>, cutlass::fmha::collective::CausalFusion>, cutlass::fmha::collective::FmhaFwdEpilogue<cutlass::float_e2m1_t, float, cute::tuple<cute::_64, cute::_32, cute::_128>>, cutlass::fmha::kernel::IndividualTileScheduler>]" at line 392 of /home/yanwa/workspace/cutlass/examples/120_hopper_fmha_sm120/88_hopper_fmha.cu
            instantiation of "void FwdRunner<TileShape, DispatchPolicy, ActiveFusion, KernelOptions...>::initialize(const FwdRunner<TileShape, DispatchPolicy, ActiveFusion, KernelOptions...>::ProblemShapeType &) [with TileShape=cute::tuple<cute::_64, cute::_128, cute::_32>, DispatchPolicy=KernelCooperative, ActiveFusion=cutlass::fmha::collective::CausalFusion, KernelOptions=<>]" at line 414 of /home/yanwa/workspace/cutlass/examples/120_hopper_fmha_sm120/88_hopper_fmha.cu
            instantiation of "ExampleResult FwdRunner<TileShape, DispatchPolicy, ActiveFusion, KernelOptions...>::run(const Options &, const cutlass::KernelHardwareInfo &) [with TileShape=cute::tuple<cute::_64, cute::_128, cute::_32>, DispatchPolicy=KernelCooperative, ActiveFusion=cutlass::fmha::collective::CausalFusion, KernelOptions=<>]" at line 960 of /home/yanwa/workspace/cutlass/examples/120_hopper_fmha_sm120/88_hopper_fmha.cu
            instantiation of "void run_fwd_32(Fusion, const Options &, const cutlass::KernelHardwareInfo &) [with Fusion=cutlass::fmha::collective::CausalFusion]" at line 1176 of /home/yanwa/workspace/cutlass/examples/120_hopper_fmha_sm120/88_hopper_fmha.cu

/home/yanwa/workspace/cutlass/examples/120_hopper_fmha_sm120/88_hopper_fmha.cu(392): error: name followed by "::" must be a class or namespace name
      using Sm1xxBlkScaledConfig = typename Operation::GemmKernel::CollectiveMainloop::Sm1xxBlkScaledConfig;
                                                       ^
          detected during:
            instantiation of "void FwdRunner<TileShape, DispatchPolicy, ActiveFusion, KernelOptions...>::initialize(const FwdRunner<TileShape, DispatchPolicy, ActiveFusion, KernelOptions...>::ProblemShapeType &) [with TileShape=cute::tuple<cute::_64, cute::_128, cute::_32>, DispatchPolicy=KernelCooperative, ActiveFusion=cutlass::fmha::collective::CausalFusion, KernelOptions=<>]" at line 414
            instantiation of "ExampleResult FwdRunner<TileShape, DispatchPolicy, ActiveFusion, KernelOptions...>::run(const Options &, const cutlass::KernelHardwareInfo &) [with TileShape=cute::tuple<cute::_64, cute::_128, cute::_32>, DispatchPolicy=KernelCooperative, ActiveFusion=cutlass::fmha::collective::CausalFusion, KernelOptions=<>]" at line 960
            instantiation of "void run_fwd_32(Fusion, const Options &, const cutlass::KernelHardwareInfo &) [with Fusion=cutlass::fmha::collective::CausalFusion]" at line 1176

/home/yanwa/workspace/cutlass/examples/120_hopper_fmha_sm120/88_hopper_fmha.cu(393): error: name followed by "::" must be a class or namespace name
      auto layout_SFQ = Sm1xxBlkScaledConfig::tile_atom_to_shape_SFA(cute::make_shape(Q, K, D, 1));
                        ^
          detected during:
            instantiation of "void FwdRunner<TileShape, DispatchPolicy, ActiveFusion, KernelOptions...>::initialize(const FwdRunner<TileShape, DispatchPolicy, ActiveFusion, KernelOptions...>::ProblemShapeType &) [with TileShape=cute::tuple<cute::_64, cute::_128, cute::_32>, DispatchPolicy=KernelCooperative, ActiveFusion=cutlass::fmha::collective::CausalFusion, KernelOptions=<>]" at line 414
            instantiation of "ExampleResult FwdRunner<TileShape, DispatchPolicy, ActiveFusion, KernelOptions...>::run(const Options &, const cutlass::KernelHardwareInfo &) [with TileShape=cute::tuple<cute::_64, cute::_128, cute::_32>, DispatchPolicy=KernelCooperative, ActiveFusion=cutlass::fmha::collective::CausalFusion, KernelOptions=<>]" at line 960
            instantiation of "void run_fwd_32(Fusion, const Options &, const cutlass::KernelHardwareInfo &) [with Fusion=cutlass::fmha::collective::CausalFusion]" at line 1176

/home/yanwa/workspace/cutlass/examples/120_hopper_fmha_sm120/88_hopper_fmha.cu(394): error: name followed by "::" must be a class or namespace name
      auto layout_SFK = Sm1xxBlkScaledConfig::tile_atom_to_shape_SFB(cute::make_shape(Q, K, D, 1));
                        ^
          detected during:
            instantiation of "void FwdRunner<TileShape, DispatchPolicy, ActiveFusion, KernelOptions...>::initialize(const FwdRunner<TileShape, DispatchPolicy, ActiveFusion, KernelOptions...>::ProblemShapeType &) [with TileShape=cute::tuple<cute::_64, cute::_128, cute::_32>, DispatchPolicy=KernelCooperative, ActiveFusion=cutlass::fmha::collective::CausalFusion, KernelOptions=<>]" at line 414
            instantiation of "ExampleResult FwdRunner<TileShape, DispatchPolicy, ActiveFusion, KernelOptions...>::run(const Options &, const cutlass::KernelHardwareInfo &) [with TileShape=cute::tuple<cute::_64, cute::_128, cute::_32>, DispatchPolicy=KernelCooperative, ActiveFusion=cutlass::fmha::collective::CausalFusion, KernelOptions=<>]" at line 960
            instantiation of "void run_fwd_32(Fusion, const Options &, const cutlass::KernelHardwareInfo &) [with Fusion=cutlass::fmha::collective::CausalFusion]" at line 1176

/home/yanwa/workspace/cutlass/examples/120_hopper_fmha_sm120/88_hopper_fmha.cu(395): error: name followed by "::" must be a class or namespace name
      auto layout_SFV = Sm1xxBlkScaledConfig::tile_atom_to_shape_SFB(cute::make_shape(Q, K, D, 1));
                        ^
          detected during:
            instantiation of "void FwdRunner<TileShape, DispatchPolicy, ActiveFusion, KernelOptions...>::initialize(const FwdRunner<TileShape, DispatchPolicy, ActiveFusion, KernelOptions...>::ProblemShapeType &) [with TileShape=cute::tuple<cute::_64, cute::_128, cute::_32>, DispatchPolicy=KernelCooperative, ActiveFusion=cutlass::fmha::collective::CausalFusion, KernelOptions=<>]" at line 414
            instantiation of "ExampleResult FwdRunner<TileShape, DispatchPolicy, ActiveFusion, KernelOptions...>::run(const Options &, const cutlass::KernelHardwareInfo &) [with TileShape=cute::tuple<cute::_64, cute::_128, cute::_32>, DispatchPolicy=KernelCooperative, ActiveFusion=cutlass::fmha::collective::CausalFusion, KernelOptions=<>]" at line 960
            instantiation of "void run_fwd_32(Fusion, const Options &, const cutlass::KernelHardwareInfo &) [with Fusion=cutlass::fmha::collective::CausalFusion]" at line 1176

/home/yanwa/workspace/cutlass/examples/120_hopper_fmha_sm120/88_hopper_fmha.cu(421): error: a value of type "cutlass::nv_float4_t<cutlass::float_e2m1_t>::ScaleFactorType *" (aka "cutlass::float_ue4m3_t *") cannot be used to initialize an entity of type "float"
          block_SFQ.get(), stride_Q,
          ^
          detected during:
            instantiation of "ExampleResult FwdRunner<TileShape, DispatchPolicy, ActiveFusion, KernelOptions...>::run(const Options &, const cutlass::KernelHardwareInfo &) [with TileShape=cute::tuple<cute::_64, cute::_128, cute::_32>, DispatchPolicy=KernelCooperative, ActiveFusion=cutlass::fmha::collective::CausalFusion, KernelOptions=<>]" at line 960
            instantiation of "void run_fwd_32(Fusion, const Options &, const cutlass::KernelHardwareInfo &) [with Fusion=cutlass::fmha::collective::CausalFusion]" at line 1176

/home/yanwa/workspace/cutlass/examples/120_hopper_fmha_sm120/88_hopper_fmha.cu(421): error: no suitable conversion function from "FwdRunner<cute::Shape<cute::_64, cute::_128, cute::_32>, KernelCooperative, cutlass::fmha::collective::CausalFusion>::StrideQ" (aka "cute::tuple<int, cute::C<1>, cute::tuple<signed int, signed int>>") to "float" exists
          block_SFQ.get(), stride_Q,
                           ^
          detected during:
            instantiation of "ExampleResult FwdRunner<TileShape, DispatchPolicy, ActiveFusion, KernelOptions...>::run(const Options &, const cutlass::KernelHardwareInfo &) [with TileShape=cute::tuple<cute::_64, cute::_128, cute::_32>, DispatchPolicy=KernelCooperative, ActiveFusion=cutlass::fmha::collective::CausalFusion, KernelOptions=<>]" at line 960
            instantiation of "void run_fwd_32(Fusion, const Options &, const cutlass::KernelHardwareInfo &) [with Fusion=cutlass::fmha::collective::CausalFusion]" at line 1176

/home/yanwa/workspace/cutlass/examples/120_hopper_fmha_sm120/88_hopper_fmha.cu(422): error: a value of type "cutlass::nv_float4_t<cutlass::float_e2m1_t>::ScaleFactorType *" (aka "cutlass::float_ue4m3_t *") cannot be used to initialize an entity of type "float"
          block_SFK.get(), stride_K,
          ^
          detected during:
            instantiation of "ExampleResult FwdRunner<TileShape, DispatchPolicy, ActiveFusion, KernelOptions...>::run(const Options &, const cutlass::KernelHardwareInfo &) [with TileShape=cute::tuple<cute::_64, cute::_128, cute::_32>, DispatchPolicy=KernelCooperative, ActiveFusion=cutlass::fmha::collective::CausalFusion, KernelOptions=<>]" at line 960
            instantiation of "void run_fwd_32(Fusion, const Options &, const cutlass::KernelHardwareInfo &) [with Fusion=cutlass::fmha::collective::CausalFusion]" at line 1176

/home/yanwa/workspace/cutlass/examples/120_hopper_fmha_sm120/88_hopper_fmha.cu(422): error: too many initializer values
          block_SFK.get(), stride_K,
                           ^
          detected during:
            instantiation of "ExampleResult FwdRunner<TileShape, DispatchPolicy, ActiveFusion, KernelOptions...>::run(const Options &, const cutlass::KernelHardwareInfo &) [with TileShape=cute::tuple<cute::_64, cute::_128, cute::_32>, DispatchPolicy=KernelCooperative, ActiveFusion=cutlass::fmha::collective::CausalFusion, KernelOptions=<>]" at line 960
            instantiation of "void run_fwd_32(Fusion, const Options &, const cutlass::KernelHardwareInfo &) [with Fusion=cutlass::fmha::collective::CausalFusion]" at line 1176

/home/yanwa/workspace/cutlass/examples/120_hopper_fmha_sm120/device/../kernel/fmha_kernel_tma_warpspecialized.hpp(201): error: class "cutlass::fmha::collective::FmhaMainloopTma<cutlass::float_e2m1_t, float, float, cute::tuple<cute::_64, cute::_128, cute::_32>, cute::tuple<int, cute::_1, cute::tuple<int32_t, int32_t>>, cute::tuple<int, cute::_1, cute::tuple<int32_t, int32_t>>, cute::tuple<cute::_1, int, cute::tuple<int32_t, int32_t>>, cutlass::fmha::collective::CausalFusion>" has no member "kOuterLoadBytes"
      pipeline_params_outer.transaction_bytes = CollectiveMainloop::kOuterLoadBytes;
                                                                    ^
          detected during:
            instantiation of "void cutlass::fmha::kernel::FmhaKernelTmaWarpSpecialized<CollectiveMainloop, CollectiveEpilogue, TileScheduler, Options...>::operator()(const cutlass::fmha::kernel::FmhaKernelTmaWarpSpecialized<CollectiveMainloop, CollectiveEpilogue, TileScheduler, Options...>::Params &, char *) [with CollectiveMainloop=cutlass::fmha::collective::FmhaMainloopTma<cutlass::float_e2m1_t, float, float, cute::tuple<cute::_64, cute::_128, cute::_32>, cute::tuple<int, cute::_1, cute::tuple<int32_t, int32_t>>, cute::tuple<int, cute::_1, cute::tuple<int32_t, int32_t>>, cute::tuple<cute::_1, int, cute::tuple<int32_t, int32_t>>, cutlass::fmha::collective::CausalFusion>, CollectiveEpilogue=cutlass::fmha::collective::FmhaFwdEpilogue<cutlass::float_e2m1_t, float, cute::tuple<cute::_64, cute::_32, cute::_128>>, TileScheduler=cutlass::fmha::kernel::IndividualTileScheduler, Options=<>]" at line 123 of /home/yanwa/workspace/cutlass/include/cutlass/device_kernel.h
            instantiation of "void cutlass::device_kernel<Operator>(Operator::Params) [with Operator=cutlass::fmha::kernel::FmhaKernelTmaWarpSpecialized<cutlass::fmha::collective::FmhaMainloopTma<cutlass::float_e2m1_t, float, float, cute::tuple<cute::_64, cute::_128, cute::_32>, cute::tuple<int, cute::_1, cute::tuple<int32_t, int32_t>>, cute::tuple<int, cute::_1, cute::tuple<int32_t, int32_t>>, cute::tuple<cute::_1, int, cute::tuple<int32_t, int32_t>>, cutlass::fmha::collective::CausalFusion>, cutlass::fmha::collective::FmhaFwdEpilogue<cutlass::float_e2m1_t, float, cute::tuple<cute::_64, cute::_32, cute::_128>>, cutlass::fmha::kernel::IndividualTileScheduler>]" at line 177 of /home/yanwa/workspace/cutlass/examples/120_hopper_fmha_sm120/device/../device/device_universal.hpp
            instantiation of "cutlass::Status cutlass::device::Universal<Kernel_>::initialize(const cutlass::device::Universal<Kernel_>::Arguments &, void *, cudaStream_t) [with Kernel_=cutlass::fmha::kernel::FmhaKernelTmaWarpSpecialized<cutlass::fmha::collective::FmhaMainloopTma<cutlass::float_e2m1_t, float, float, cute::tuple<cute::_64, cute::_128, cute::_32>, cute::tuple<int, cute::_1, cute::tuple<int32_t, int32_t>>, cute::tuple<int, cute::_1, cute::tuple<int32_t, int32_t>>, cute::tuple<cute::_1, int, cute::tuple<int32_t, int32_t>>, cutlass::fmha::collective::CausalFusion>, cutlass::fmha::collective::FmhaFwdEpilogue<cutlass::float_e2m1_t, float, cute::tuple<cute::_64, cute::_32, cute::_128>>, cutlass::fmha::kernel::IndividualTileScheduler>]" at line 445 of /home/yanwa/workspace/cutlass/examples/120_hopper_fmha_sm120/88_hopper_fmha.cu
            instantiation of "ExampleResult FwdRunner<TileShape, DispatchPolicy, ActiveFusion, KernelOptions...>::run(const Options &, const cutlass::KernelHardwareInfo &) [with TileShape=cute::tuple<cute::_64, cute::_128, cute::_32>, DispatchPolicy=KernelCooperative, ActiveFusion=cutlass::fmha::collective::CausalFusion, KernelOptions=<>]" at line 960 of /home/yanwa/workspace/cutlass/examples/120_hopper_fmha_sm120/88_hopper_fmha.cu
            instantiation of "void run_fwd_32(Fusion, const Options &, const cutlass::KernelHardwareInfo &) [with Fusion=cutlass::fmha::collective::CausalFusion]" at line 1176 of /home/yanwa/workspace/cutlass/examples/120_hopper_fmha_sm120/88_hopper_fmha.cu

/home/yanwa/workspace/cutlass/examples/120_hopper_fmha_sm120/device/../kernel/fmha_kernel_tma_warpspecialized.hpp(206): error: class "cutlass::fmha::collective::FmhaMainloopTma<cutlass::float_e2m1_t, float, float, cute::tuple<cute::_64, cute::_128, cute::_32>, cute::tuple<int, cute::_1, cute::tuple<int32_t, int32_t>>, cute::tuple<int, cute::_1, cute::tuple<int32_t, int32_t>>, cute::tuple<cute::_1, int, cute::tuple<int32_t, int32_t>>, cutlass::fmha::collective::CausalFusion>" has no member "kInnerLoadBytes"
      pipeline_params_inner.transaction_bytes = CollectiveMainloop::kInnerLoadBytes;
                                                                    ^
          detected during:
            instantiation of "void cutlass::fmha::kernel::FmhaKernelTmaWarpSpecialized<CollectiveMainloop, CollectiveEpilogue, TileScheduler, Options...>::operator()(const cutlass::fmha::kernel::FmhaKernelTmaWarpSpecialized<CollectiveMainloop, CollectiveEpilogue, TileScheduler, Options...>::Params &, char *) [with CollectiveMainloop=cutlass::fmha::collective::FmhaMainloopTma<cutlass::float_e2m1_t, float, float, cute::tuple<cute::_64, cute::_128, cute::_32>, cute::tuple<int, cute::_1, cute::tuple<int32_t, int32_t>>, cute::tuple<int, cute::_1, cute::tuple<int32_t, int32_t>>, cute::tuple<cute::_1, int, cute::tuple<int32_t, int32_t>>, cutlass::fmha::collective::CausalFusion>, CollectiveEpilogue=cutlass::fmha::collective::FmhaFwdEpilogue<cutlass::float_e2m1_t, float, cute::tuple<cute::_64, cute::_32, cute::_128>>, TileScheduler=cutlass::fmha::kernel::IndividualTileScheduler, Options=<>]" at line 123 of /home/yanwa/workspace/cutlass/include/cutlass/device_kernel.h
            instantiation of "void cutlass::device_kernel<Operator>(Operator::Params) [with Operator=cutlass::fmha::kernel::FmhaKernelTmaWarpSpecialized<cutlass::fmha::collective::FmhaMainloopTma<cutlass::float_e2m1_t, float, float, cute::tuple<cute::_64, cute::_128, cute::_32>, cute::tuple<int, cute::_1, cute::tuple<int32_t, int32_t>>, cute::tuple<int, cute::_1, cute::tuple<int32_t, int32_t>>, cute::tuple<cute::_1, int, cute::tuple<int32_t, int32_t>>, cutlass::fmha::collective::CausalFusion>, cutlass::fmha::collective::FmhaFwdEpilogue<cutlass::float_e2m1_t, float, cute::tuple<cute::_64, cute::_32, cute::_128>>, cutlass::fmha::kernel::IndividualTileScheduler>]" at line 177 of /home/yanwa/workspace/cutlass/examples/120_hopper_fmha_sm120/device/../device/device_universal.hpp
            instantiation of "cutlass::Status cutlass::device::Universal<Kernel_>::initialize(const cutlass::device::Universal<Kernel_>::Arguments &, void *, cudaStream_t) [with Kernel_=cutlass::fmha::kernel::FmhaKernelTmaWarpSpecialized<cutlass::fmha::collective::FmhaMainloopTma<cutlass::float_e2m1_t, float, float, cute::tuple<cute::_64, cute::_128, cute::_32>, cute::tuple<int, cute::_1, cute::tuple<int32_t, int32_t>>, cute::tuple<int, cute::_1, cute::tuple<int32_t, int32_t>>, cute::tuple<cute::_1, int, cute::tuple<int32_t, int32_t>>, cutlass::fmha::collective::CausalFusion>, cutlass::fmha::collective::FmhaFwdEpilogue<cutlass::float_e2m1_t, float, cute::tuple<cute::_64, cute::_32, cute::_128>>, cutlass::fmha::kernel::IndividualTileScheduler>]" at line 445 of /home/yanwa/workspace/cutlass/examples/120_hopper_fmha_sm120/88_hopper_fmha.cu
            instantiation of "ExampleResult FwdRunner<TileShape, DispatchPolicy, ActiveFusion, KernelOptions...>::run(const Options &, const cutlass::KernelHardwareInfo &) [with TileShape=cute::tuple<cute::_64, cute::_128, cute::_32>, DispatchPolicy=KernelCooperative, ActiveFusion=cutlass::fmha::collective::CausalFusion, KernelOptions=<>]" at line 960 of /home/yanwa/workspace/cutlass/examples/120_hopper_fmha_sm120/88_hopper_fmha.cu
            instantiation of "void run_fwd_32(Fusion, const Options &, const cutlass::KernelHardwareInfo &) [with Fusion=cutlass::fmha::collective::CausalFusion]" at line 1176 of /home/yanwa/workspace/cutlass/examples/120_hopper_fmha_sm120/88_hopper_fmha.cu

/home/yanwa/workspace/cutlass/include/cutlass/pipeline/sm90_pipeline.hpp(1309): error: no instance of overloaded function "cutlass::arch::detail::initialize_barrier_array_aligned" matches the argument list
            argument types are: (cutlass::arch::ClusterBarrier *, int)
        cutlass::arch::detail::initialize_barrier_array_aligned<decltype(barrier_ptr_), Stages>(
        ^
/home/yanwa/workspace/cutlass/include/cutlass/arch/barrier.h(121): note #3323-D: substituting explicit template arguments "<cutlass::arch::ClusterBarrier *, <expression>>" for function template "cutlass::arch::detail::initialize_barrier_array_aligned<T,Stages>(uint64_t *, int)" failed
  void initialize_barrier_array_aligned(uint64_t *ptr, int arv_cnt) {
       ^
/home/yanwa/workspace/cutlass/include/cutlass/arch/barrier.h(110): note #3323-D: substituting explicit template arguments "<cutlass::arch::ClusterBarrier *, <expression>>" for function template "cutlass::arch::detail::initialize_barrier_array_aligned<T,Stages>(T, int)" failed
  void initialize_barrier_array_aligned(T ptr, int arv_cnt) {
       ^
          detected during:
            instantiation of "cutlass::OrderedSequenceBarrier<SequenceDepth_, SequenceLength_>::OrderedSequenceBarrier(cutlass::OrderedSequenceBarrier<SequenceDepth_, SequenceLength_>::SharedStorage &, const cutlass::OrderedSequenceBarrier<SequenceDepth_, SequenceLength_>::Params &) [with SequenceDepth_=2, SequenceLength_=<error-constant>]" at line 260 of /home/yanwa/workspace/cutlass/examples/120_hopper_fmha_sm120/device/../kernel/fmha_kernel_tma_warpspecialized.hpp
            instantiation of "void cutlass::fmha::kernel::FmhaKernelTmaWarpSpecialized<CollectiveMainloop, CollectiveEpilogue, TileScheduler, Options...>::operator()(const cutlass::fmha::kernel::FmhaKernelTmaWarpSpecialized<CollectiveMainloop, CollectiveEpilogue, TileScheduler, Options...>::Params &, char *) [with CollectiveMainloop=cutlass::fmha::collective::FmhaMainloopTma<cutlass::float_e2m1_t, float, float, cute::tuple<cute::_64, cute::_128, cute::_32>, cute::tuple<int, cute::_1, cute::tuple<int32_t, int32_t>>, cute::tuple<int, cute::_1, cute::tuple<int32_t, int32_t>>, cute::tuple<cute::_1, int, cute::tuple<int32_t, int32_t>>, cutlass::fmha::collective::CausalFusion>, CollectiveEpilogue=cutlass::fmha::collective::FmhaFwdEpilogue<cutlass::float_e2m1_t, float, cute::tuple<cute::_64, cute::_32, cute::_128>>, TileScheduler=cutlass::fmha::kernel::IndividualTileScheduler, Options=<>]" at line 123 of /home/yanwa/workspace/cutlass/include/cutlass/device_kernel.h
            instantiation of "void cutlass::device_kernel<Operator>(Operator::Params) [with Operator=cutlass::fmha::kernel::FmhaKernelTmaWarpSpecialized<cutlass::fmha::collective::FmhaMainloopTma<cutlass::float_e2m1_t, float, float, cute::tuple<cute::_64, cute::_128, cute::_32>, cute::tuple<int, cute::_1, cute::tuple<int32_t, int32_t>>, cute::tuple<int, cute::_1, cute::tuple<int32_t, int32_t>>, cute::tuple<cute::_1, int, cute::tuple<int32_t, int32_t>>, cutlass::fmha::collective::CausalFusion>, cutlass::fmha::collective::FmhaFwdEpilogue<cutlass::float_e2m1_t, float, cute::tuple<cute::_64, cute::_32, cute::_128>>, cutlass::fmha::kernel::IndividualTileScheduler>]" at line 177 of /home/yanwa/workspace/cutlass/examples/120_hopper_fmha_sm120/device/../device/device_universal.hpp
            instantiation of "cutlass::Status cutlass::device::Universal<Kernel_>::initialize(const cutlass::device::Universal<Kernel_>::Arguments &, void *, cudaStream_t) [with Kernel_=cutlass::fmha::kernel::FmhaKernelTmaWarpSpecialized<cutlass::fmha::collective::FmhaMainloopTma<cutlass::float_e2m1_t, float, float, cute::tuple<cute::_64, cute::_128, cute::_32>, cute::tuple<int, cute::_1, cute::tuple<int32_t, int32_t>>, cute::tuple<int, cute::_1, cute::tuple<int32_t, int32_t>>, cute::tuple<cute::_1, int, cute::tuple<int32_t, int32_t>>, cutlass::fmha::collective::CausalFusion>, cutlass::fmha::collective::FmhaFwdEpilogue<cutlass::float_e2m1_t, float, cute::tuple<cute::_64, cute::_32, cute::_128>>, cutlass::fmha::kernel::IndividualTileScheduler>]" at line 445 of /home/yanwa/workspace/cutlass/examples/120_hopper_fmha_sm120/88_hopper_fmha.cu
            instantiation of "ExampleResult FwdRunner<TileShape, DispatchPolicy, ActiveFusion, KernelOptions...>::run(const Options &, const cutlass::KernelHardwareInfo &) [with TileShape=cute::tuple<cute::_64, cute::_128, cute::_32>, DispatchPolicy=KernelCooperative, ActiveFusion=cutlass::fmha::collective::CausalFusion, KernelOptions=<>]" at line 960 of /home/yanwa/workspace/cutlass/examples/120_hopper_fmha_sm120/88_hopper_fmha.cu
            instantiation of "void run_fwd_32(Fusion, const Options &, const cutlass::KernelHardwareInfo &) [with Fusion=cutlass::fmha::collective::CausalFusion]" at line 1176 of /home/yanwa/workspace/cutlass/examples/120_hopper_fmha_sm120/88_hopper_fmha.cu

/home/yanwa/workspace/cutlass/examples/120_hopper_fmha_sm120/device/../kernel/fmha_kernel_tma_warpspecialized.hpp(297): error: class "cutlass::fmha::collective::FmhaMainloopTma<cutlass::float_e2m1_t, float, float, cute::tuple<cute::_64, cute::_128, cute::_32>, cute::tuple<int, cute::_1, cute::tuple<int32_t, int32_t>>, cute::tuple<int, cute::_1, cute::tuple<int32_t, int32_t>>, cute::tuple<cute::_1, int, cute::tuple<int32_t, int32_t>>, cutlass::fmha::collective::CausalFusion>" has no member "load_kv_maybe_q"
            collective_mainloop.template load_kv_maybe_q<!kLoadsQSeparately>(
                                         ^
          detected during:
            instantiation of "void cutlass::fmha::kernel::FmhaKernelTmaWarpSpecialized<CollectiveMainloop, CollectiveEpilogue, TileScheduler, Options...>::operator()(const cutlass::fmha::kernel::FmhaKernelTmaWarpSpecialized<CollectiveMainloop, CollectiveEpilogue, TileScheduler, Options...>::Params &, char *) [with CollectiveMainloop=cutlass::fmha::collective::FmhaMainloopTma<cutlass::float_e2m1_t, float, float, cute::tuple<cute::_64, cute::_128, cute::_32>, cute::tuple<int, cute::_1, cute::tuple<int32_t, int32_t>>, cute::tuple<int, cute::_1, cute::tuple<int32_t, int32_t>>, cute::tuple<cute::_1, int, cute::tuple<int32_t, int32_t>>, cutlass::fmha::collective::CausalFusion>, CollectiveEpilogue=cutlass::fmha::collective::FmhaFwdEpilogue<cutlass::float_e2m1_t, float, cute::tuple<cute::_64, cute::_32, cute::_128>>, TileScheduler=cutlass::fmha::kernel::IndividualTileScheduler, Options=<>]" at line 123 of /home/yanwa/workspace/cutlass/include/cutlass/device_kernel.h
            instantiation of "void cutlass::device_kernel<Operator>(Operator::Params) [with Operator=cutlass::fmha::kernel::FmhaKernelTmaWarpSpecialized<cutlass::fmha::collective::FmhaMainloopTma<cutlass::float_e2m1_t, float, float, cute::tuple<cute::_64, cute::_128, cute::_32>, cute::tuple<int, cute::_1, cute::tuple<int32_t, int32_t>>, cute::tuple<int, cute::_1, cute::tuple<int32_t, int32_t>>, cute::tuple<cute::_1, int, cute::tuple<int32_t, int32_t>>, cutlass::fmha::collective::CausalFusion>, cutlass::fmha::collective::FmhaFwdEpilogue<cutlass::float_e2m1_t, float, cute::tuple<cute::_64, cute::_32, cute::_128>>, cutlass::fmha::kernel::IndividualTileScheduler>]" at line 177 of /home/yanwa/workspace/cutlass/examples/120_hopper_fmha_sm120/device/../device/device_universal.hpp
            instantiation of "cutlass::Status cutlass::device::Universal<Kernel_>::initialize(const cutlass::device::Universal<Kernel_>::Arguments &, void *, cudaStream_t) [with Kernel_=cutlass::fmha::kernel::FmhaKernelTmaWarpSpecialized<cutlass::fmha::collective::FmhaMainloopTma<cutlass::float_e2m1_t, float, float, cute::tuple<cute::_64, cute::_128, cute::_32>, cute::tuple<int, cute::_1, cute::tuple<int32_t, int32_t>>, cute::tuple<int, cute::_1, cute::tuple<int32_t, int32_t>>, cute::tuple<cute::_1, int, cute::tuple<int32_t, int32_t>>, cutlass::fmha::collective::CausalFusion>, cutlass::fmha::collective::FmhaFwdEpilogue<cutlass::float_e2m1_t, float, cute::tuple<cute::_64, cute::_32, cute::_128>>, cutlass::fmha::kernel::IndividualTileScheduler>]" at line 445 of /home/yanwa/workspace/cutlass/examples/120_hopper_fmha_sm120/88_hopper_fmha.cu
            instantiation of "ExampleResult FwdRunner<TileShape, DispatchPolicy, ActiveFusion, KernelOptions...>::run(const Options &, const cutlass::KernelHardwareInfo &) [with TileShape=cute::tuple<cute::_64, cute::_128, cute::_32>, DispatchPolicy=KernelCooperative, ActiveFusion=cutlass::fmha::collective::CausalFusion, KernelOptions=<>]" at line 960 of /home/yanwa/workspace/cutlass/examples/120_hopper_fmha_sm120/88_hopper_fmha.cu
            instantiation of "void run_fwd_32(Fusion, const Options &, const cutlass::KernelHardwareInfo &) [with Fusion=cutlass::fmha::collective::CausalFusion]" at line 1176 of /home/yanwa/workspace/cutlass/examples/120_hopper_fmha_sm120/88_hopper_fmha.cu

/home/yanwa/workspace/cutlass/examples/120_hopper_fmha_sm120/device/../kernel/fmha_kernel_tma_warpspecialized.hpp(298): warning #174-D: expression has no effect
              block_rank_in_cluster,
              ^
          detected during:
            instantiation of "void cutlass::fmha::kernel::FmhaKernelTmaWarpSpecialized<CollectiveMainloop, CollectiveEpilogue, TileScheduler, Options...>::operator()(const cutlass::fmha::kernel::FmhaKernelTmaWarpSpecialized<CollectiveMainloop, CollectiveEpilogue, TileScheduler, Options...>::Params &, char *) [with CollectiveMainloop=cutlass::fmha::collective::FmhaMainloopTma<cutlass::float_e2m1_t, float, float, cute::tuple<cute::_64, cute::_128, cute::_32>, cute::tuple<int, cute::_1, cute::tuple<int32_t, int32_t>>, cute::tuple<int, cute::_1, cute::tuple<int32_t, int32_t>>, cute::tuple<cute::_1, int, cute::tuple<int32_t, int32_t>>, cutlass::fmha::collective::CausalFusion>, CollectiveEpilogue=cutlass::fmha::collective::FmhaFwdEpilogue<cutlass::float_e2m1_t, float, cute::tuple<cute::_64, cute::_32, cute::_128>>, TileScheduler=cutlass::fmha::kernel::IndividualTileScheduler, Options=<>]" at line 123 of /home/yanwa/workspace/cutlass/include/cutlass/device_kernel.h
            instantiation of "void cutlass::device_kernel<Operator>(Operator::Params) [with Operator=cutlass::fmha::kernel::FmhaKernelTmaWarpSpecialized<cutlass::fmha::collective::FmhaMainloopTma<cutlass::float_e2m1_t, float, float, cute::tuple<cute::_64, cute::_128, cute::_32>, cute::tuple<int, cute::_1, cute::tuple<int32_t, int32_t>>, cute::tuple<int, cute::_1, cute::tuple<int32_t, int32_t>>, cute::tuple<cute::_1, int, cute::tuple<int32_t, int32_t>>, cutlass::fmha::collective::CausalFusion>, cutlass::fmha::collective::FmhaFwdEpilogue<cutlass::float_e2m1_t, float, cute::tuple<cute::_64, cute::_32, cute::_128>>, cutlass::fmha::kernel::IndividualTileScheduler>]" at line 177 of /home/yanwa/workspace/cutlass/examples/120_hopper_fmha_sm120/device/../device/device_universal.hpp
            instantiation of "cutlass::Status cutlass::device::Universal<Kernel_>::initialize(const cutlass::device::Universal<Kernel_>::Arguments &, void *, cudaStream_t) [with Kernel_=cutlass::fmha::kernel::FmhaKernelTmaWarpSpecialized<cutlass::fmha::collective::FmhaMainloopTma<cutlass::float_e2m1_t, float, float, cute::tuple<cute::_64, cute::_128, cute::_32>, cute::tuple<int, cute::_1, cute::tuple<int32_t, int32_t>>, cute::tuple<int, cute::_1, cute::tuple<int32_t, int32_t>>, cute::tuple<cute::_1, int, cute::tuple<int32_t, int32_t>>, cutlass::fmha::collective::CausalFusion>, cutlass::fmha::collective::FmhaFwdEpilogue<cutlass::float_e2m1_t, float, cute::tuple<cute::_64, cute::_32, cute::_128>>, cutlass::fmha::kernel::IndividualTileScheduler>]" at line 445 of /home/yanwa/workspace/cutlass/examples/120_hopper_fmha_sm120/88_hopper_fmha.cu
            instantiation of "ExampleResult FwdRunner<TileShape, DispatchPolicy, ActiveFusion, KernelOptions...>::run(const Options &, const cutlass::KernelHardwareInfo &) [with TileShape=cute::tuple<cute::_64, cute::_128, cute::_32>, DispatchPolicy=KernelCooperative, ActiveFusion=cutlass::fmha::collective::CausalFusion, KernelOptions=<>]" at line 960 of /home/yanwa/workspace/cutlass/examples/120_hopper_fmha_sm120/88_hopper_fmha.cu
            instantiation of "void run_fwd_32(Fusion, const Options &, const cutlass::KernelHardwareInfo &) [with Fusion=cutlass::fmha::collective::CausalFusion]" at line 1176 of /home/yanwa/workspace/cutlass/examples/120_hopper_fmha_sm120/88_hopper_fmha.cu

Remark: The warnings can be suppressed with "-diag-suppress <warning-number>"

/home/yanwa/workspace/cutlass/examples/120_hopper_fmha_sm120/device/../kernel/fmha_kernel_tma_warpspecialized.hpp(298): warning #174-D: expression has no effect
              block_rank_in_cluster,
              ^
          detected during:
            instantiation of "void cutlass::fmha::kernel::FmhaKernelTmaWarpSpecialized<CollectiveMainloop, CollectiveEpilogue, TileScheduler, Options...>::operator()(const cutlass::fmha::kernel::FmhaKernelTmaWarpSpecialized<CollectiveMainloop, CollectiveEpilogue, TileScheduler, Options...>::Params &, char *) [with CollectiveMainloop=cutlass::fmha::collective::FmhaMainloopTma<cutlass::float_e2m1_t, float, float, cute::tuple<cute::_64, cute::_128, cute::_32>, cute::tuple<int, cute::_1, cute::tuple<int32_t, int32_t>>, cute::tuple<int, cute::_1, cute::tuple<int32_t, int32_t>>, cute::tuple<cute::_1, int, cute::tuple<int32_t, int32_t>>, cutlass::fmha::collective::CausalFusion>, CollectiveEpilogue=cutlass::fmha::collective::FmhaFwdEpilogue<cutlass::float_e2m1_t, float, cute::tuple<cute::_64, cute::_32, cute::_128>>, TileScheduler=cutlass::fmha::kernel::IndividualTileScheduler, Options=<>]" at line 123 of /home/yanwa/workspace/cutlass/include/cutlass/device_kernel.h
            instantiation of "void cutlass::device_kernel<Operator>(Operator::Params) [with Operator=cutlass::fmha::kernel::FmhaKernelTmaWarpSpecialized<cutlass::fmha::collective::FmhaMainloopTma<cutlass::float_e2m1_t, float, float, cute::tuple<cute::_64, cute::_128, cute::_32>, cute::tuple<int, cute::_1, cute::tuple<int32_t, int32_t>>, cute::tuple<int, cute::_1, cute::tuple<int32_t, int32_t>>, cute::tuple<cute::_1, int, cute::tuple<int32_t, int32_t>>, cutlass::fmha::collective::CausalFusion>, cutlass::fmha::collective::FmhaFwdEpilogue<cutlass::float_e2m1_t, float, cute::tuple<cute::_64, cute::_32, cute::_128>>, cutlass::fmha::kernel::IndividualTileScheduler>]" at line 177 of /home/yanwa/workspace/cutlass/examples/120_hopper_fmha_sm120/device/../device/device_universal.hpp
            instantiation of "cutlass::Status cutlass::device::Universal<Kernel_>::initialize(const cutlass::device::Universal<Kernel_>::Arguments &, void *, cudaStream_t) [with Kernel_=cutlass::fmha::kernel::FmhaKernelTmaWarpSpecialized<cutlass::fmha::collective::FmhaMainloopTma<cutlass::float_e2m1_t, float, float, cute::tuple<cute::_64, cute::_128, cute::_32>, cute::tuple<int, cute::_1, cute::tuple<int32_t, int32_t>>, cute::tuple<int, cute::_1, cute::tuple<int32_t, int32_t>>, cute::tuple<cute::_1, int, cute::tuple<int32_t, int32_t>>, cutlass::fmha::collective::CausalFusion>, cutlass::fmha::collective::FmhaFwdEpilogue<cutlass::float_e2m1_t, float, cute::tuple<cute::_64, cute::_32, cute::_128>>, cutlass::fmha::kernel::IndividualTileScheduler>]" at line 445 of /home/yanwa/workspace/cutlass/examples/120_hopper_fmha_sm120/88_hopper_fmha.cu
            instantiation of "ExampleResult FwdRunner<TileShape, DispatchPolicy, ActiveFusion, KernelOptions...>::run(const Options &, const cutlass::KernelHardwareInfo &) [with TileShape=cute::tuple<cute::_64, cute::_128, cute::_32>, DispatchPolicy=KernelCooperative, ActiveFusion=cutlass::fmha::collective::CausalFusion, KernelOptions=<>]" at line 960 of /home/yanwa/workspace/cutlass/examples/120_hopper_fmha_sm120/88_hopper_fmha.cu
            instantiation of "void run_fwd_32(Fusion, const Options &, const cutlass::KernelHardwareInfo &) [with Fusion=cutlass::fmha::collective::CausalFusion]" at line 1176 of /home/yanwa/workspace/cutlass/examples/120_hopper_fmha_sm120/88_hopper_fmha.cu

/home/yanwa/workspace/cutlass/examples/120_hopper_fmha_sm120/device/../kernel/fmha_kernel_tma_warpspecialized.hpp(298): warning #174-D: expression has no effect
              block_rank_in_cluster,
              ^
          detected during:
            instantiation of "void cutlass::fmha::kernel::FmhaKernelTmaWarpSpecialized<CollectiveMainloop, CollectiveEpilogue, TileScheduler, Options...>::operator()(const cutlass::fmha::kernel::FmhaKernelTmaWarpSpecialized<CollectiveMainloop, CollectiveEpilogue, TileScheduler, Options...>::Params &, char *) [with CollectiveMainloop=cutlass::fmha::collective::FmhaMainloopTma<cutlass::float_e2m1_t, float, float, cute::tuple<cute::_64, cute::_128, cute::_32>, cute::tuple<int, cute::_1, cute::tuple<int32_t, int32_t>>, cute::tuple<int, cute::_1, cute::tuple<int32_t, int32_t>>, cute::tuple<cute::_1, int, cute::tuple<int32_t, int32_t>>, cutlass::fmha::collective::CausalFusion>, CollectiveEpilogue=cutlass::fmha::collective::FmhaFwdEpilogue<cutlass::float_e2m1_t, float, cute::tuple<cute::_64, cute::_32, cute::_128>>, TileScheduler=cutlass::fmha::kernel::IndividualTileScheduler, Options=<>]" at line 123 of /home/yanwa/workspace/cutlass/include/cutlass/device_kernel.h
            instantiation of "void cutlass::device_kernel<Operator>(Operator::Params) [with Operator=cutlass::fmha::kernel::FmhaKernelTmaWarpSpecialized<cutlass::fmha::collective::FmhaMainloopTma<cutlass::float_e2m1_t, float, float, cute::tuple<cute::_64, cute::_128, cute::_32>, cute::tuple<int, cute::_1, cute::tuple<int32_t, int32_t>>, cute::tuple<int, cute::_1, cute::tuple<int32_t, int32_t>>, cute::tuple<cute::_1, int, cute::tuple<int32_t, int32_t>>, cutlass::fmha::collective::CausalFusion>, cutlass::fmha::collective::FmhaFwdEpilogue<cutlass::float_e2m1_t, float, cute::tuple<cute::_64, cute::_32, cute::_128>>, cutlass::fmha::kernel::IndividualTileScheduler>]" at line 177 of /home/yanwa/workspace/cutlass/examples/120_hopper_fmha_sm120/device/../device/device_universal.hpp
            instantiation of "cutlass::Status cutlass::device::Universal<Kernel_>::initialize(const cutlass::device::Universal<Kernel_>::Arguments &, void *, cudaStream_t) [with Kernel_=cutlass::fmha::kernel::FmhaKernelTmaWarpSpecialized<cutlass::fmha::collective::FmhaMainloopTma<cutlass::float_e2m1_t, float, float, cute::tuple<cute::_64, cute::_128, cute::_32>, cute::tuple<int, cute::_1, cute::tuple<int32_t, int32_t>>, cute::tuple<int, cute::_1, cute::tuple<int32_t, int32_t>>, cute::tuple<cute::_1, int, cute::tuple<int32_t, int32_t>>, cutlass::fmha::collective::CausalFusion>, cutlass::fmha::collective::FmhaFwdEpilogue<cutlass::float_e2m1_t, float, cute::tuple<cute::_64, cute::_32, cute::_128>>, cutlass::fmha::kernel::IndividualTileScheduler>]" at line 445 of /home/yanwa/workspace/cutlass/examples/120_hopper_fmha_sm120/88_hopper_fmha.cu
            instantiation of "ExampleResult FwdRunner<TileShape, DispatchPolicy, ActiveFusion, KernelOptions...>::run(const Options &, const cutlass::KernelHardwareInfo &) [with TileShape=cute::tuple<cute::_64, cute::_128, cute::_32>, DispatchPolicy=KernelCooperative, ActiveFusion=cutlass::fmha::collective::CausalFusion, KernelOptions=<>]" at line 960 of /home/yanwa/workspace/cutlass/examples/120_hopper_fmha_sm120/88_hopper_fmha.cu
            instantiation of "void run_fwd_32(Fusion, const Options &, const cutlass::KernelHardwareInfo &) [with Fusion=cutlass::fmha::collective::CausalFusion]" at line 1176 of /home/yanwa/workspace/cutlass/examples/120_hopper_fmha_sm120/88_hopper_fmha.cu

/home/yanwa/workspace/cutlass/examples/120_hopper_fmha_sm120/device/../kernel/fmha_kernel_tma_warpspecialized.hpp(298): warning #174-D: expression has no effect
              block_rank_in_cluster,
              ^
          detected during:
            instantiation of "void cutlass::fmha::kernel::FmhaKernelTmaWarpSpecialized<CollectiveMainloop, CollectiveEpilogue, TileScheduler, Options...>::operator()(const cutlass::fmha::kernel::FmhaKernelTmaWarpSpecialized<CollectiveMainloop, CollectiveEpilogue, TileScheduler, Options...>::Params &, char *) [with CollectiveMainloop=cutlass::fmha::collective::FmhaMainloopTma<cutlass::float_e2m1_t, float, float, cute::tuple<cute::_64, cute::_128, cute::_32>, cute::tuple<int, cute::_1, cute::tuple<int32_t, int32_t>>, cute::tuple<int, cute::_1, cute::tuple<int32_t, int32_t>>, cute::tuple<cute::_1, int, cute::tuple<int32_t, int32_t>>, cutlass::fmha::collective::CausalFusion>, CollectiveEpilogue=cutlass::fmha::collective::FmhaFwdEpilogue<cutlass::float_e2m1_t, float, cute::tuple<cute::_64, cute::_32, cute::_128>>, TileScheduler=cutlass::fmha::kernel::IndividualTileScheduler, Options=<>]" at line 123 of /home/yanwa/workspace/cutlass/include/cutlass/device_kernel.h
            instantiation of "void cutlass::device_kernel<Operator>(Operator::Params) [with Operator=cutlass::fmha::kernel::FmhaKernelTmaWarpSpecialized<cutlass::fmha::collective::FmhaMainloopTma<cutlass::float_e2m1_t, float, float, cute::tuple<cute::_64, cute::_128, cute::_32>, cute::tuple<int, cute::_1, cute::tuple<int32_t, int32_t>>, cute::tuple<int, cute::_1, cute::tuple<int32_t, int32_t>>, cute::tuple<cute::_1, int, cute::tuple<int32_t, int32_t>>, cutlass::fmha::collective::CausalFusion>, cutlass::fmha::collective::FmhaFwdEpilogue<cutlass::float_e2m1_t, float, cute::tuple<cute::_64, cute::_32, cute::_128>>, cutlass::fmha::kernel::IndividualTileScheduler>]" at line 177 of /home/yanwa/workspace/cutlass/examples/120_hopper_fmha_sm120/device/../device/device_universal.hpp
            instantiation of "cutlass::Status cutlass::device::Universal<Kernel_>::initialize(const cutlass::device::Universal<Kernel_>::Arguments &, void *, cudaStream_t) [with Kernel_=cutlass::fmha::kernel::FmhaKernelTmaWarpSpecialized<cutlass::fmha::collective::FmhaMainloopTma<cutlass::float_e2m1_t, float, float, cute::tuple<cute::_64, cute::_128, cute::_32>, cute::tuple<int, cute::_1, cute::tuple<int32_t, int32_t>>, cute::tuple<int, cute::_1, cute::tuple<int32_t, int32_t>>, cute::tuple<cute::_1, int, cute::tuple<int32_t, int32_t>>, cutlass::fmha::collective::CausalFusion>, cutlass::fmha::collective::FmhaFwdEpilogue<cutlass::float_e2m1_t, float, cute::tuple<cute::_64, cute::_32, cute::_128>>, cutlass::fmha::kernel::IndividualTileScheduler>]" at line 445 of /home/yanwa/workspace/cutlass/examples/120_hopper_fmha_sm120/88_hopper_fmha.cu
            instantiation of "ExampleResult FwdRunner<TileShape, DispatchPolicy, ActiveFusion, KernelOptions...>::run(const Options &, const cutlass::KernelHardwareInfo &) [with TileShape=cute::tuple<cute::_64, cute::_128, cute::_32>, DispatchPolicy=KernelCooperative, ActiveFusion=cutlass::fmha::collective::CausalFusion, KernelOptions=<>]" at line 960 of /home/yanwa/workspace/cutlass/examples/120_hopper_fmha_sm120/88_hopper_fmha.cu
            instantiation of "void run_fwd_32(Fusion, const Options &, const cutlass::KernelHardwareInfo &) [with Fusion=cutlass::fmha::collective::CausalFusion]" at line 1176 of /home/yanwa/workspace/cutlass/examples/120_hopper_fmha_sm120/88_hopper_fmha.cu

/home/yanwa/workspace/cutlass/examples/120_hopper_fmha_sm120/device/../kernel/fmha_kernel_tma_warpspecialized.hpp(298): warning #174-D: expression has no effect
              block_rank_in_cluster,
              ^
          detected during:
            instantiation of "void cutlass::fmha::kernel::FmhaKernelTmaWarpSpecialized<CollectiveMainloop, CollectiveEpilogue, TileScheduler, Options...>::operator()(const cutlass::fmha::kernel::FmhaKernelTmaWarpSpecialized<CollectiveMainloop, CollectiveEpilogue, TileScheduler, Options...>::Params &, char *) [with CollectiveMainloop=cutlass::fmha::collective::FmhaMainloopTma<cutlass::float_e2m1_t, float, float, cute::tuple<cute::_64, cute::_128, cute::_32>, cute::tuple<int, cute::_1, cute::tuple<int32_t, int32_t>>, cute::tuple<int, cute::_1, cute::tuple<int32_t, int32_t>>, cute::tuple<cute::_1, int, cute::tuple<int32_t, int32_t>>, cutlass::fmha::collective::CausalFusion>, CollectiveEpilogue=cutlass::fmha::collective::FmhaFwdEpilogue<cutlass::float_e2m1_t, float, cute::tuple<cute::_64, cute::_32, cute::_128>>, TileScheduler=cutlass::fmha::kernel::IndividualTileScheduler, Options=<>]" at line 123 of /home/yanwa/workspace/cutlass/include/cutlass/device_kernel.h
            instantiation of "void cutlass::device_kernel<Operator>(Operator::Params) [with Operator=cutlass::fmha::kernel::FmhaKernelTmaWarpSpecialized<cutlass::fmha::collective::FmhaMainloopTma<cutlass::float_e2m1_t, float, float, cute::tuple<cute::_64, cute::_128, cute::_32>, cute::tuple<int, cute::_1, cute::tuple<int32_t, int32_t>>, cute::tuple<int, cute::_1, cute::tuple<int32_t, int32_t>>, cute::tuple<cute::_1, int, cute::tuple<int32_t, int32_t>>, cutlass::fmha::collective::CausalFusion>, cutlass::fmha::collective::FmhaFwdEpilogue<cutlass::float_e2m1_t, float, cute::tuple<cute::_64, cute::_32, cute::_128>>, cutlass::fmha::kernel::IndividualTileScheduler>]" at line 177 of /home/yanwa/workspace/cutlass/examples/120_hopper_fmha_sm120/device/../device/device_universal.hpp
            instantiation of "cutlass::Status cutlass::device::Universal<Kernel_>::initialize(const cutlass::device::Universal<Kernel_>::Arguments &, void *, cudaStream_t) [with Kernel_=cutlass::fmha::kernel::FmhaKernelTmaWarpSpecialized<cutlass::fmha::collective::FmhaMainloopTma<cutlass::float_e2m1_t, float, float, cute::tuple<cute::_64, cute::_128, cute::_32>, cute::tuple<int, cute::_1, cute::tuple<int32_t, int32_t>>, cute::tuple<int, cute::_1, cute::tuple<int32_t, int32_t>>, cute::tuple<cute::_1, int, cute::tuple<int32_t, int32_t>>, cutlass::fmha::collective::CausalFusion>, cutlass::fmha::collective::FmhaFwdEpilogue<cutlass::float_e2m1_t, float, cute::tuple<cute::_64, cute::_32, cute::_128>>, cutlass::fmha::kernel::IndividualTileScheduler>]" at line 445 of /home/yanwa/workspace/cutlass/examples/120_hopper_fmha_sm120/88_hopper_fmha.cu
            instantiation of "ExampleResult FwdRunner<TileShape, DispatchPolicy, ActiveFusion, KernelOptions...>::run(const Options &, const cutlass::KernelHardwareInfo &) [with TileShape=cute::tuple<cute::_64, cute::_128, cute::_32>, DispatchPolicy=KernelCooperative, ActiveFusion=cutlass::fmha::collective::CausalFusion, KernelOptions=<>]" at line 960 of /home/yanwa/workspace/cutlass/examples/120_hopper_fmha_sm120/88_hopper_fmha.cu
            instantiation of "void run_fwd_32(Fusion, const Options &, const cutlass::KernelHardwareInfo &) [with Fusion=cutlass::fmha::collective::CausalFusion]" at line 1176 of /home/yanwa/workspace/cutlass/examples/120_hopper_fmha_sm120/88_hopper_fmha.cu

/home/yanwa/workspace/cutlass/examples/120_hopper_fmha_sm120/device/../kernel/fmha_kernel_tma_warpspecialized.hpp(298): warning #174-D: expression has no effect
              block_rank_in_cluster,
              ^
          detected during:
            instantiation of "void cutlass::fmha::kernel::FmhaKernelTmaWarpSpecialized<CollectiveMainloop, CollectiveEpilogue, TileScheduler, Options...>::operator()(const cutlass::fmha::kernel::FmhaKernelTmaWarpSpecialized<CollectiveMainloop, CollectiveEpilogue, TileScheduler, Options...>::Params &, char *) [with CollectiveMainloop=cutlass::fmha::collective::FmhaMainloopTma<cutlass::float_e2m1_t, float, float, cute::tuple<cute::_64, cute::_128, cute::_32>, cute::tuple<int, cute::_1, cute::tuple<int32_t, int32_t>>, cute::tuple<int, cute::_1, cute::tuple<int32_t, int32_t>>, cute::tuple<cute::_1, int, cute::tuple<int32_t, int32_t>>, cutlass::fmha::collective::CausalFusion>, CollectiveEpilogue=cutlass::fmha::collective::FmhaFwdEpilogue<cutlass::float_e2m1_t, float, cute::tuple<cute::_64, cute::_32, cute::_128>>, TileScheduler=cutlass::fmha::kernel::IndividualTileScheduler, Options=<>]" at line 123 of /home/yanwa/workspace/cutlass/include/cutlass/device_kernel.h
            instantiation of "void cutlass::device_kernel<Operator>(Operator::Params) [with Operator=cutlass::fmha::kernel::FmhaKernelTmaWarpSpecialized<cutlass::fmha::collective::FmhaMainloopTma<cutlass::float_e2m1_t, float, float, cute::tuple<cute::_64, cute::_128, cute::_32>, cute::tuple<int, cute::_1, cute::tuple<int32_t, int32_t>>, cute::tuple<int, cute::_1, cute::tuple<int32_t, int32_t>>, cute::tuple<cute::_1, int, cute::tuple<int32_t, int32_t>>, cutlass::fmha::collective::CausalFusion>, cutlass::fmha::collective::FmhaFwdEpilogue<cutlass::float_e2m1_t, float, cute::tuple<cute::_64, cute::_32, cute::_128>>, cutlass::fmha::kernel::IndividualTileScheduler>]" at line 177 of /home/yanwa/workspace/cutlass/examples/120_hopper_fmha_sm120/device/../device/device_universal.hpp
            instantiation of "cutlass::Status cutlass::device::Universal<Kernel_>::initialize(const cutlass::device::Universal<Kernel_>::Arguments &, void *, cudaStream_t) [with Kernel_=cutlass::fmha::kernel::FmhaKernelTmaWarpSpecialized<cutlass::fmha::collective::FmhaMainloopTma<cutlass::float_e2m1_t, float, float, cute::tuple<cute::_64, cute::_128, cute::_32>, cute::tuple<int, cute::_1, cute::tuple<int32_t, int32_t>>, cute::tuple<int, cute::_1, cute::tuple<int32_t, int32_t>>, cute::tuple<cute::_1, int, cute::tuple<int32_t, int32_t>>, cutlass::fmha::collective::CausalFusion>, cutlass::fmha::collective::FmhaFwdEpilogue<cutlass::float_e2m1_t, float, cute::tuple<cute::_64, cute::_32, cute::_128>>, cutlass::fmha::kernel::IndividualTileScheduler>]" at line 445 of /home/yanwa/workspace/cutlass/examples/120_hopper_fmha_sm120/88_hopper_fmha.cu
            instantiation of "ExampleResult FwdRunner<TileShape, DispatchPolicy, ActiveFusion, KernelOptions...>::run(const Options &, const cutlass::KernelHardwareInfo &) [with TileShape=cute::tuple<cute::_64, cute::_128, cute::_32>, DispatchPolicy=KernelCooperative, ActiveFusion=cutlass::fmha::collective::CausalFusion, KernelOptions=<>]" at line 960 of /home/yanwa/workspace/cutlass/examples/120_hopper_fmha_sm120/88_hopper_fmha.cu
            instantiation of "void run_fwd_32(Fusion, const Options &, const cutlass::KernelHardwareInfo &) [with Fusion=cutlass::fmha::collective::CausalFusion]" at line 1176 of /home/yanwa/workspace/cutlass/examples/120_hopper_fmha_sm120/88_hopper_fmha.cu

/home/yanwa/workspace/cutlass/examples/120_hopper_fmha_sm120/device/../kernel/fmha_kernel_tma_warpspecialized.hpp(298): warning #174-D: expression has no effect
              block_rank_in_cluster,
              ^
          detected during:
            instantiation of "void cutlass::fmha::kernel::FmhaKernelTmaWarpSpecialized<CollectiveMainloop, CollectiveEpilogue, TileScheduler, Options...>::operator()(const cutlass::fmha::kernel::FmhaKernelTmaWarpSpecialized<CollectiveMainloop, CollectiveEpilogue, TileScheduler, Options...>::Params &, char *) [with CollectiveMainloop=cutlass::fmha::collective::FmhaMainloopTma<cutlass::float_e2m1_t, float, float, cute::tuple<cute::_64, cute::_128, cute::_32>, cute::tuple<int, cute::_1, cute::tuple<int32_t, int32_t>>, cute::tuple<int, cute::_1, cute::tuple<int32_t, int32_t>>, cute::tuple<cute::_1, int, cute::tuple<int32_t, int32_t>>, cutlass::fmha::collective::CausalFusion>, CollectiveEpilogue=cutlass::fmha::collective::FmhaFwdEpilogue<cutlass::float_e2m1_t, float, cute::tuple<cute::_64, cute::_32, cute::_128>>, TileScheduler=cutlass::fmha::kernel::IndividualTileScheduler, Options=<>]" at line 123 of /home/yanwa/workspace/cutlass/include/cutlass/device_kernel.h
            instantiation of "void cutlass::device_kernel<Operator>(Operator::Params) [with Operator=cutlass::fmha::kernel::FmhaKernelTmaWarpSpecialized<cutlass::fmha::collective::FmhaMainloopTma<cutlass::float_e2m1_t, float, float, cute::tuple<cute::_64, cute::_128, cute::_32>, cute::tuple<int, cute::_1, cute::tuple<int32_t, int32_t>>, cute::tuple<int, cute::_1, cute::tuple<int32_t, int32_t>>, cute::tuple<cute::_1, int, cute::tuple<int32_t, int32_t>>, cutlass::fmha::collective::CausalFusion>, cutlass::fmha::collective::FmhaFwdEpilogue<cutlass::float_e2m1_t, float, cute::tuple<cute::_64, cute::_32, cute::_128>>, cutlass::fmha::kernel::IndividualTileScheduler>]" at line 177 of /home/yanwa/workspace/cutlass/examples/120_hopper_fmha_sm120/device/../device/device_universal.hpp
            instantiation of "cutlass::Status cutlass::device::Universal<Kernel_>::initialize(const cutlass::device::Universal<Kernel_>::Arguments &, void *, cudaStream_t) [with Kernel_=cutlass::fmha::kernel::FmhaKernelTmaWarpSpecialized<cutlass::fmha::collective::FmhaMainloopTma<cutlass::float_e2m1_t, float, float, cute::tuple<cute::_64, cute::_128, cute::_32>, cute::tuple<int, cute::_1, cute::tuple<int32_t, int32_t>>, cute::tuple<int, cute::_1, cute::tuple<int32_t, int32_t>>, cute::tuple<cute::_1, int, cute::tuple<int32_t, int32_t>>, cutlass::fmha::collective::CausalFusion>, cutlass::fmha::collective::FmhaFwdEpilogue<cutlass::float_e2m1_t, float, cute::tuple<cute::_64, cute::_32, cute::_128>>, cutlass::fmha::kernel::IndividualTileScheduler>]" at line 445 of /home/yanwa/workspace/cutlass/examples/120_hopper_fmha_sm120/88_hopper_fmha.cu
            instantiation of "ExampleResult FwdRunner<TileShape, DispatchPolicy, ActiveFusion, KernelOptions...>::run(const Options &, const cutlass::KernelHardwareInfo &) [with TileShape=cute::tuple<cute::_64, cute::_128, cute::_32>, DispatchPolicy=KernelCooperative, ActiveFusion=cutlass::fmha::collective::CausalFusion, KernelOptions=<>]" at line 960 of /home/yanwa/workspace/cutlass/examples/120_hopper_fmha_sm120/88_hopper_fmha.cu
            instantiation of "void run_fwd_32(Fusion, const Options &, const cutlass::KernelHardwareInfo &) [with Fusion=cutlass::fmha::collective::CausalFusion]" at line 1176 of /home/yanwa/workspace/cutlass/examples/120_hopper_fmha_sm120/88_hopper_fmha.cu

/home/yanwa/workspace/cutlass/examples/120_hopper_fmha_sm120/device/../kernel/fmha_kernel_tma_warpspecialized.hpp(298): warning #174-D: expression has no effect
              block_rank_in_cluster,
              ^
          detected during:
            instantiation of "void cutlass::fmha::kernel::FmhaKernelTmaWarpSpecialized<CollectiveMainloop, CollectiveEpilogue, TileScheduler, Options...>::operator()(const cutlass::fmha::kernel::FmhaKernelTmaWarpSpecialized<CollectiveMainloop, CollectiveEpilogue, TileScheduler, Options...>::Params &, char *) [with CollectiveMainloop=cutlass::fmha::collective::FmhaMainloopTma<cutlass::float_e2m1_t, float, float, cute::tuple<cute::_64, cute::_128, cute::_32>, cute::tuple<int, cute::_1, cute::tuple<int32_t, int32_t>>, cute::tuple<int, cute::_1, cute::tuple<int32_t, int32_t>>, cute::tuple<cute::_1, int, cute::tuple<int32_t, int32_t>>, cutlass::fmha::collective::CausalFusion>, CollectiveEpilogue=cutlass::fmha::collective::FmhaFwdEpilogue<cutlass::float_e2m1_t, float, cute::tuple<cute::_64, cute::_32, cute::_128>>, TileScheduler=cutlass::fmha::kernel::IndividualTileScheduler, Options=<>]" at line 123 of /home/yanwa/workspace/cutlass/include/cutlass/device_kernel.h
            instantiation of "void cutlass::device_kernel<Operator>(Operator::Params) [with Operator=cutlass::fmha::kernel::FmhaKernelTmaWarpSpecialized<cutlass::fmha::collective::FmhaMainloopTma<cutlass::float_e2m1_t, float, float, cute::tuple<cute::_64, cute::_128, cute::_32>, cute::tuple<int, cute::_1, cute::tuple<int32_t, int32_t>>, cute::tuple<int, cute::_1, cute::tuple<int32_t, int32_t>>, cute::tuple<cute::_1, int, cute::tuple<int32_t, int32_t>>, cutlass::fmha::collective::CausalFusion>, cutlass::fmha::collective::FmhaFwdEpilogue<cutlass::float_e2m1_t, float, cute::tuple<cute::_64, cute::_32, cute::_128>>, cutlass::fmha::kernel::IndividualTileScheduler>]" at line 177 of /home/yanwa/workspace/cutlass/examples/120_hopper_fmha_sm120/device/../device/device_universal.hpp
            instantiation of "cutlass::Status cutlass::device::Universal<Kernel_>::initialize(const cutlass::device::Universal<Kernel_>::Arguments &, void *, cudaStream_t) [with Kernel_=cutlass::fmha::kernel::FmhaKernelTmaWarpSpecialized<cutlass::fmha::collective::FmhaMainloopTma<cutlass::float_e2m1_t, float, float, cute::tuple<cute::_64, cute::_128, cute::_32>, cute::tuple<int, cute::_1, cute::tuple<int32_t, int32_t>>, cute::tuple<int, cute::_1, cute::tuple<int32_t, int32_t>>, cute::tuple<cute::_1, int, cute::tuple<int32_t, int32_t>>, cutlass::fmha::collective::CausalFusion>, cutlass::fmha::collective::FmhaFwdEpilogue<cutlass::float_e2m1_t, float, cute::tuple<cute::_64, cute::_32, cute::_128>>, cutlass::fmha::kernel::IndividualTileScheduler>]" at line 445 of /home/yanwa/workspace/cutlass/examples/120_hopper_fmha_sm120/88_hopper_fmha.cu
            instantiation of "ExampleResult FwdRunner<TileShape, DispatchPolicy, ActiveFusion, KernelOptions...>::run(const Options &, const cutlass::KernelHardwareInfo &) [with TileShape=cute::tuple<cute::_64, cute::_128, cute::_32>, DispatchPolicy=KernelCooperative, ActiveFusion=cutlass::fmha::collective::CausalFusion, KernelOptions=<>]" at line 960 of /home/yanwa/workspace/cutlass/examples/120_hopper_fmha_sm120/88_hopper_fmha.cu
            instantiation of "void run_fwd_32(Fusion, const Options &, const cutlass::KernelHardwareInfo &) [with Fusion=cutlass::fmha::collective::CausalFusion]" at line 1176 of /home/yanwa/workspace/cutlass/examples/120_hopper_fmha_sm120/88_hopper_fmha.cu

/home/yanwa/workspace/cutlass/examples/120_hopper_fmha_sm120/device/../kernel/fmha_kernel_tma_warpspecialized.hpp(298): warning #174-D: expression has no effect
              block_rank_in_cluster,
              ^
          detected during:
            instantiation of "void cutlass::fmha::kernel::FmhaKernelTmaWarpSpecialized<CollectiveMainloop, CollectiveEpilogue, TileScheduler, Options...>::operator()(const cutlass::fmha::kernel::FmhaKernelTmaWarpSpecialized<CollectiveMainloop, CollectiveEpilogue, TileScheduler, Options...>::Params &, char *) [with CollectiveMainloop=cutlass::fmha::collective::FmhaMainloopTma<cutlass::float_e2m1_t, float, float, cute::tuple<cute::_64, cute::_128, cute::_32>, cute::tuple<int, cute::_1, cute::tuple<int32_t, int32_t>>, cute::tuple<int, cute::_1, cute::tuple<int32_t, int32_t>>, cute::tuple<cute::_1, int, cute::tuple<int32_t, int32_t>>, cutlass::fmha::collective::CausalFusion>, CollectiveEpilogue=cutlass::fmha::collective::FmhaFwdEpilogue<cutlass::float_e2m1_t, float, cute::tuple<cute::_64, cute::_32, cute::_128>>, TileScheduler=cutlass::fmha::kernel::IndividualTileScheduler, Options=<>]" at line 123 of /home/yanwa/workspace/cutlass/include/cutlass/device_kernel.h
            instantiation of "void cutlass::device_kernel<Operator>(Operator::Params) [with Operator=cutlass::fmha::kernel::FmhaKernelTmaWarpSpecialized<cutlass::fmha::collective::FmhaMainloopTma<cutlass::float_e2m1_t, float, float, cute::tuple<cute::_64, cute::_128, cute::_32>, cute::tuple<int, cute::_1, cute::tuple<int32_t, int32_t>>, cute::tuple<int, cute::_1, cute::tuple<int32_t, int32_t>>, cute::tuple<cute::_1, int, cute::tuple<int32_t, int32_t>>, cutlass::fmha::collective::CausalFusion>, cutlass::fmha::collective::FmhaFwdEpilogue<cutlass::float_e2m1_t, float, cute::tuple<cute::_64, cute::_32, cute::_128>>, cutlass::fmha::kernel::IndividualTileScheduler>]" at line 177 of /home/yanwa/workspace/cutlass/examples/120_hopper_fmha_sm120/device/../device/device_universal.hpp
            instantiation of "cutlass::Status cutlass::device::Universal<Kernel_>::initialize(const cutlass::device::Universal<Kernel_>::Arguments &, void *, cudaStream_t) [with Kernel_=cutlass::fmha::kernel::FmhaKernelTmaWarpSpecialized<cutlass::fmha::collective::FmhaMainloopTma<cutlass::float_e2m1_t, float, float, cute::tuple<cute::_64, cute::_128, cute::_32>, cute::tuple<int, cute::_1, cute::tuple<int32_t, int32_t>>, cute::tuple<int, cute::_1, cute::tuple<int32_t, int32_t>>, cute::tuple<cute::_1, int, cute::tuple<int32_t, int32_t>>, cutlass::fmha::collective::CausalFusion>, cutlass::fmha::collective::FmhaFwdEpilogue<cutlass::float_e2m1_t, float, cute::tuple<cute::_64, cute::_32, cute::_128>>, cutlass::fmha::kernel::IndividualTileScheduler>]" at line 445 of /home/yanwa/workspace/cutlass/examples/120_hopper_fmha_sm120/88_hopper_fmha.cu
            instantiation of "ExampleResult FwdRunner<TileShape, DispatchPolicy, ActiveFusion, KernelOptions...>::run(const Options &, const cutlass::KernelHardwareInfo &) [with TileShape=cute::tuple<cute::_64, cute::_128, cute::_32>, DispatchPolicy=KernelCooperative, ActiveFusion=cutlass::fmha::collective::CausalFusion, KernelOptions=<>]" at line 960 of /home/yanwa/workspace/cutlass/examples/120_hopper_fmha_sm120/88_hopper_fmha.cu
            instantiation of "void run_fwd_32(Fusion, const Options &, const cutlass::KernelHardwareInfo &) [with Fusion=cutlass::fmha::collective::CausalFusion]" at line 1176 of /home/yanwa/workspace/cutlass/examples/120_hopper_fmha_sm120/88_hopper_fmha.cu

/home/yanwa/workspace/cutlass/examples/120_hopper_fmha_sm120/device/../kernel/fmha_kernel_tma_warpspecialized.hpp(298): warning #174-D: expression has no effect
              block_rank_in_cluster,
              ^
          detected during:
            instantiation of "void cutlass::fmha::kernel::FmhaKernelTmaWarpSpecialized<CollectiveMainloop, CollectiveEpilogue, TileScheduler, Options...>::operator()(const cutlass::fmha::kernel::FmhaKernelTmaWarpSpecialized<CollectiveMainloop, CollectiveEpilogue, TileScheduler, Options...>::Params &, char *) [with CollectiveMainloop=cutlass::fmha::collective::FmhaMainloopTma<cutlass::float_e2m1_t, float, float, cute::tuple<cute::_64, cute::_128, cute::_32>, cute::tuple<int, cute::_1, cute::tuple<int32_t, int32_t>>, cute::tuple<int, cute::_1, cute::tuple<int32_t, int32_t>>, cute::tuple<cute::_1, int, cute::tuple<int32_t, int32_t>>, cutlass::fmha::collective::CausalFusion>, CollectiveEpilogue=cutlass::fmha::collective::FmhaFwdEpilogue<cutlass::float_e2m1_t, float, cute::tuple<cute::_64, cute::_32, cute::_128>>, TileScheduler=cutlass::fmha::kernel::IndividualTileScheduler, Options=<>]" at line 123 of /home/yanwa/workspace/cutlass/include/cutlass/device_kernel.h
            instantiation of "void cutlass::device_kernel<Operator>(Operator::Params) [with Operator=cutlass::fmha::kernel::FmhaKernelTmaWarpSpecialized<cutlass::fmha::collective::FmhaMainloopTma<cutlass::float_e2m1_t, float, float, cute::tuple<cute::_64, cute::_128, cute::_32>, cute::tuple<int, cute::_1, cute::tuple<int32_t, int32_t>>, cute::tuple<int, cute::_1, cute::tuple<int32_t, int32_t>>, cute::tuple<cute::_1, int, cute::tuple<int32_t, int32_t>>, cutlass::fmha::collective::CausalFusion>, cutlass::fmha::collective::FmhaFwdEpilogue<cutlass::float_e2m1_t, float, cute::tuple<cute::_64, cute::_32, cute::_128>>, cutlass::fmha::kernel::IndividualTileScheduler>]" at line 177 of /home/yanwa/workspace/cutlass/examples/120_hopper_fmha_sm120/device/../device/device_universal.hpp
            instantiation of "cutlass::Status cutlass::device::Universal<Kernel_>::initialize(const cutlass::device::Universal<Kernel_>::Arguments &, void *, cudaStream_t) [with Kernel_=cutlass::fmha::kernel::FmhaKernelTmaWarpSpecialized<cutlass::fmha::collective::FmhaMainloopTma<cutlass::float_e2m1_t, float, float, cute::tuple<cute::_64, cute::_128, cute::_32>, cute::tuple<int, cute::_1, cute::tuple<int32_t, int32_t>>, cute::tuple<int, cute::_1, cute::tuple<int32_t, int32_t>>, cute::tuple<cute::_1, int, cute::tuple<int32_t, int32_t>>, cutlass::fmha::collective::CausalFusion>, cutlass::fmha::collective::FmhaFwdEpilogue<cutlass::float_e2m1_t, float, cute::tuple<cute::_64, cute::_32, cute::_128>>, cutlass::fmha::kernel::IndividualTileScheduler>]" at line 445 of /home/yanwa/workspace/cutlass/examples/120_hopper_fmha_sm120/88_hopper_fmha.cu
            instantiation of "ExampleResult FwdRunner<TileShape, DispatchPolicy, ActiveFusion, KernelOptions...>::run(const Options &, const cutlass::KernelHardwareInfo &) [with TileShape=cute::tuple<cute::_64, cute::_128, cute::_32>, DispatchPolicy=KernelCooperative, ActiveFusion=cutlass::fmha::collective::CausalFusion, KernelOptions=<>]" at line 960 of /home/yanwa/workspace/cutlass/examples/120_hopper_fmha_sm120/88_hopper_fmha.cu
            instantiation of "void run_fwd_32(Fusion, const Options &, const cutlass::KernelHardwareInfo &) [with Fusion=cutlass::fmha::collective::CausalFusion]" at line 1176 of /home/yanwa/workspace/cutlass/examples/120_hopper_fmha_sm120/88_hopper_fmha.cu

/home/yanwa/workspace/cutlass/examples/120_hopper_fmha_sm120/device/../kernel/fmha_kernel_tma_warpspecialized.hpp(314): error: class "cutlass::fmha::collective::FmhaMainloopTma<cutlass::float_e2m1_t, float, float, cute::tuple<cute::_64, cute::_128, cute::_32>, cute::tuple<int, cute::_1, cute::tuple<int32_t, int32_t>>, cute::tuple<int, cute::_1, cute::tuple<int32_t, int32_t>>, cute::tuple<cute::_1, int, cute::tuple<int32_t, int32_t>>, cutlass::fmha::collective::CausalFusion>" has no member "load_maybe_q"
            collective_mainloop.load_maybe_q(
                                ^
          detected during:
            instantiation of "void cutlass::fmha::kernel::FmhaKernelTmaWarpSpecialized<CollectiveMainloop, CollectiveEpilogue, TileScheduler, Options...>::operator()(const cutlass::fmha::kernel::FmhaKernelTmaWarpSpecialized<CollectiveMainloop, CollectiveEpilogue, TileScheduler, Options...>::Params &, char *) [with CollectiveMainloop=cutlass::fmha::collective::FmhaMainloopTma<cutlass::float_e2m1_t, float, float, cute::tuple<cute::_64, cute::_128, cute::_32>, cute::tuple<int, cute::_1, cute::tuple<int32_t, int32_t>>, cute::tuple<int, cute::_1, cute::tuple<int32_t, int32_t>>, cute::tuple<cute::_1, int, cute::tuple<int32_t, int32_t>>, cutlass::fmha::collective::CausalFusion>, CollectiveEpilogue=cutlass::fmha::collective::FmhaFwdEpilogue<cutlass::float_e2m1_t, float, cute::tuple<cute::_64, cute::_32, cute::_128>>, TileScheduler=cutlass::fmha::kernel::IndividualTileScheduler, Options=<>]" at line 123 of /home/yanwa/workspace/cutlass/include/cutlass/device_kernel.h
            instantiation of "void cutlass::device_kernel<Operator>(Operator::Params) [with Operator=cutlass::fmha::kernel::FmhaKernelTmaWarpSpecialized<cutlass::fmha::collective::FmhaMainloopTma<cutlass::float_e2m1_t, float, float, cute::tuple<cute::_64, cute::_128, cute::_32>, cute::tuple<int, cute::_1, cute::tuple<int32_t, int32_t>>, cute::tuple<int, cute::_1, cute::tuple<int32_t, int32_t>>, cute::tuple<cute::_1, int, cute::tuple<int32_t, int32_t>>, cutlass::fmha::collective::CausalFusion>, cutlass::fmha::collective::FmhaFwdEpilogue<cutlass::float_e2m1_t, float, cute::tuple<cute::_64, cute::_32, cute::_128>>, cutlass::fmha::kernel::IndividualTileScheduler>]" at line 177 of /home/yanwa/workspace/cutlass/examples/120_hopper_fmha_sm120/device/../device/device_universal.hpp
            instantiation of "cutlass::Status cutlass::device::Universal<Kernel_>::initialize(const cutlass::device::Universal<Kernel_>::Arguments &, void *, cudaStream_t) [with Kernel_=cutlass::fmha::kernel::FmhaKernelTmaWarpSpecialized<cutlass::fmha::collective::FmhaMainloopTma<cutlass::float_e2m1_t, float, float, cute::tuple<cute::_64, cute::_128, cute::_32>, cute::tuple<int, cute::_1, cute::tuple<int32_t, int32_t>>, cute::tuple<int, cute::_1, cute::tuple<int32_t, int32_t>>, cute::tuple<cute::_1, int, cute::tuple<int32_t, int32_t>>, cutlass::fmha::collective::CausalFusion>, cutlass::fmha::collective::FmhaFwdEpilogue<cutlass::float_e2m1_t, float, cute::tuple<cute::_64, cute::_32, cute::_128>>, cutlass::fmha::kernel::IndividualTileScheduler>]" at line 445 of /home/yanwa/workspace/cutlass/examples/120_hopper_fmha_sm120/88_hopper_fmha.cu
            instantiation of "ExampleResult FwdRunner<TileShape, DispatchPolicy, ActiveFusion, KernelOptions...>::run(const Options &, const cutlass::KernelHardwareInfo &) [with TileShape=cute::tuple<cute::_64, cute::_128, cute::_32>, DispatchPolicy=KernelCooperative, ActiveFusion=cutlass::fmha::collective::CausalFusion, KernelOptions=<>]" at line 960 of /home/yanwa/workspace/cutlass/examples/120_hopper_fmha_sm120/88_hopper_fmha.cu
            instantiation of "void run_fwd_32(Fusion, const Options &, const cutlass::KernelHardwareInfo &) [with Fusion=cutlass::fmha::collective::CausalFusion]" at line 1176 of /home/yanwa/workspace/cutlass/examples/120_hopper_fmha_sm120/88_hopper_fmha.cu

/home/yanwa/workspace/cutlass/examples/120_hopper_fmha_sm120/device/../kernel/fmha_kernel_tma_warpspecialized.hpp(325): error: class "cutlass::fmha::collective::FmhaMainloopTma<cutlass::float_e2m1_t, float, float, cute::tuple<cute::_64, cute::_128, cute::_32>, cute::tuple<int, cute::_1, cute::tuple<int32_t, int32_t>>, cute::tuple<int, cute::_1, cute::tuple<int32_t, int32_t>>, cute::tuple<cute::_1, int, cute::tuple<int32_t, int32_t>>, cutlass::fmha::collective::CausalFusion>" has no member "reduce"
            collective_mainloop.reduce(
                                ^
          detected during:
            instantiation of "void cutlass::fmha::kernel::FmhaKernelTmaWarpSpecialized<CollectiveMainloop, CollectiveEpilogue, TileScheduler, Options...>::operator()(const cutlass::fmha::kernel::FmhaKernelTmaWarpSpecialized<CollectiveMainloop, CollectiveEpilogue, TileScheduler, Options...>::Params &, char *) [with CollectiveMainloop=cutlass::fmha::collective::FmhaMainloopTma<cutlass::float_e2m1_t, float, float, cute::tuple<cute::_64, cute::_128, cute::_32>, cute::tuple<int, cute::_1, cute::tuple<int32_t, int32_t>>, cute::tuple<int, cute::_1, cute::tuple<int32_t, int32_t>>, cute::tuple<cute::_1, int, cute::tuple<int32_t, int32_t>>, cutlass::fmha::collective::CausalFusion>, CollectiveEpilogue=cutlass::fmha::collective::FmhaFwdEpilogue<cutlass::float_e2m1_t, float, cute::tuple<cute::_64, cute::_32, cute::_128>>, TileScheduler=cutlass::fmha::kernel::IndividualTileScheduler, Options=<>]" at line 123 of /home/yanwa/workspace/cutlass/include/cutlass/device_kernel.h
            instantiation of "void cutlass::device_kernel<Operator>(Operator::Params) [with Operator=cutlass::fmha::kernel::FmhaKernelTmaWarpSpecialized<cutlass::fmha::collective::FmhaMainloopTma<cutlass::float_e2m1_t, float, float, cute::tuple<cute::_64, cute::_128, cute::_32>, cute::tuple<int, cute::_1, cute::tuple<int32_t, int32_t>>, cute::tuple<int, cute::_1, cute::tuple<int32_t, int32_t>>, cute::tuple<cute::_1, int, cute::tuple<int32_t, int32_t>>, cutlass::fmha::collective::CausalFusion>, cutlass::fmha::collective::FmhaFwdEpilogue<cutlass::float_e2m1_t, float, cute::tuple<cute::_64, cute::_32, cute::_128>>, cutlass::fmha::kernel::IndividualTileScheduler>]" at line 177 of /home/yanwa/workspace/cutlass/examples/120_hopper_fmha_sm120/device/../device/device_universal.hpp
            instantiation of "cutlass::Status cutlass::device::Universal<Kernel_>::initialize(const cutlass::device::Universal<Kernel_>::Arguments &, void *, cudaStream_t) [with Kernel_=cutlass::fmha::kernel::FmhaKernelTmaWarpSpecialized<cutlass::fmha::collective::FmhaMainloopTma<cutlass::float_e2m1_t, float, float, cute::tuple<cute::_64, cute::_128, cute::_32>, cute::tuple<int, cute::_1, cute::tuple<int32_t, int32_t>>, cute::tuple<int, cute::_1, cute::tuple<int32_t, int32_t>>, cute::tuple<cute::_1, int, cute::tuple<int32_t, int32_t>>, cutlass::fmha::collective::CausalFusion>, cutlass::fmha::collective::FmhaFwdEpilogue<cutlass::float_e2m1_t, float, cute::tuple<cute::_64, cute::_32, cute::_128>>, cutlass::fmha::kernel::IndividualTileScheduler>]" at line 445 of /home/yanwa/workspace/cutlass/examples/120_hopper_fmha_sm120/88_hopper_fmha.cu
            instantiation of "ExampleResult FwdRunner<TileShape, DispatchPolicy, ActiveFusion, KernelOptions...>::run(const Options &, const cutlass::KernelHardwareInfo &) [with TileShape=cute::tuple<cute::_64, cute::_128, cute::_32>, DispatchPolicy=KernelCooperative, ActiveFusion=cutlass::fmha::collective::CausalFusion, KernelOptions=<>]" at line 960 of /home/yanwa/workspace/cutlass/examples/120_hopper_fmha_sm120/88_hopper_fmha.cu
            instantiation of "void run_fwd_32(Fusion, const Options &, const cutlass::KernelHardwareInfo &) [with Fusion=cutlass::fmha::collective::CausalFusion]" at line 1176 of /home/yanwa/workspace/cutlass/examples/120_hopper_fmha_sm120/88_hopper_fmha.cu

/home/yanwa/workspace/cutlass/examples/120_hopper_fmha_sm120/device/../kernel/fmha_kernel_tma_warpspecialized.hpp(339): error: no instance of function template "cutlass::arch::warpgroup_reg_alloc" matches the argument list
        cutlass::arch::warpgroup_reg_alloc<MmaRegisterRequirement>();
        ^
/home/yanwa/workspace/cutlass/include/cutlass/arch/reg_reconfig.h(74): note #3323-D: substituting explicit template arguments "<<expression>>" for function template "cutlass::arch::warpgroup_reg_alloc" failed
  void warpgroup_reg_alloc(){
       ^
          detected during:
            instantiation of "void cutlass::fmha::kernel::FmhaKernelTmaWarpSpecialized<CollectiveMainloop, CollectiveEpilogue, TileScheduler, Options...>::operator()(const cutlass::fmha::kernel::FmhaKernelTmaWarpSpecialized<CollectiveMainloop, CollectiveEpilogue, TileScheduler, Options...>::Params &, char *) [with CollectiveMainloop=cutlass::fmha::collective::FmhaMainloopTma<cutlass::float_e2m1_t, float, float, cute::tuple<cute::_64, cute::_128, cute::_32>, cute::tuple<int, cute::_1, cute::tuple<int32_t, int32_t>>, cute::tuple<int, cute::_1, cute::tuple<int32_t, int32_t>>, cute::tuple<cute::_1, int, cute::tuple<int32_t, int32_t>>, cutlass::fmha::collective::CausalFusion>, CollectiveEpilogue=cutlass::fmha::collective::FmhaFwdEpilogue<cutlass::float_e2m1_t, float, cute::tuple<cute::_64, cute::_32, cute::_128>>, TileScheduler=cutlass::fmha::kernel::IndividualTileScheduler, Options=<>]" at line 123 of /home/yanwa/workspace/cutlass/include/cutlass/device_kernel.h
            instantiation of "void cutlass::device_kernel<Operator>(Operator::Params) [with Operator=cutlass::fmha::kernel::FmhaKernelTmaWarpSpecialized<cutlass::fmha::collective::FmhaMainloopTma<cutlass::float_e2m1_t, float, float, cute::tuple<cute::_64, cute::_128, cute::_32>, cute::tuple<int, cute::_1, cute::tuple<int32_t, int32_t>>, cute::tuple<int, cute::_1, cute::tuple<int32_t, int32_t>>, cute::tuple<cute::_1, int, cute::tuple<int32_t, int32_t>>, cutlass::fmha::collective::CausalFusion>, cutlass::fmha::collective::FmhaFwdEpilogue<cutlass::float_e2m1_t, float, cute::tuple<cute::_64, cute::_32, cute::_128>>, cutlass::fmha::kernel::IndividualTileScheduler>]" at line 177 of /home/yanwa/workspace/cutlass/examples/120_hopper_fmha_sm120/device/../device/device_universal.hpp
            instantiation of "cutlass::Status cutlass::device::Universal<Kernel_>::initialize(const cutlass::device::Universal<Kernel_>::Arguments &, void *, cudaStream_t) [with Kernel_=cutlass::fmha::kernel::FmhaKernelTmaWarpSpecialized<cutlass::fmha::collective::FmhaMainloopTma<cutlass::float_e2m1_t, float, float, cute::tuple<cute::_64, cute::_128, cute::_32>, cute::tuple<int, cute::_1, cute::tuple<int32_t, int32_t>>, cute::tuple<int, cute::_1, cute::tuple<int32_t, int32_t>>, cute::tuple<cute::_1, int, cute::tuple<int32_t, int32_t>>, cutlass::fmha::collective::CausalFusion>, cutlass::fmha::collective::FmhaFwdEpilogue<cutlass::float_e2m1_t, float, cute::tuple<cute::_64, cute::_32, cute::_128>>, cutlass::fmha::kernel::IndividualTileScheduler>]" at line 445 of /home/yanwa/workspace/cutlass/examples/120_hopper_fmha_sm120/88_hopper_fmha.cu
            instantiation of "ExampleResult FwdRunner<TileShape, DispatchPolicy, ActiveFusion, KernelOptions...>::run(const Options &, const cutlass::KernelHardwareInfo &) [with TileShape=cute::tuple<cute::_64, cute::_128, cute::_32>, DispatchPolicy=KernelCooperative, ActiveFusion=cutlass::fmha::collective::CausalFusion, KernelOptions=<>]" at line 960 of /home/yanwa/workspace/cutlass/examples/120_hopper_fmha_sm120/88_hopper_fmha.cu
            instantiation of "void run_fwd_32(Fusion, const Options &, const cutlass::KernelHardwareInfo &) [with Fusion=cutlass::fmha::collective::CausalFusion]" at line 1176 of /home/yanwa/workspace/cutlass/examples/120_hopper_fmha_sm120/88_hopper_fmha.cu

/home/yanwa/workspace/cutlass/examples/120_hopper_fmha_sm120/device/../kernel/fmha_kernel_tma_warpspecialized.hpp(345): error: class "cutlass::fmha::collective::FmhaMainloopTma<cutlass::float_e2m1_t, float, float, cute::tuple<cute::_64, cute::_128, cute::_32>, cute::tuple<int, cute::_1, cute::tuple<int32_t, int32_t>>, cute::tuple<int, cute::_1, cute::tuple<int32_t, int32_t>>, cute::tuple<cute::_1, int, cute::tuple<int32_t, int32_t>>, cutlass::fmha::collective::CausalFusion>" has no member "kOuterLoads"
          constexpr int kOuterLoads = CollectiveMainloop::kOuterLoads;
                                                          ^
          detected during:
            instantiation of "void cutlass::fmha::kernel::FmhaKernelTmaWarpSpecialized<CollectiveMainloop, CollectiveEpilogue, TileScheduler, Options...>::operator()(const cutlass::fmha::kernel::FmhaKernelTmaWarpSpecialized<CollectiveMainloop, CollectiveEpilogue, TileScheduler, Options...>::Params &, char *) [with CollectiveMainloop=cutlass::fmha::collective::FmhaMainloopTma<cutlass::float_e2m1_t, float, float, cute::tuple<cute::_64, cute::_128, cute::_32>, cute::tuple<int, cute::_1, cute::tuple<int32_t, int32_t>>, cute::tuple<int, cute::_1, cute::tuple<int32_t, int32_t>>, cute::tuple<cute::_1, int, cute::tuple<int32_t, int32_t>>, cutlass::fmha::collective::CausalFusion>, CollectiveEpilogue=cutlass::fmha::collective::FmhaFwdEpilogue<cutlass::float_e2m1_t, float, cute::tuple<cute::_64, cute::_32, cute::_128>>, TileScheduler=cutlass::fmha::kernel::IndividualTileScheduler, Options=<>]" at line 123 of /home/yanwa/workspace/cutlass/include/cutlass/device_kernel.h
            instantiation of "void cutlass::device_kernel<Operator>(Operator::Params) [with Operator=cutlass::fmha::kernel::FmhaKernelTmaWarpSpecialized<cutlass::fmha::collective::FmhaMainloopTma<cutlass::float_e2m1_t, float, float, cute::tuple<cute::_64, cute::_128, cute::_32>, cute::tuple<int, cute::_1, cute::tuple<int32_t, int32_t>>, cute::tuple<int, cute::_1, cute::tuple<int32_t, int32_t>>, cute::tuple<cute::_1, int, cute::tuple<int32_t, int32_t>>, cutlass::fmha::collective::CausalFusion>, cutlass::fmha::collective::FmhaFwdEpilogue<cutlass::float_e2m1_t, float, cute::tuple<cute::_64, cute::_32, cute::_128>>, cutlass::fmha::kernel::IndividualTileScheduler>]" at line 177 of /home/yanwa/workspace/cutlass/examples/120_hopper_fmha_sm120/device/../device/device_universal.hpp
            instantiation of "cutlass::Status cutlass::device::Universal<Kernel_>::initialize(const cutlass::device::Universal<Kernel_>::Arguments &, void *, cudaStream_t) [with Kernel_=cutlass::fmha::kernel::FmhaKernelTmaWarpSpecialized<cutlass::fmha::collective::FmhaMainloopTma<cutlass::float_e2m1_t, float, float, cute::tuple<cute::_64, cute::_128, cute::_32>, cute::tuple<int, cute::_1, cute::tuple<int32_t, int32_t>>, cute::tuple<int, cute::_1, cute::tuple<int32_t, int32_t>>, cute::tuple<cute::_1, int, cute::tuple<int32_t, int32_t>>, cutlass::fmha::collective::CausalFusion>, cutlass::fmha::collective::FmhaFwdEpilogue<cutlass::float_e2m1_t, float, cute::tuple<cute::_64, cute::_32, cute::_128>>, cutlass::fmha::kernel::IndividualTileScheduler>]" at line 445 of /home/yanwa/workspace/cutlass/examples/120_hopper_fmha_sm120/88_hopper_fmha.cu
            instantiation of "ExampleResult FwdRunner<TileShape, DispatchPolicy, ActiveFusion, KernelOptions...>::run(const Options &, const cutlass::KernelHardwareInfo &) [with TileShape=cute::tuple<cute::_64, cute::_128, cute::_32>, DispatchPolicy=KernelCooperative, ActiveFusion=cutlass::fmha::collective::CausalFusion, KernelOptions=<>]" at line 960 of /home/yanwa/workspace/cutlass/examples/120_hopper_fmha_sm120/88_hopper_fmha.cu
            instantiation of "void run_fwd_32(Fusion, const Options &, const cutlass::KernelHardwareInfo &) [with Fusion=cutlass::fmha::collective::CausalFusion]" at line 1176 of /home/yanwa/workspace/cutlass/examples/120_hopper_fmha_sm120/88_hopper_fmha.cu

/home/yanwa/workspace/cutlass/examples/120_hopper_fmha_sm120/device/../kernel/fmha_kernel_tma_warpspecialized.hpp(375): error: no instance of function template "cutlass::fmha::collective::FmhaMainloopTma<Element_, ElementAccumulatorQK_, ElementAccumulatorPV_, TileShape_, LayoutQ_, LayoutK_, LayoutV_, Fusion, Options...>::compute [with Element_=cutlass::float_e2m1_t, ElementAccumulatorQK_=float, ElementAccumulatorPV_=float, TileShape_=cute::tuple<cute::_64, cute::_128, cute::_32>, LayoutQ_=cute::tuple<int, cute::_1, cute::tuple<int32_t, int32_t>>, LayoutK_=cute::tuple<int, cute::_1, cute::tuple<int32_t, int32_t>>, LayoutV_=cute::tuple<cute::_1, int, cute::tuple<int32_t, int32_t>>, Fusion=cutlass::fmha::collective::CausalFusion, Options=<>]" matches the argument list
            argument types are: (cute::tuple<unsigned int, cute::_0, cute::tuple<uint32_t, uint32_t>>, cute::tuple<unsigned int, cute::_0, cute::tuple<uint32_t, uint32_t>>, const cutlass::fmha::collective::FmhaMainloopTma<cutlass::float_e2m1_t, float, float, cute::tuple<cute::_64, cute::_128, cute::_32>, cute::tuple<int, cute::_1, cute::tuple<int32_t, int32_t>>, cute::tuple<int, cute::_1, cute::tuple<int32_t, int32_t>>, cute::tuple<cute::_1, int, cute::tuple<int32_t, int32_t>>, cutlass::fmha::collective::CausalFusion>::Params, const cute::tuple<int, int, int, int, int>, cutlass::PipelineTmaAsync<4>, cutlass::PipelineState<4U>, cutlass::PipelineTmaAsync<1>, cutlass::PipelineState<1U>, cutlass::PipelineAsync<2>, cutlass::PipelineState<2U>, cutlass::fmha::collective::FmhaMainloopTma<cutlass::float_e2m1_t, float, float, cute::tuple<cute::_64, cute::_128, cute::_32>, cute::tuple<int, cute::_1, cute::tuple<int32_t, int32_t>>, cute::tuple<int, cute::_1, cute::tuple<int32_t, int32_t>>, cute::tuple<cute::_1, int, cute::tuple<int32_t, int32_t>>, cutlass::fmha::collective::CausalFusion>::SharedStorage, cutlass::OrderedSequenceBarrier<2, <error-constant>>)
            object type is: cutlass::fmha::collective::FmhaMainloopTma<cutlass::float_e2m1_t, float, float, cute::tuple<cute::_64, cute::_128, cute::_32>, cute::tuple<int, cute::_1, cute::tuple<int32_t, int32_t>>, cute::tuple<int, cute::_1, cute::tuple<int32_t, int32_t>>, cute::tuple<cute::_1, int, cute::tuple<int32_t, int32_t>>, cutlass::fmha::collective::CausalFusion>
          auto result = collective_mainloop.compute(
                                            ^
/home/yanwa/workspace/cutlass/examples/120_hopper_fmha_sm120/kernel/../collective/fmha_collective_tma.hpp(273): note #3322-D: number of parameters of function template "cutlass::fmha::collective::FmhaMainloopTma<Element_, ElementAccumulatorQK_, ElementAccumulatorPV_, TileShape_, LayoutQ_, LayoutK_, LayoutV_, Fusion, Options...>::compute [with Element_=cutlass::float_e2m1_t, ElementAccumulatorQK_=float, ElementAccumulatorPV_=float, TileShape_=cute::tuple<cute::_64, cute::_128, cute::_32>, LayoutQ_=cute::tuple<int, cute::_1, cute::tuple<int32_t, int32_t>>, LayoutK_=cute::tuple<int, cute::_1, cute::tuple<int32_t, int32_t>>, LayoutV_=cute::tuple<cute::_1, int, cute::tuple<int32_t, int32_t>>, Fusion=cutlass::fmha::collective::CausalFusion, Options=<>]" does not match the call
    compute(
    ^
          detected during:
            instantiation of "void cutlass::fmha::kernel::FmhaKernelTmaWarpSpecialized<CollectiveMainloop, CollectiveEpilogue, TileScheduler, Options...>::operator()(const cutlass::fmha::kernel::FmhaKernelTmaWarpSpecialized<CollectiveMainloop, CollectiveEpilogue, TileScheduler, Options...>::Params &, char *) [with CollectiveMainloop=cutlass::fmha::collective::FmhaMainloopTma<cutlass::float_e2m1_t, float, float, cute::tuple<cute::_64, cute::_128, cute::_32>, cute::tuple<int, cute::_1, cute::tuple<int32_t, int32_t>>, cute::tuple<int, cute::_1, cute::tuple<int32_t, int32_t>>, cute::tuple<cute::_1, int, cute::tuple<int32_t, int32_t>>, cutlass::fmha::collective::CausalFusion>, CollectiveEpilogue=cutlass::fmha::collective::FmhaFwdEpilogue<cutlass::float_e2m1_t, float, cute::tuple<cute::_64, cute::_32, cute::_128>>, TileScheduler=cutlass::fmha::kernel::IndividualTileScheduler, Options=<>]" at line 123 of /home/yanwa/workspace/cutlass/include/cutlass/device_kernel.h
            instantiation of "void cutlass::device_kernel<Operator>(Operator::Params) [with Operator=cutlass::fmha::kernel::FmhaKernelTmaWarpSpecialized<cutlass::fmha::collective::FmhaMainloopTma<cutlass::float_e2m1_t, float, float, cute::tuple<cute::_64, cute::_128, cute::_32>, cute::tuple<int, cute::_1, cute::tuple<int32_t, int32_t>>, cute::tuple<int, cute::_1, cute::tuple<int32_t, int32_t>>, cute::tuple<cute::_1, int, cute::tuple<int32_t, int32_t>>, cutlass::fmha::collective::CausalFusion>, cutlass::fmha::collective::FmhaFwdEpilogue<cutlass::float_e2m1_t, float, cute::tuple<cute::_64, cute::_32, cute::_128>>, cutlass::fmha::kernel::IndividualTileScheduler>]" at line 177 of /home/yanwa/workspace/cutlass/examples/120_hopper_fmha_sm120/device/../device/device_universal.hpp
            instantiation of "cutlass::Status cutlass::device::Universal<Kernel_>::initialize(const cutlass::device::Universal<Kernel_>::Arguments &, void *, cudaStream_t) [with Kernel_=cutlass::fmha::kernel::FmhaKernelTmaWarpSpecialized<cutlass::fmha::collective::FmhaMainloopTma<cutlass::float_e2m1_t, float, float, cute::tuple<cute::_64, cute::_128, cute::_32>, cute::tuple<int, cute::_1, cute::tuple<int32_t, int32_t>>, cute::tuple<int, cute::_1, cute::tuple<int32_t, int32_t>>, cute::tuple<cute::_1, int, cute::tuple<int32_t, int32_t>>, cutlass::fmha::collective::CausalFusion>, cutlass::fmha::collective::FmhaFwdEpilogue<cutlass::float_e2m1_t, float, cute::tuple<cute::_64, cute::_32, cute::_128>>, cutlass::fmha::kernel::IndividualTileScheduler>]" at line 445 of /home/yanwa/workspace/cutlass/examples/120_hopper_fmha_sm120/88_hopper_fmha.cu
            instantiation of "ExampleResult FwdRunner<TileShape, DispatchPolicy, ActiveFusion, KernelOptions...>::run(const Options &, const cutlass::KernelHardwareInfo &) [with TileShape=cute::tuple<cute::_64, cute::_128, cute::_32>, DispatchPolicy=KernelCooperative, ActiveFusion=cutlass::fmha::collective::CausalFusion, KernelOptions=<>]" at line 960 of /home/yanwa/workspace/cutlass/examples/120_hopper_fmha_sm120/88_hopper_fmha.cu
            instantiation of "void run_fwd_32(Fusion, const Options &, const cutlass::KernelHardwareInfo &) [with Fusion=cutlass::fmha::collective::CausalFusion]" at line 1176 of /home/yanwa/workspace/cutlass/examples/120_hopper_fmha_sm120/88_hopper_fmha.cu

/home/yanwa/workspace/cutlass/examples/120_hopper_fmha_sm120/device/../kernel/fmha_kernel_tma_warpspecialized.hpp(59): error: class "cutlass::fmha::collective::FmhaMainloopTma<cutlass::float_e2m1_t, float, float, cute::tuple<cute::_128, cute::_64, cute::_32>, cute::tuple<int, cute::_1, cute::tuple<int32_t, int32_t>>, cute::tuple<int, cute::_1, cute::tuple<int32_t, int32_t>>, cute::tuple<cute::_1, int, cute::tuple<int32_t, int32_t>>, cutlass::fmha::collective::CausalFusion>" has no member "NumMmaWarpGroups"
    static constexpr int NumMmaWarpGroups = CollectiveMainloop::NumMmaWarpGroups;
                                                                ^
          detected during:
            instantiation of class "cutlass::fmha::kernel::FmhaKernelTmaWarpSpecialized<CollectiveMainloop, CollectiveEpilogue, TileScheduler, Options...> [with CollectiveMainloop=cutlass::fmha::collective::FmhaMainloopTma<cutlass::float_e2m1_t, float, float, cute::tuple<cute::_128, cute::_64, cute::_32>, cute::tuple<int, cute::_1, cute::tuple<int32_t, int32_t>>, cute::tuple<int, cute::_1, cute::tuple<int32_t, int32_t>>, cute::tuple<cute::_1, int, cute::tuple<int32_t, int32_t>>, cutlass::fmha::collective::CausalFusion>, CollectiveEpilogue=cutlass::fmha::collective::FmhaFwdEpilogue<cutlass::float_e2m1_t, float, cute::tuple<cute::_128, cute::_32, cute::_64>>, TileScheduler=cutlass::fmha::kernel::IndividualTileScheduler, Options=<>]" at line 70
            instantiation of class "cutlass::fmha::kernel::FmhaKernelTmaWarpSpecialized<CollectiveMainloop, CollectiveEpilogue, TileScheduler, Options...> [with CollectiveMainloop=cutlass::fmha::collective::FmhaMainloopTma<cutlass::float_e2m1_t, float, float, cute::tuple<cute::_128, cute::_64, cute::_32>, cute::tuple<int, cute::_1, cute::tuple<int32_t, int32_t>>, cute::tuple<int, cute::_1, cute::tuple<int32_t, int32_t>>, cute::tuple<cute::_1, int, cute::tuple<int32_t, int32_t>>, cutlass::fmha::collective::CausalFusion>, CollectiveEpilogue=cutlass::fmha::collective::FmhaFwdEpilogue<cutlass::float_e2m1_t, float, cute::tuple<cute::_128, cute::_32, cute::_64>>, TileScheduler=cutlass::fmha::kernel::IndividualTileScheduler, Options=<>]" at line 64 of /home/yanwa/workspace/cutlass/examples/120_hopper_fmha_sm120/device/../device/device_universal.hpp
            instantiation of class "cutlass::device::Universal<Kernel_> [with Kernel_=cutlass::fmha::kernel::FmhaKernelTmaWarpSpecialized<cutlass::fmha::collective::FmhaMainloopTma<cutlass::float_e2m1_t, float, float, cute::tuple<cute::_128, cute::_64, cute::_32>, cute::tuple<int, cute::_1, cute::tuple<int32_t, int32_t>>, cute::tuple<int, cute::_1, cute::tuple<int32_t, int32_t>>, cute::tuple<cute::_1, int, cute::tuple<int32_t, int32_t>>, cutlass::fmha::collective::CausalFusion>, cutlass::fmha::collective::FmhaFwdEpilogue<cutlass::float_e2m1_t, float, cute::tuple<cute::_128, cute::_32, cute::_64>>, cutlass::fmha::kernel::IndividualTileScheduler>]" at line 392 of /home/yanwa/workspace/cutlass/examples/120_hopper_fmha_sm120/88_hopper_fmha.cu
            instantiation of "void FwdRunner<TileShape, DispatchPolicy, ActiveFusion, KernelOptions...>::initialize(const FwdRunner<TileShape, DispatchPolicy, ActiveFusion, KernelOptions...>::ProblemShapeType &) [with TileShape=cute::tuple<cute::_128, cute::_64, cute::_32>, DispatchPolicy=KernelCooperative, ActiveFusion=cutlass::fmha::collective::CausalFusion, KernelOptions=<>]" at line 414 of /home/yanwa/workspace/cutlass/examples/120_hopper_fmha_sm120/88_hopper_fmha.cu
            instantiation of "ExampleResult FwdRunner<TileShape, DispatchPolicy, ActiveFusion, KernelOptions...>::run(const Options &, const cutlass::KernelHardwareInfo &) [with TileShape=cute::tuple<cute::_128, cute::_64, cute::_32>, DispatchPolicy=KernelCooperative, ActiveFusion=cutlass::fmha::collective::CausalFusion, KernelOptions=<>]" at line 961 of /home/yanwa/workspace/cutlass/examples/120_hopper_fmha_sm120/88_hopper_fmha.cu
            instantiation of "void run_fwd_32(Fusion, const Options &, const cutlass::KernelHardwareInfo &) [with Fusion=cutlass::fmha::collective::CausalFusion]" at line 1176 of /home/yanwa/workspace/cutlass/examples/120_hopper_fmha_sm120/88_hopper_fmha.cu

/home/yanwa/workspace/cutlass/examples/120_hopper_fmha_sm120/device/../kernel/fmha_kernel_tma_warpspecialized.hpp(80): error: class "cutlass::fmha::collective::FmhaMainloopTma<cutlass::float_e2m1_t, float, float, cute::tuple<cute::_128, cute::_64, cute::_32>, cute::tuple<int, cute::_1, cute::tuple<int32_t, int32_t>>, cute::tuple<int, cute::_1, cute::tuple<int32_t, int32_t>>, cute::tuple<cute::_1, int, cute::tuple<int32_t, int32_t>>, cutlass::fmha::collective::CausalFusion>" has no member "kIsPersistent"
    using TensorStorage = std::conditional_t<CollectiveMainloop::kIsPersistent, TensorStorageStruct, TensorStorageUnion>;
                                                                 ^
          detected during:
            instantiation of class "cutlass::fmha::kernel::FmhaKernelTmaWarpSpecialized<CollectiveMainloop, CollectiveEpilogue, TileScheduler, Options...> [with CollectiveMainloop=cutlass::fmha::collective::FmhaMainloopTma<cutlass::float_e2m1_t, float, float, cute::tuple<cute::_128, cute::_64, cute::_32>, cute::tuple<int, cute::_1, cute::tuple<int32_t, int32_t>>, cute::tuple<int, cute::_1, cute::tuple<int32_t, int32_t>>, cute::tuple<cute::_1, int, cute::tuple<int32_t, int32_t>>, cutlass::fmha::collective::CausalFusion>, CollectiveEpilogue=cutlass::fmha::collective::FmhaFwdEpilogue<cutlass::float_e2m1_t, float, cute::tuple<cute::_128, cute::_32, cute::_64>>, TileScheduler=cutlass::fmha::kernel::IndividualTileScheduler, Options=<>]" at line 64 of /home/yanwa/workspace/cutlass/examples/120_hopper_fmha_sm120/device/../device/device_universal.hpp
            instantiation of class "cutlass::device::Universal<Kernel_> [with Kernel_=cutlass::fmha::kernel::FmhaKernelTmaWarpSpecialized<cutlass::fmha::collective::FmhaMainloopTma<cutlass::float_e2m1_t, float, float, cute::tuple<cute::_128, cute::_64, cute::_32>, cute::tuple<int, cute::_1, cute::tuple<int32_t, int32_t>>, cute::tuple<int, cute::_1, cute::tuple<int32_t, int32_t>>, cute::tuple<cute::_1, int, cute::tuple<int32_t, int32_t>>, cutlass::fmha::collective::CausalFusion>, cutlass::fmha::collective::FmhaFwdEpilogue<cutlass::float_e2m1_t, float, cute::tuple<cute::_128, cute::_32, cute::_64>>, cutlass::fmha::kernel::IndividualTileScheduler>]" at line 392 of /home/yanwa/workspace/cutlass/examples/120_hopper_fmha_sm120/88_hopper_fmha.cu
            instantiation of "void FwdRunner<TileShape, DispatchPolicy, ActiveFusion, KernelOptions...>::initialize(const FwdRunner<TileShape, DispatchPolicy, ActiveFusion, KernelOptions...>::ProblemShapeType &) [with TileShape=cute::tuple<cute::_128, cute::_64, cute::_32>, DispatchPolicy=KernelCooperative, ActiveFusion=cutlass::fmha::collective::CausalFusion, KernelOptions=<>]" at line 414 of /home/yanwa/workspace/cutlass/examples/120_hopper_fmha_sm120/88_hopper_fmha.cu
            instantiation of "ExampleResult FwdRunner<TileShape, DispatchPolicy, ActiveFusion, KernelOptions...>::run(const Options &, const cutlass::KernelHardwareInfo &) [with TileShape=cute::tuple<cute::_128, cute::_64, cute::_32>, DispatchPolicy=KernelCooperative, ActiveFusion=cutlass::fmha::collective::CausalFusion, KernelOptions=<>]" at line 961 of /home/yanwa/workspace/cutlass/examples/120_hopper_fmha_sm120/88_hopper_fmha.cu
            instantiation of "void run_fwd_32(Fusion, const Options &, const cutlass::KernelHardwareInfo &) [with Fusion=cutlass::fmha::collective::CausalFusion]" at line 1176 of /home/yanwa/workspace/cutlass/examples/120_hopper_fmha_sm120/88_hopper_fmha.cu

/home/yanwa/workspace/cutlass/examples/120_hopper_fmha_sm120/88_hopper_fmha.cu(392): error: name followed by "::" must be a class or namespace name
      using Sm1xxBlkScaledConfig = typename Operation::GemmKernel::CollectiveMainloop::Sm1xxBlkScaledConfig;
                                                       ^
          detected during:
            instantiation of "void FwdRunner<TileShape, DispatchPolicy, ActiveFusion, KernelOptions...>::initialize(const FwdRunner<TileShape, DispatchPolicy, ActiveFusion, KernelOptions...>::ProblemShapeType &) [with TileShape=cute::tuple<cute::_128, cute::_64, cute::_32>, DispatchPolicy=KernelCooperative, ActiveFusion=cutlass::fmha::collective::CausalFusion, KernelOptions=<>]" at line 414
            instantiation of "ExampleResult FwdRunner<TileShape, DispatchPolicy, ActiveFusion, KernelOptions...>::run(const Options &, const cutlass::KernelHardwareInfo &) [with TileShape=cute::tuple<cute::_128, cute::_64, cute::_32>, DispatchPolicy=KernelCooperative, ActiveFusion=cutlass::fmha::collective::CausalFusion, KernelOptions=<>]" at line 961
            instantiation of "void run_fwd_32(Fusion, const Options &, const cutlass::KernelHardwareInfo &) [with Fusion=cutlass::fmha::collective::CausalFusion]" at line 1176

/home/yanwa/workspace/cutlass/examples/120_hopper_fmha_sm120/88_hopper_fmha.cu(393): error: name followed by "::" must be a class or namespace name
      auto layout_SFQ = Sm1xxBlkScaledConfig::tile_atom_to_shape_SFA(cute::make_shape(Q, K, D, 1));
                        ^
          detected during:
            instantiation of "void FwdRunner<TileShape, DispatchPolicy, ActiveFusion, KernelOptions...>::initialize(const FwdRunner<TileShape, DispatchPolicy, ActiveFusion, KernelOptions...>::ProblemShapeType &) [with TileShape=cute::tuple<cute::_128, cute::_64, cute::_32>, DispatchPolicy=KernelCooperative, ActiveFusion=cutlass::fmha::collective::CausalFusion, KernelOptions=<>]" at line 414
            instantiation of "ExampleResult FwdRunner<TileShape, DispatchPolicy, ActiveFusion, KernelOptions...>::run(const Options &, const cutlass::KernelHardwareInfo &) [with TileShape=cute::tuple<cute::_128, cute::_64, cute::_32>, DispatchPolicy=KernelCooperative, ActiveFusion=cutlass::fmha::collective::CausalFusion, KernelOptions=<>]" at line 961
            instantiation of "void run_fwd_32(Fusion, const Options &, const cutlass::KernelHardwareInfo &) [with Fusion=cutlass::fmha::collective::CausalFusion]" at line 1176

/home/yanwa/workspace/cutlass/examples/120_hopper_fmha_sm120/88_hopper_fmha.cu(394): error: name followed by "::" must be a class or namespace name
      auto layout_SFK = Sm1xxBlkScaledConfig::tile_atom_to_shape_SFB(cute::make_shape(Q, K, D, 1));
                        ^
          detected during:
            instantiation of "void FwdRunner<TileShape, DispatchPolicy, ActiveFusion, KernelOptions...>::initialize(const FwdRunner<TileShape, DispatchPolicy, ActiveFusion, KernelOptions...>::ProblemShapeType &) [with TileShape=cute::tuple<cute::_128, cute::_64, cute::_32>, DispatchPolicy=KernelCooperative, ActiveFusion=cutlass::fmha::collective::CausalFusion, KernelOptions=<>]" at line 414
            instantiation of "ExampleResult FwdRunner<TileShape, DispatchPolicy, ActiveFusion, KernelOptions...>::run(const Options &, const cutlass::KernelHardwareInfo &) [with TileShape=cute::tuple<cute::_128, cute::_64, cute::_32>, DispatchPolicy=KernelCooperative, ActiveFusion=cutlass::fmha::collective::CausalFusion, KernelOptions=<>]" at line 961
            instantiation of "void run_fwd_32(Fusion, const Options &, const cutlass::KernelHardwareInfo &) [with Fusion=cutlass::fmha::collective::CausalFusion]" at line 1176

/home/yanwa/workspace/cutlass/examples/120_hopper_fmha_sm120/88_hopper_fmha.cu(395): error: name followed by "::" must be a class or namespace name
      auto layout_SFV = Sm1xxBlkScaledConfig::tile_atom_to_shape_SFB(cute::make_shape(Q, K, D, 1));
                        ^
          detected during:
            instantiation of "void FwdRunner<TileShape, DispatchPolicy, ActiveFusion, KernelOptions...>::initialize(const FwdRunner<TileShape, DispatchPolicy, ActiveFusion, KernelOptions...>::ProblemShapeType &) [with TileShape=cute::tuple<cute::_128, cute::_64, cute::_32>, DispatchPolicy=KernelCooperative, ActiveFusion=cutlass::fmha::collective::CausalFusion, KernelOptions=<>]" at line 414
            instantiation of "ExampleResult FwdRunner<TileShape, DispatchPolicy, ActiveFusion, KernelOptions...>::run(const Options &, const cutlass::KernelHardwareInfo &) [with TileShape=cute::tuple<cute::_128, cute::_64, cute::_32>, DispatchPolicy=KernelCooperative, ActiveFusion=cutlass::fmha::collective::CausalFusion, KernelOptions=<>]" at line 961
            instantiation of "void run_fwd_32(Fusion, const Options &, const cutlass::KernelHardwareInfo &) [with Fusion=cutlass::fmha::collective::CausalFusion]" at line 1176

/home/yanwa/workspace/cutlass/examples/120_hopper_fmha_sm120/88_hopper_fmha.cu(421): error: a value of type "cutlass::nv_float4_t<cutlass::float_e2m1_t>::ScaleFactorType *" (aka "cutlass::float_ue4m3_t *") cannot be used to initialize an entity of type "float"
          block_SFQ.get(), stride_Q,
          ^
          detected during:
            instantiation of "ExampleResult FwdRunner<TileShape, DispatchPolicy, ActiveFusion, KernelOptions...>::run(const Options &, const cutlass::KernelHardwareInfo &) [with TileShape=cute::tuple<cute::_128, cute::_64, cute::_32>, DispatchPolicy=KernelCooperative, ActiveFusion=cutlass::fmha::collective::CausalFusion, KernelOptions=<>]" at line 961
            instantiation of "void run_fwd_32(Fusion, const Options &, const cutlass::KernelHardwareInfo &) [with Fusion=cutlass::fmha::collective::CausalFusion]" at line 1176

/home/yanwa/workspace/cutlass/examples/120_hopper_fmha_sm120/88_hopper_fmha.cu(421): error: no suitable conversion function from "FwdRunner<cute::Shape<cute::_128, cute::_64, cute::_32>, KernelCooperative, cutlass::fmha::collective::CausalFusion>::StrideQ" (aka "cute::tuple<int, cute::C<1>, cute::tuple<signed int, signed int>>") to "float" exists
          block_SFQ.get(), stride_Q,
                           ^
          detected during:
            instantiation of "ExampleResult FwdRunner<TileShape, DispatchPolicy, ActiveFusion, KernelOptions...>::run(const Options &, const cutlass::KernelHardwareInfo &) [with TileShape=cute::tuple<cute::_128, cute::_64, cute::_32>, DispatchPolicy=KernelCooperative, ActiveFusion=cutlass::fmha::collective::CausalFusion, KernelOptions=<>]" at line 961
            instantiation of "void run_fwd_32(Fusion, const Options &, const cutlass::KernelHardwareInfo &) [with Fusion=cutlass::fmha::collective::CausalFusion]" at line 1176

/home/yanwa/workspace/cutlass/examples/120_hopper_fmha_sm120/88_hopper_fmha.cu(422): error: a value of type "cutlass::nv_float4_t<cutlass::float_e2m1_t>::ScaleFactorType *" (aka "cutlass::float_ue4m3_t *") cannot be used to initialize an entity of type "float"
          block_SFK.get(), stride_K,
          ^
          detected during:
            instantiation of "ExampleResult FwdRunner<TileShape, DispatchPolicy, ActiveFusion, KernelOptions...>::run(const Options &, const cutlass::KernelHardwareInfo &) [with TileShape=cute::tuple<cute::_128, cute::_64, cute::_32>, DispatchPolicy=KernelCooperative, ActiveFusion=cutlass::fmha::collective::CausalFusion, KernelOptions=<>]" at line 961
            instantiation of "void run_fwd_32(Fusion, const Options &, const cutlass::KernelHardwareInfo &) [with Fusion=cutlass::fmha::collective::CausalFusion]" at line 1176

/home/yanwa/workspace/cutlass/examples/120_hopper_fmha_sm120/88_hopper_fmha.cu(422): error: too many initializer values
          block_SFK.get(), stride_K,
                           ^
          detected during:
            instantiation of "ExampleResult FwdRunner<TileShape, DispatchPolicy, ActiveFusion, KernelOptions...>::run(const Options &, const cutlass::KernelHardwareInfo &) [with TileShape=cute::tuple<cute::_128, cute::_64, cute::_32>, DispatchPolicy=KernelCooperative, ActiveFusion=cutlass::fmha::collective::CausalFusion, KernelOptions=<>]" at line 961
            instantiation of "void run_fwd_32(Fusion, const Options &, const cutlass::KernelHardwareInfo &) [with Fusion=cutlass::fmha::collective::CausalFusion]" at line 1176

/home/yanwa/workspace/cutlass/examples/120_hopper_fmha_sm120/device/../kernel/fmha_kernel_tma_warpspecialized.hpp(201): error: class "cutlass::fmha::collective::FmhaMainloopTma<cutlass::float_e2m1_t, float, float, cute::tuple<cute::_128, cute::_64, cute::_32>, cute::tuple<int, cute::_1, cute::tuple<int32_t, int32_t>>, cute::tuple<int, cute::_1, cute::tuple<int32_t, int32_t>>, cute::tuple<cute::_1, int, cute::tuple<int32_t, int32_t>>, cutlass::fmha::collective::CausalFusion>" has no member "kOuterLoadBytes"
      pipeline_params_outer.transaction_bytes = CollectiveMainloop::kOuterLoadBytes;
                                                                    ^
          detected during:
            instantiation of "void cutlass::fmha::kernel::FmhaKernelTmaWarpSpecialized<CollectiveMainloop, CollectiveEpilogue, TileScheduler, Options...>::operator()(const cutlass::fmha::kernel::FmhaKernelTmaWarpSpecialized<CollectiveMainloop, CollectiveEpilogue, TileScheduler, Options...>::Params &, char *) [with CollectiveMainloop=cutlass::fmha::collective::FmhaMainloopTma<cutlass::float_e2m1_t, float, float, cute::tuple<cute::_128, cute::_64, cute::_32>, cute::tuple<int, cute::_1, cute::tuple<int32_t, int32_t>>, cute::tuple<int, cute::_1, cute::tuple<int32_t, int32_t>>, cute::tuple<cute::_1, int, cute::tuple<int32_t, int32_t>>, cutlass::fmha::collective::CausalFusion>, CollectiveEpilogue=cutlass::fmha::collective::FmhaFwdEpilogue<cutlass::float_e2m1_t, float, cute::tuple<cute::_128, cute::_32, cute::_64>>, TileScheduler=cutlass::fmha::kernel::IndividualTileScheduler, Options=<>]" at line 123 of /home/yanwa/workspace/cutlass/include/cutlass/device_kernel.h
            instantiation of "void cutlass::device_kernel<Operator>(Operator::Params) [with Operator=cutlass::fmha::kernel::FmhaKernelTmaWarpSpecialized<cutlass::fmha::collective::FmhaMainloopTma<cutlass::float_e2m1_t, float, float, cute::tuple<cute::_128, cute::_64, cute::_32>, cute::tuple<int, cute::_1, cute::tuple<int32_t, int32_t>>, cute::tuple<int, cute::_1, cute::tuple<int32_t, int32_t>>, cute::tuple<cute::_1, int, cute::tuple<int32_t, int32_t>>, cutlass::fmha::collective::CausalFusion>, cutlass::fmha::collective::FmhaFwdEpilogue<cutlass::float_e2m1_t, float, cute::tuple<cute::_128, cute::_32, cute::_64>>, cutlass::fmha::kernel::IndividualTileScheduler>]" at line 177 of /home/yanwa/workspace/cutlass/examples/120_hopper_fmha_sm120/device/../device/device_universal.hpp
            instantiation of "cutlass::Status cutlass::device::Universal<Kernel_>::initialize(const cutlass::device::Universal<Kernel_>::Arguments &, void *, cudaStream_t) [with Kernel_=cutlass::fmha::kernel::FmhaKernelTmaWarpSpecialized<cutlass::fmha::collective::FmhaMainloopTma<cutlass::float_e2m1_t, float, float, cute::tuple<cute::_128, cute::_64, cute::_32>, cute::tuple<int, cute::_1, cute::tuple<int32_t, int32_t>>, cute::tuple<int, cute::_1, cute::tuple<int32_t, int32_t>>, cute::tuple<cute::_1, int, cute::tuple<int32_t, int32_t>>, cutlass::fmha::collective::CausalFusion>, cutlass::fmha::collective::FmhaFwdEpilogue<cutlass::float_e2m1_t, float, cute::tuple<cute::_128, cute::_32, cute::_64>>, cutlass::fmha::kernel::IndividualTileScheduler>]" at line 445 of /home/yanwa/workspace/cutlass/examples/120_hopper_fmha_sm120/88_hopper_fmha.cu
            instantiation of "ExampleResult FwdRunner<TileShape, DispatchPolicy, ActiveFusion, KernelOptions...>::run(const Options &, const cutlass::KernelHardwareInfo &) [with TileShape=cute::tuple<cute::_128, cute::_64, cute::_32>, DispatchPolicy=KernelCooperative, ActiveFusion=cutlass::fmha::collective::CausalFusion, KernelOptions=<>]" at line 961 of /home/yanwa/workspace/cutlass/examples/120_hopper_fmha_sm120/88_hopper_fmha.cu
            instantiation of "void run_fwd_32(Fusion, const Options &, const cutlass::KernelHardwareInfo &) [with Fusion=cutlass::fmha::collective::CausalFusion]" at line 1176 of /home/yanwa/workspace/cutlass/examples/120_hopper_fmha_sm120/88_hopper_fmha.cu

/home/yanwa/workspace/cutlass/examples/120_hopper_fmha_sm120/device/../kernel/fmha_kernel_tma_warpspecialized.hpp(206): error: class "cutlass::fmha::collective::FmhaMainloopTma<cutlass::float_e2m1_t, float, float, cute::tuple<cute::_128, cute::_64, cute::_32>, cute::tuple<int, cute::_1, cute::tuple<int32_t, int32_t>>, cute::tuple<int, cute::_1, cute::tuple<int32_t, int32_t>>, cute::tuple<cute::_1, int, cute::tuple<int32_t, int32_t>>, cutlass::fmha::collective::CausalFusion>" has no member "kInnerLoadBytes"
      pipeline_params_inner.transaction_bytes = CollectiveMainloop::kInnerLoadBytes;
                                                                    ^
          detected during:
            instantiation of "void cutlass::fmha::kernel::FmhaKernelTmaWarpSpecialized<CollectiveMainloop, CollectiveEpilogue, TileScheduler, Options...>::operator()(const cutlass::fmha::kernel::FmhaKernelTmaWarpSpecialized<CollectiveMainloop, CollectiveEpilogue, TileScheduler, Options...>::Params &, char *) [with CollectiveMainloop=cutlass::fmha::collective::FmhaMainloopTma<cutlass::float_e2m1_t, float, float, cute::tuple<cute::_128, cute::_64, cute::_32>, cute::tuple<int, cute::_1, cute::tuple<int32_t, int32_t>>, cute::tuple<int, cute::_1, cute::tuple<int32_t, int32_t>>, cute::tuple<cute::_1, int, cute::tuple<int32_t, int32_t>>, cutlass::fmha::collective::CausalFusion>, CollectiveEpilogue=cutlass::fmha::collective::FmhaFwdEpilogue<cutlass::float_e2m1_t, float, cute::tuple<cute::_128, cute::_32, cute::_64>>, TileScheduler=cutlass::fmha::kernel::IndividualTileScheduler, Options=<>]" at line 123 of /home/yanwa/workspace/cutlass/include/cutlass/device_kernel.h
            instantiation of "void cutlass::device_kernel<Operator>(Operator::Params) [with Operator=cutlass::fmha::kernel::FmhaKernelTmaWarpSpecialized<cutlass::fmha::collective::FmhaMainloopTma<cutlass::float_e2m1_t, float, float, cute::tuple<cute::_128, cute::_64, cute::_32>, cute::tuple<int, cute::_1, cute::tuple<int32_t, int32_t>>, cute::tuple<int, cute::_1, cute::tuple<int32_t, int32_t>>, cute::tuple<cute::_1, int, cute::tuple<int32_t, int32_t>>, cutlass::fmha::collective::CausalFusion>, cutlass::fmha::collective::FmhaFwdEpilogue<cutlass::float_e2m1_t, float, cute::tuple<cute::_128, cute::_32, cute::_64>>, cutlass::fmha::kernel::IndividualTileScheduler>]" at line 177 of /home/yanwa/workspace/cutlass/examples/120_hopper_fmha_sm120/device/../device/device_universal.hpp
            instantiation of "cutlass::Status cutlass::device::Universal<Kernel_>::initialize(const cutlass::device::Universal<Kernel_>::Arguments &, void *, cudaStream_t) [with Kernel_=cutlass::fmha::kernel::FmhaKernelTmaWarpSpecialized<cutlass::fmha::collective::FmhaMainloopTma<cutlass::float_e2m1_t, float, float, cute::tuple<cute::_128, cute::_64, cute::_32>, cute::tuple<int, cute::_1, cute::tuple<int32_t, int32_t>>, cute::tuple<int, cute::_1, cute::tuple<int32_t, int32_t>>, cute::tuple<cute::_1, int, cute::tuple<int32_t, int32_t>>, cutlass::fmha::collective::CausalFusion>, cutlass::fmha::collective::FmhaFwdEpilogue<cutlass::float_e2m1_t, float, cute::tuple<cute::_128, cute::_32, cute::_64>>, cutlass::fmha::kernel::IndividualTileScheduler>]" at line 445 of /home/yanwa/workspace/cutlass/examples/120_hopper_fmha_sm120/88_hopper_fmha.cu
            instantiation of "ExampleResult FwdRunner<TileShape, DispatchPolicy, ActiveFusion, KernelOptions...>::run(const Options &, const cutlass::KernelHardwareInfo &) [with TileShape=cute::tuple<cute::_128, cute::_64, cute::_32>, DispatchPolicy=KernelCooperative, ActiveFusion=cutlass::fmha::collective::CausalFusion, KernelOptions=<>]" at line 961 of /home/yanwa/workspace/cutlass/examples/120_hopper_fmha_sm120/88_hopper_fmha.cu
            instantiation of "void run_fwd_32(Fusion, const Options &, const cutlass::KernelHardwareInfo &) [with Fusion=cutlass::fmha::collective::CausalFusion]" at line 1176 of /home/yanwa/workspace/cutlass/examples/120_hopper_fmha_sm120/88_hopper_fmha.cu

/home/yanwa/workspace/cutlass/examples/120_hopper_fmha_sm120/device/../kernel/fmha_kernel_tma_warpspecialized.hpp(297): error: class "cutlass::fmha::collective::FmhaMainloopTma<cutlass::float_e2m1_t, float, float, cute::tuple<cute::_128, cute::_64, cute::_32>, cute::tuple<int, cute::_1, cute::tuple<int32_t, int32_t>>, cute::tuple<int, cute::_1, cute::tuple<int32_t, int32_t>>, cute::tuple<cute::_1, int, cute::tuple<int32_t, int32_t>>, cutlass::fmha::collective::CausalFusion>" has no member "load_kv_maybe_q"
            collective_mainloop.template load_kv_maybe_q<!kLoadsQSeparately>(
                                         ^
          detected during:
            instantiation of "void cutlass::fmha::kernel::FmhaKernelTmaWarpSpecialized<CollectiveMainloop, CollectiveEpilogue, TileScheduler, Options...>::operator()(const cutlass::fmha::kernel::FmhaKernelTmaWarpSpecialized<CollectiveMainloop, CollectiveEpilogue, TileScheduler, Options...>::Params &, char *) [with CollectiveMainloop=cutlass::fmha::collective::FmhaMainloopTma<cutlass::float_e2m1_t, float, float, cute::tuple<cute::_128, cute::_64, cute::_32>, cute::tuple<int, cute::_1, cute::tuple<int32_t, int32_t>>, cute::tuple<int, cute::_1, cute::tuple<int32_t, int32_t>>, cute::tuple<cute::_1, int, cute::tuple<int32_t, int32_t>>, cutlass::fmha::collective::CausalFusion>, CollectiveEpilogue=cutlass::fmha::collective::FmhaFwdEpilogue<cutlass::float_e2m1_t, float, cute::tuple<cute::_128, cute::_32, cute::_64>>, TileScheduler=cutlass::fmha::kernel::IndividualTileScheduler, Options=<>]" at line 123 of /home/yanwa/workspace/cutlass/include/cutlass/device_kernel.h
            instantiation of "void cutlass::device_kernel<Operator>(Operator::Params) [with Operator=cutlass::fmha::kernel::FmhaKernelTmaWarpSpecialized<cutlass::fmha::collective::FmhaMainloopTma<cutlass::float_e2m1_t, float, float, cute::tuple<cute::_128, cute::_64, cute::_32>, cute::tuple<int, cute::_1, cute::tuple<int32_t, int32_t>>, cute::tuple<int, cute::_1, cute::tuple<int32_t, int32_t>>, cute::tuple<cute::_1, int, cute::tuple<int32_t, int32_t>>, cutlass::fmha::collective::CausalFusion>, cutlass::fmha::collective::FmhaFwdEpilogue<cutlass::float_e2m1_t, float, cute::tuple<cute::_128, cute::_32, cute::_64>>, cutlass::fmha::kernel::IndividualTileScheduler>]" at line 177 of /home/yanwa/workspace/cutlass/examples/120_hopper_fmha_sm120/device/../device/device_universal.hpp
            instantiation of "cutlass::Status cutlass::device::Universal<Kernel_>::initialize(const cutlass::device::Universal<Kernel_>::Arguments &, void *, cudaStream_t) [with Kernel_=cutlass::fmha::kernel::FmhaKernelTmaWarpSpecialized<cutlass::fmha::collective::FmhaMainloopTma<cutlass::float_e2m1_t, float, float, cute::tuple<cute::_128, cute::_64, cute::_32>, cute::tuple<int, cute::_1, cute::tuple<int32_t, int32_t>>, cute::tuple<int, cute::_1, cute::tuple<int32_t, int32_t>>, cute::tuple<cute::_1, int, cute::tuple<int32_t, int32_t>>, cutlass::fmha::collective::CausalFusion>, cutlass::fmha::collective::FmhaFwdEpilogue<cutlass::float_e2m1_t, float, cute::tuple<cute::_128, cute::_32, cute::_64>>, cutlass::fmha::kernel::IndividualTileScheduler>]" at line 445 of /home/yanwa/workspace/cutlass/examples/120_hopper_fmha_sm120/88_hopper_fmha.cu
            instantiation of "ExampleResult FwdRunner<TileShape, DispatchPolicy, ActiveFusion, KernelOptions...>::run(const Options &, const cutlass::KernelHardwareInfo &) [with TileShape=cute::tuple<cute::_128, cute::_64, cute::_32>, DispatchPolicy=KernelCooperative, ActiveFusion=cutlass::fmha::collective::CausalFusion, KernelOptions=<>]" at line 961 of /home/yanwa/workspace/cutlass/examples/120_hopper_fmha_sm120/88_hopper_fmha.cu
            instantiation of "void run_fwd_32(Fusion, const Options &, const cutlass::KernelHardwareInfo &) [with Fusion=cutlass::fmha::collective::CausalFusion]" at line 1176 of /home/yanwa/workspace/cutlass/examples/120_hopper_fmha_sm120/88_hopper_fmha.cu

/home/yanwa/workspace/cutlass/examples/120_hopper_fmha_sm120/device/../kernel/fmha_kernel_tma_warpspecialized.hpp(298): warning #174-D: expression has no effect
              block_rank_in_cluster,
              ^
          detected during:
            instantiation of "void cutlass::fmha::kernel::FmhaKernelTmaWarpSpecialized<CollectiveMainloop, CollectiveEpilogue, TileScheduler, Options...>::operator()(const cutlass::fmha::kernel::FmhaKernelTmaWarpSpecialized<CollectiveMainloop, CollectiveEpilogue, TileScheduler, Options...>::Params &, char *) [with CollectiveMainloop=cutlass::fmha::collective::FmhaMainloopTma<cutlass::float_e2m1_t, float, float, cute::tuple<cute::_128, cute::_64, cute::_32>, cute::tuple<int, cute::_1, cute::tuple<int32_t, int32_t>>, cute::tuple<int, cute::_1, cute::tuple<int32_t, int32_t>>, cute::tuple<cute::_1, int, cute::tuple<int32_t, int32_t>>, cutlass::fmha::collective::CausalFusion>, CollectiveEpilogue=cutlass::fmha::collective::FmhaFwdEpilogue<cutlass::float_e2m1_t, float, cute::tuple<cute::_128, cute::_32, cute::_64>>, TileScheduler=cutlass::fmha::kernel::IndividualTileScheduler, Options=<>]" at line 123 of /home/yanwa/workspace/cutlass/include/cutlass/device_kernel.h
            instantiation of "void cutlass::device_kernel<Operator>(Operator::Params) [with Operator=cutlass::fmha::kernel::FmhaKernelTmaWarpSpecialized<cutlass::fmha::collective::FmhaMainloopTma<cutlass::float_e2m1_t, float, float, cute::tuple<cute::_128, cute::_64, cute::_32>, cute::tuple<int, cute::_1, cute::tuple<int32_t, int32_t>>, cute::tuple<int, cute::_1, cute::tuple<int32_t, int32_t>>, cute::tuple<cute::_1, int, cute::tuple<int32_t, int32_t>>, cutlass::fmha::collective::CausalFusion>, cutlass::fmha::collective::FmhaFwdEpilogue<cutlass::float_e2m1_t, float, cute::tuple<cute::_128, cute::_32, cute::_64>>, cutlass::fmha::kernel::IndividualTileScheduler>]" at line 177 of /home/yanwa/workspace/cutlass/examples/120_hopper_fmha_sm120/device/../device/device_universal.hpp
            instantiation of "cutlass::Status cutlass::device::Universal<Kernel_>::initialize(const cutlass::device::Universal<Kernel_>::Arguments &, void *, cudaStream_t) [with Kernel_=cutlass::fmha::kernel::FmhaKernelTmaWarpSpecialized<cutlass::fmha::collective::FmhaMainloopTma<cutlass::float_e2m1_t, float, float, cute::tuple<cute::_128, cute::_64, cute::_32>, cute::tuple<int, cute::_1, cute::tuple<int32_t, int32_t>>, cute::tuple<int, cute::_1, cute::tuple<int32_t, int32_t>>, cute::tuple<cute::_1, int, cute::tuple<int32_t, int32_t>>, cutlass::fmha::collective::CausalFusion>, cutlass::fmha::collective::FmhaFwdEpilogue<cutlass::float_e2m1_t, float, cute::tuple<cute::_128, cute::_32, cute::_64>>, cutlass::fmha::kernel::IndividualTileScheduler>]" at line 445 of /home/yanwa/workspace/cutlass/examples/120_hopper_fmha_sm120/88_hopper_fmha.cu
            instantiation of "ExampleResult FwdRunner<TileShape, DispatchPolicy, ActiveFusion, KernelOptions...>::run(const Options &, const cutlass::KernelHardwareInfo &) [with TileShape=cute::tuple<cute::_128, cute::_64, cute::_32>, DispatchPolicy=KernelCooperative, ActiveFusion=cutlass::fmha::collective::CausalFusion, KernelOptions=<>]" at line 961 of /home/yanwa/workspace/cutlass/examples/120_hopper_fmha_sm120/88_hopper_fmha.cu
            instantiation of "void run_fwd_32(Fusion, const Options &, const cutlass::KernelHardwareInfo &) [with Fusion=cutlass::fmha::collective::CausalFusion]" at line 1176 of /home/yanwa/workspace/cutlass/examples/120_hopper_fmha_sm120/88_hopper_fmha.cu

/home/yanwa/workspace/cutlass/examples/120_hopper_fmha_sm120/device/../kernel/fmha_kernel_tma_warpspecialized.hpp(298): warning #174-D: expression has no effect
              block_rank_in_cluster,
              ^
          detected during:
            instantiation of "void cutlass::fmha::kernel::FmhaKernelTmaWarpSpecialized<CollectiveMainloop, CollectiveEpilogue, TileScheduler, Options...>::operator()(const cutlass::fmha::kernel::FmhaKernelTmaWarpSpecialized<CollectiveMainloop, CollectiveEpilogue, TileScheduler, Options...>::Params &, char *) [with CollectiveMainloop=cutlass::fmha::collective::FmhaMainloopTma<cutlass::float_e2m1_t, float, float, cute::tuple<cute::_128, cute::_64, cute::_32>, cute::tuple<int, cute::_1, cute::tuple<int32_t, int32_t>>, cute::tuple<int, cute::_1, cute::tuple<int32_t, int32_t>>, cute::tuple<cute::_1, int, cute::tuple<int32_t, int32_t>>, cutlass::fmha::collective::CausalFusion>, CollectiveEpilogue=cutlass::fmha::collective::FmhaFwdEpilogue<cutlass::float_e2m1_t, float, cute::tuple<cute::_128, cute::_32, cute::_64>>, TileScheduler=cutlass::fmha::kernel::IndividualTileScheduler, Options=<>]" at line 123 of /home/yanwa/workspace/cutlass/include/cutlass/device_kernel.h
            instantiation of "void cutlass::device_kernel<Operator>(Operator::Params) [with Operator=cutlass::fmha::kernel::FmhaKernelTmaWarpSpecialized<cutlass::fmha::collective::FmhaMainloopTma<cutlass::float_e2m1_t, float, float, cute::tuple<cute::_128, cute::_64, cute::_32>, cute::tuple<int, cute::_1, cute::tuple<int32_t, int32_t>>, cute::tuple<int, cute::_1, cute::tuple<int32_t, int32_t>>, cute::tuple<cute::_1, int, cute::tuple<int32_t, int32_t>>, cutlass::fmha::collective::CausalFusion>, cutlass::fmha::collective::FmhaFwdEpilogue<cutlass::float_e2m1_t, float, cute::tuple<cute::_128, cute::_32, cute::_64>>, cutlass::fmha::kernel::IndividualTileScheduler>]" at line 177 of /home/yanwa/workspace/cutlass/examples/120_hopper_fmha_sm120/device/../device/device_universal.hpp
            instantiation of "cutlass::Status cutlass::device::Universal<Kernel_>::initialize(const cutlass::device::Universal<Kernel_>::Arguments &, void *, cudaStream_t) [with Kernel_=cutlass::fmha::kernel::FmhaKernelTmaWarpSpecialized<cutlass::fmha::collective::FmhaMainloopTma<cutlass::float_e2m1_t, float, float, cute::tuple<cute::_128, cute::_64, cute::_32>, cute::tuple<int, cute::_1, cute::tuple<int32_t, int32_t>>, cute::tuple<int, cute::_1, cute::tuple<int32_t, int32_t>>, cute::tuple<cute::_1, int, cute::tuple<int32_t, int32_t>>, cutlass::fmha::collective::CausalFusion>, cutlass::fmha::collective::FmhaFwdEpilogue<cutlass::float_e2m1_t, float, cute::tuple<cute::_128, cute::_32, cute::_64>>, cutlass::fmha::kernel::IndividualTileScheduler>]" at line 445 of /home/yanwa/workspace/cutlass/examples/120_hopper_fmha_sm120/88_hopper_fmha.cu
            instantiation of "ExampleResult FwdRunner<TileShape, DispatchPolicy, ActiveFusion, KernelOptions...>::run(const Options &, const cutlass::KernelHardwareInfo &) [with TileShape=cute::tuple<cute::_128, cute::_64, cute::_32>, DispatchPolicy=KernelCooperative, ActiveFusion=cutlass::fmha::collective::CausalFusion, KernelOptions=<>]" at line 961 of /home/yanwa/workspace/cutlass/examples/120_hopper_fmha_sm120/88_hopper_fmha.cu
            instantiation of "void run_fwd_32(Fusion, const Options &, const cutlass::KernelHardwareInfo &) [with Fusion=cutlass::fmha::collective::CausalFusion]" at line 1176 of /home/yanwa/workspace/cutlass/examples/120_hopper_fmha_sm120/88_hopper_fmha.cu

/home/yanwa/workspace/cutlass/examples/120_hopper_fmha_sm120/device/../kernel/fmha_kernel_tma_warpspecialized.hpp(298): warning #174-D: expression has no effect
              block_rank_in_cluster,
              ^
          detected during:
            instantiation of "void cutlass::fmha::kernel::FmhaKernelTmaWarpSpecialized<CollectiveMainloop, CollectiveEpilogue, TileScheduler, Options...>::operator()(const cutlass::fmha::kernel::FmhaKernelTmaWarpSpecialized<CollectiveMainloop, CollectiveEpilogue, TileScheduler, Options...>::Params &, char *) [with CollectiveMainloop=cutlass::fmha::collective::FmhaMainloopTma<cutlass::float_e2m1_t, float, float, cute::tuple<cute::_128, cute::_64, cute::_32>, cute::tuple<int, cute::_1, cute::tuple<int32_t, int32_t>>, cute::tuple<int, cute::_1, cute::tuple<int32_t, int32_t>>, cute::tuple<cute::_1, int, cute::tuple<int32_t, int32_t>>, cutlass::fmha::collective::CausalFusion>, CollectiveEpilogue=cutlass::fmha::collective::FmhaFwdEpilogue<cutlass::float_e2m1_t, float, cute::tuple<cute::_128, cute::_32, cute::_64>>, TileScheduler=cutlass::fmha::kernel::IndividualTileScheduler, Options=<>]" at line 123 of /home/yanwa/workspace/cutlass/include/cutlass/device_kernel.h
            instantiation of "void cutlass::device_kernel<Operator>(Operator::Params) [with Operator=cutlass::fmha::kernel::FmhaKernelTmaWarpSpecialized<cutlass::fmha::collective::FmhaMainloopTma<cutlass::float_e2m1_t, float, float, cute::tuple<cute::_128, cute::_64, cute::_32>, cute::tuple<int, cute::_1, cute::tuple<int32_t, int32_t>>, cute::tuple<int, cute::_1, cute::tuple<int32_t, int32_t>>, cute::tuple<cute::_1, int, cute::tuple<int32_t, int32_t>>, cutlass::fmha::collective::CausalFusion>, cutlass::fmha::collective::FmhaFwdEpilogue<cutlass::float_e2m1_t, float, cute::tuple<cute::_128, cute::_32, cute::_64>>, cutlass::fmha::kernel::IndividualTileScheduler>]" at line 177 of /home/yanwa/workspace/cutlass/examples/120_hopper_fmha_sm120/device/../device/device_universal.hpp
            instantiation of "cutlass::Status cutlass::device::Universal<Kernel_>::initialize(const cutlass::device::Universal<Kernel_>::Arguments &, void *, cudaStream_t) [with Kernel_=cutlass::fmha::kernel::FmhaKernelTmaWarpSpecialized<cutlass::fmha::collective::FmhaMainloopTma<cutlass::float_e2m1_t, float, float, cute::tuple<cute::_128, cute::_64, cute::_32>, cute::tuple<int, cute::_1, cute::tuple<int32_t, int32_t>>, cute::tuple<int, cute::_1, cute::tuple<int32_t, int32_t>>, cute::tuple<cute::_1, int, cute::tuple<int32_t, int32_t>>, cutlass::fmha::collective::CausalFusion>, cutlass::fmha::collective::FmhaFwdEpilogue<cutlass::float_e2m1_t, float, cute::tuple<cute::_128, cute::_32, cute::_64>>, cutlass::fmha::kernel::IndividualTileScheduler>]" at line 445 of /home/yanwa/workspace/cutlass/examples/120_hopper_fmha_sm120/88_hopper_fmha.cu
            instantiation of "ExampleResult FwdRunner<TileShape, DispatchPolicy, ActiveFusion, KernelOptions...>::run(const Options &, const cutlass::KernelHardwareInfo &) [with TileShape=cute::tuple<cute::_128, cute::_64, cute::_32>, DispatchPolicy=KernelCooperative, ActiveFusion=cutlass::fmha::collective::CausalFusion, KernelOptions=<>]" at line 961 of /home/yanwa/workspace/cutlass/examples/120_hopper_fmha_sm120/88_hopper_fmha.cu
            instantiation of "void run_fwd_32(Fusion, const Options &, const cutlass::KernelHardwareInfo &) [with Fusion=cutlass::fmha::collective::CausalFusion]" at line 1176 of /home/yanwa/workspace/cutlass/examples/120_hopper_fmha_sm120/88_hopper_fmha.cu

/home/yanwa/workspace/cutlass/examples/120_hopper_fmha_sm120/device/../kernel/fmha_kernel_tma_warpspecialized.hpp(298): warning #174-D: expression has no effect
              block_rank_in_cluster,
              ^
          detected during:
            instantiation of "void cutlass::fmha::kernel::FmhaKernelTmaWarpSpecialized<CollectiveMainloop, CollectiveEpilogue, TileScheduler, Options...>::operator()(const cutlass::fmha::kernel::FmhaKernelTmaWarpSpecialized<CollectiveMainloop, CollectiveEpilogue, TileScheduler, Options...>::Params &, char *) [with CollectiveMainloop=cutlass::fmha::collective::FmhaMainloopTma<cutlass::float_e2m1_t, float, float, cute::tuple<cute::_128, cute::_64, cute::_32>, cute::tuple<int, cute::_1, cute::tuple<int32_t, int32_t>>, cute::tuple<int, cute::_1, cute::tuple<int32_t, int32_t>>, cute::tuple<cute::_1, int, cute::tuple<int32_t, int32_t>>, cutlass::fmha::collective::CausalFusion>, CollectiveEpilogue=cutlass::fmha::collective::FmhaFwdEpilogue<cutlass::float_e2m1_t, float, cute::tuple<cute::_128, cute::_32, cute::_64>>, TileScheduler=cutlass::fmha::kernel::IndividualTileScheduler, Options=<>]" at line 123 of /home/yanwa/workspace/cutlass/include/cutlass/device_kernel.h
            instantiation of "void cutlass::device_kernel<Operator>(Operator::Params) [with Operator=cutlass::fmha::kernel::FmhaKernelTmaWarpSpecialized<cutlass::fmha::collective::FmhaMainloopTma<cutlass::float_e2m1_t, float, float, cute::tuple<cute::_128, cute::_64, cute::_32>, cute::tuple<int, cute::_1, cute::tuple<int32_t, int32_t>>, cute::tuple<int, cute::_1, cute::tuple<int32_t, int32_t>>, cute::tuple<cute::_1, int, cute::tuple<int32_t, int32_t>>, cutlass::fmha::collective::CausalFusion>, cutlass::fmha::collective::FmhaFwdEpilogue<cutlass::float_e2m1_t, float, cute::tuple<cute::_128, cute::_32, cute::_64>>, cutlass::fmha::kernel::IndividualTileScheduler>]" at line 177 of /home/yanwa/workspace/cutlass/examples/120_hopper_fmha_sm120/device/../device/device_universal.hpp
            instantiation of "cutlass::Status cutlass::device::Universal<Kernel_>::initialize(const cutlass::device::Universal<Kernel_>::Arguments &, void *, cudaStream_t) [with Kernel_=cutlass::fmha::kernel::FmhaKernelTmaWarpSpecialized<cutlass::fmha::collective::FmhaMainloopTma<cutlass::float_e2m1_t, float, float, cute::tuple<cute::_128, cute::_64, cute::_32>, cute::tuple<int, cute::_1, cute::tuple<int32_t, int32_t>>, cute::tuple<int, cute::_1, cute::tuple<int32_t, int32_t>>, cute::tuple<cute::_1, int, cute::tuple<int32_t, int32_t>>, cutlass::fmha::collective::CausalFusion>, cutlass::fmha::collective::FmhaFwdEpilogue<cutlass::float_e2m1_t, float, cute::tuple<cute::_128, cute::_32, cute::_64>>, cutlass::fmha::kernel::IndividualTileScheduler>]" at line 445 of /home/yanwa/workspace/cutlass/examples/120_hopper_fmha_sm120/88_hopper_fmha.cu
            instantiation of "ExampleResult FwdRunner<TileShape, DispatchPolicy, ActiveFusion, KernelOptions...>::run(const Options &, const cutlass::KernelHardwareInfo &) [with TileShape=cute::tuple<cute::_128, cute::_64, cute::_32>, DispatchPolicy=KernelCooperative, ActiveFusion=cutlass::fmha::collective::CausalFusion, KernelOptions=<>]" at line 961 of /home/yanwa/workspace/cutlass/examples/120_hopper_fmha_sm120/88_hopper_fmha.cu
            instantiation of "void run_fwd_32(Fusion, const Options &, const cutlass::KernelHardwareInfo &) [with Fusion=cutlass::fmha::collective::CausalFusion]" at line 1176 of /home/yanwa/workspace/cutlass/examples/120_hopper_fmha_sm120/88_hopper_fmha.cu

/home/yanwa/workspace/cutlass/examples/120_hopper_fmha_sm120/device/../kernel/fmha_kernel_tma_warpspecialized.hpp(298): warning #174-D: expression has no effect
              block_rank_in_cluster,
              ^
          detected during:
            instantiation of "void cutlass::fmha::kernel::FmhaKernelTmaWarpSpecialized<CollectiveMainloop, CollectiveEpilogue, TileScheduler, Options...>::operator()(const cutlass::fmha::kernel::FmhaKernelTmaWarpSpecialized<CollectiveMainloop, CollectiveEpilogue, TileScheduler, Options...>::Params &, char *) [with CollectiveMainloop=cutlass::fmha::collective::FmhaMainloopTma<cutlass::float_e2m1_t, float, float, cute::tuple<cute::_128, cute::_64, cute::_32>, cute::tuple<int, cute::_1, cute::tuple<int32_t, int32_t>>, cute::tuple<int, cute::_1, cute::tuple<int32_t, int32_t>>, cute::tuple<cute::_1, int, cute::tuple<int32_t, int32_t>>, cutlass::fmha::collective::CausalFusion>, CollectiveEpilogue=cutlass::fmha::collective::FmhaFwdEpilogue<cutlass::float_e2m1_t, float, cute::tuple<cute::_128, cute::_32, cute::_64>>, TileScheduler=cutlass::fmha::kernel::IndividualTileScheduler, Options=<>]" at line 123 of /home/yanwa/workspace/cutlass/include/cutlass/device_kernel.h
            instantiation of "void cutlass::device_kernel<Operator>(Operator::Params) [with Operator=cutlass::fmha::kernel::FmhaKernelTmaWarpSpecialized<cutlass::fmha::collective::FmhaMainloopTma<cutlass::float_e2m1_t, float, float, cute::tuple<cute::_128, cute::_64, cute::_32>, cute::tuple<int, cute::_1, cute::tuple<int32_t, int32_t>>, cute::tuple<int, cute::_1, cute::tuple<int32_t, int32_t>>, cute::tuple<cute::_1, int, cute::tuple<int32_t, int32_t>>, cutlass::fmha::collective::CausalFusion>, cutlass::fmha::collective::FmhaFwdEpilogue<cutlass::float_e2m1_t, float, cute::tuple<cute::_128, cute::_32, cute::_64>>, cutlass::fmha::kernel::IndividualTileScheduler>]" at line 177 of /home/yanwa/workspace/cutlass/examples/120_hopper_fmha_sm120/device/../device/device_universal.hpp
            instantiation of "cutlass::Status cutlass::device::Universal<Kernel_>::initialize(const cutlass::device::Universal<Kernel_>::Arguments &, void *, cudaStream_t) [with Kernel_=cutlass::fmha::kernel::FmhaKernelTmaWarpSpecialized<cutlass::fmha::collective::FmhaMainloopTma<cutlass::float_e2m1_t, float, float, cute::tuple<cute::_128, cute::_64, cute::_32>, cute::tuple<int, cute::_1, cute::tuple<int32_t, int32_t>>, cute::tuple<int, cute::_1, cute::tuple<int32_t, int32_t>>, cute::tuple<cute::_1, int, cute::tuple<int32_t, int32_t>>, cutlass::fmha::collective::CausalFusion>, cutlass::fmha::collective::FmhaFwdEpilogue<cutlass::float_e2m1_t, float, cute::tuple<cute::_128, cute::_32, cute::_64>>, cutlass::fmha::kernel::IndividualTileScheduler>]" at line 445 of /home/yanwa/workspace/cutlass/examples/120_hopper_fmha_sm120/88_hopper_fmha.cu
            instantiation of "ExampleResult FwdRunner<TileShape, DispatchPolicy, ActiveFusion, KernelOptions...>::run(const Options &, const cutlass::KernelHardwareInfo &) [with TileShape=cute::tuple<cute::_128, cute::_64, cute::_32>, DispatchPolicy=KernelCooperative, ActiveFusion=cutlass::fmha::collective::CausalFusion, KernelOptions=<>]" at line 961 of /home/yanwa/workspace/cutlass/examples/120_hopper_fmha_sm120/88_hopper_fmha.cu
            instantiation of "void run_fwd_32(Fusion, const Options &, const cutlass::KernelHardwareInfo &) [with Fusion=cutlass::fmha::collective::CausalFusion]" at line 1176 of /home/yanwa/workspace/cutlass/examples/120_hopper_fmha_sm120/88_hopper_fmha.cu

/home/yanwa/workspace/cutlass/examples/120_hopper_fmha_sm120/device/../kernel/fmha_kernel_tma_warpspecialized.hpp(298): warning #174-D: expression has no effect
              block_rank_in_cluster,
              ^
          detected during:
            instantiation of "void cutlass::fmha::kernel::FmhaKernelTmaWarpSpecialized<CollectiveMainloop, CollectiveEpilogue, TileScheduler, Options...>::operator()(const cutlass::fmha::kernel::FmhaKernelTmaWarpSpecialized<CollectiveMainloop, CollectiveEpilogue, TileScheduler, Options...>::Params &, char *) [with CollectiveMainloop=cutlass::fmha::collective::FmhaMainloopTma<cutlass::float_e2m1_t, float, float, cute::tuple<cute::_128, cute::_64, cute::_32>, cute::tuple<int, cute::_1, cute::tuple<int32_t, int32_t>>, cute::tuple<int, cute::_1, cute::tuple<int32_t, int32_t>>, cute::tuple<cute::_1, int, cute::tuple<int32_t, int32_t>>, cutlass::fmha::collective::CausalFusion>, CollectiveEpilogue=cutlass::fmha::collective::FmhaFwdEpilogue<cutlass::float_e2m1_t, float, cute::tuple<cute::_128, cute::_32, cute::_64>>, TileScheduler=cutlass::fmha::kernel::IndividualTileScheduler, Options=<>]" at line 123 of /home/yanwa/workspace/cutlass/include/cutlass/device_kernel.h
            instantiation of "void cutlass::device_kernel<Operator>(Operator::Params) [with Operator=cutlass::fmha::kernel::FmhaKernelTmaWarpSpecialized<cutlass::fmha::collective::FmhaMainloopTma<cutlass::float_e2m1_t, float, float, cute::tuple<cute::_128, cute::_64, cute::_32>, cute::tuple<int, cute::_1, cute::tuple<int32_t, int32_t>>, cute::tuple<int, cute::_1, cute::tuple<int32_t, int32_t>>, cute::tuple<cute::_1, int, cute::tuple<int32_t, int32_t>>, cutlass::fmha::collective::CausalFusion>, cutlass::fmha::collective::FmhaFwdEpilogue<cutlass::float_e2m1_t, float, cute::tuple<cute::_128, cute::_32, cute::_64>>, cutlass::fmha::kernel::IndividualTileScheduler>]" at line 177 of /home/yanwa/workspace/cutlass/examples/120_hopper_fmha_sm120/device/../device/device_universal.hpp
            instantiation of "cutlass::Status cutlass::device::Universal<Kernel_>::initialize(const cutlass::device::Universal<Kernel_>::Arguments &, void *, cudaStream_t) [with Kernel_=cutlass::fmha::kernel::FmhaKernelTmaWarpSpecialized<cutlass::fmha::collective::FmhaMainloopTma<cutlass::float_e2m1_t, float, float, cute::tuple<cute::_128, cute::_64, cute::_32>, cute::tuple<int, cute::_1, cute::tuple<int32_t, int32_t>>, cute::tuple<int, cute::_1, cute::tuple<int32_t, int32_t>>, cute::tuple<cute::_1, int, cute::tuple<int32_t, int32_t>>, cutlass::fmha::collective::CausalFusion>, cutlass::fmha::collective::FmhaFwdEpilogue<cutlass::float_e2m1_t, float, cute::tuple<cute::_128, cute::_32, cute::_64>>, cutlass::fmha::kernel::IndividualTileScheduler>]" at line 445 of /home/yanwa/workspace/cutlass/examples/120_hopper_fmha_sm120/88_hopper_fmha.cu
            instantiation of "ExampleResult FwdRunner<TileShape, DispatchPolicy, ActiveFusion, KernelOptions...>::run(const Options &, const cutlass::KernelHardwareInfo &) [with TileShape=cute::tuple<cute::_128, cute::_64, cute::_32>, DispatchPolicy=KernelCooperative, ActiveFusion=cutlass::fmha::collective::CausalFusion, KernelOptions=<>]" at line 961 of /home/yanwa/workspace/cutlass/examples/120_hopper_fmha_sm120/88_hopper_fmha.cu
            instantiation of "void run_fwd_32(Fusion, const Options &, const cutlass::KernelHardwareInfo &) [with Fusion=cutlass::fmha::collective::CausalFusion]" at line 1176 of /home/yanwa/workspace/cutlass/examples/120_hopper_fmha_sm120/88_hopper_fmha.cu

/home/yanwa/workspace/cutlass/examples/120_hopper_fmha_sm120/device/../kernel/fmha_kernel_tma_warpspecialized.hpp(298): warning #174-D: expression has no effect
              block_rank_in_cluster,
              ^
          detected during:
            instantiation of "void cutlass::fmha::kernel::FmhaKernelTmaWarpSpecialized<CollectiveMainloop, CollectiveEpilogue, TileScheduler, Options...>::operator()(const cutlass::fmha::kernel::FmhaKernelTmaWarpSpecialized<CollectiveMainloop, CollectiveEpilogue, TileScheduler, Options...>::Params &, char *) [with CollectiveMainloop=cutlass::fmha::collective::FmhaMainloopTma<cutlass::float_e2m1_t, float, float, cute::tuple<cute::_128, cute::_64, cute::_32>, cute::tuple<int, cute::_1, cute::tuple<int32_t, int32_t>>, cute::tuple<int, cute::_1, cute::tuple<int32_t, int32_t>>, cute::tuple<cute::_1, int, cute::tuple<int32_t, int32_t>>, cutlass::fmha::collective::CausalFusion>, CollectiveEpilogue=cutlass::fmha::collective::FmhaFwdEpilogue<cutlass::float_e2m1_t, float, cute::tuple<cute::_128, cute::_32, cute::_64>>, TileScheduler=cutlass::fmha::kernel::IndividualTileScheduler, Options=<>]" at line 123 of /home/yanwa/workspace/cutlass/include/cutlass/device_kernel.h
            instantiation of "void cutlass::device_kernel<Operator>(Operator::Params) [with Operator=cutlass::fmha::kernel::FmhaKernelTmaWarpSpecialized<cutlass::fmha::collective::FmhaMainloopTma<cutlass::float_e2m1_t, float, float, cute::tuple<cute::_128, cute::_64, cute::_32>, cute::tuple<int, cute::_1, cute::tuple<int32_t, int32_t>>, cute::tuple<int, cute::_1, cute::tuple<int32_t, int32_t>>, cute::tuple<cute::_1, int, cute::tuple<int32_t, int32_t>>, cutlass::fmha::collective::CausalFusion>, cutlass::fmha::collective::FmhaFwdEpilogue<cutlass::float_e2m1_t, float, cute::tuple<cute::_128, cute::_32, cute::_64>>, cutlass::fmha::kernel::IndividualTileScheduler>]" at line 177 of /home/yanwa/workspace/cutlass/examples/120_hopper_fmha_sm120/device/../device/device_universal.hpp
            instantiation of "cutlass::Status cutlass::device::Universal<Kernel_>::initialize(const cutlass::device::Universal<Kernel_>::Arguments &, void *, cudaStream_t) [with Kernel_=cutlass::fmha::kernel::FmhaKernelTmaWarpSpecialized<cutlass::fmha::collective::FmhaMainloopTma<cutlass::float_e2m1_t, float, float, cute::tuple<cute::_128, cute::_64, cute::_32>, cute::tuple<int, cute::_1, cute::tuple<int32_t, int32_t>>, cute::tuple<int, cute::_1, cute::tuple<int32_t, int32_t>>, cute::tuple<cute::_1, int, cute::tuple<int32_t, int32_t>>, cutlass::fmha::collective::CausalFusion>, cutlass::fmha::collective::FmhaFwdEpilogue<cutlass::float_e2m1_t, float, cute::tuple<cute::_128, cute::_32, cute::_64>>, cutlass::fmha::kernel::IndividualTileScheduler>]" at line 445 of /home/yanwa/workspace/cutlass/examples/120_hopper_fmha_sm120/88_hopper_fmha.cu
            instantiation of "ExampleResult FwdRunner<TileShape, DispatchPolicy, ActiveFusion, KernelOptions...>::run(const Options &, const cutlass::KernelHardwareInfo &) [with TileShape=cute::tuple<cute::_128, cute::_64, cute::_32>, DispatchPolicy=KernelCooperative, ActiveFusion=cutlass::fmha::collective::CausalFusion, KernelOptions=<>]" at line 961 of /home/yanwa/workspace/cutlass/examples/120_hopper_fmha_sm120/88_hopper_fmha.cu
            instantiation of "void run_fwd_32(Fusion, const Options &, const cutlass::KernelHardwareInfo &) [with Fusion=cutlass::fmha::collective::CausalFusion]" at line 1176 of /home/yanwa/workspace/cutlass/examples/120_hopper_fmha_sm120/88_hopper_fmha.cu

/home/yanwa/workspace/cutlass/examples/120_hopper_fmha_sm120/device/../kernel/fmha_kernel_tma_warpspecialized.hpp(298): warning #174-D: expression has no effect
              block_rank_in_cluster,
              ^
          detected during:
            instantiation of "void cutlass::fmha::kernel::FmhaKernelTmaWarpSpecialized<CollectiveMainloop, CollectiveEpilogue, TileScheduler, Options...>::operator()(const cutlass::fmha::kernel::FmhaKernelTmaWarpSpecialized<CollectiveMainloop, CollectiveEpilogue, TileScheduler, Options...>::Params &, char *) [with CollectiveMainloop=cutlass::fmha::collective::FmhaMainloopTma<cutlass::float_e2m1_t, float, float, cute::tuple<cute::_128, cute::_64, cute::_32>, cute::tuple<int, cute::_1, cute::tuple<int32_t, int32_t>>, cute::tuple<int, cute::_1, cute::tuple<int32_t, int32_t>>, cute::tuple<cute::_1, int, cute::tuple<int32_t, int32_t>>, cutlass::fmha::collective::CausalFusion>, CollectiveEpilogue=cutlass::fmha::collective::FmhaFwdEpilogue<cutlass::float_e2m1_t, float, cute::tuple<cute::_128, cute::_32, cute::_64>>, TileScheduler=cutlass::fmha::kernel::IndividualTileScheduler, Options=<>]" at line 123 of /home/yanwa/workspace/cutlass/include/cutlass/device_kernel.h
            instantiation of "void cutlass::device_kernel<Operator>(Operator::Params) [with Operator=cutlass::fmha::kernel::FmhaKernelTmaWarpSpecialized<cutlass::fmha::collective::FmhaMainloopTma<cutlass::float_e2m1_t, float, float, cute::tuple<cute::_128, cute::_64, cute::_32>, cute::tuple<int, cute::_1, cute::tuple<int32_t, int32_t>>, cute::tuple<int, cute::_1, cute::tuple<int32_t, int32_t>>, cute::tuple<cute::_1, int, cute::tuple<int32_t, int32_t>>, cutlass::fmha::collective::CausalFusion>, cutlass::fmha::collective::FmhaFwdEpilogue<cutlass::float_e2m1_t, float, cute::tuple<cute::_128, cute::_32, cute::_64>>, cutlass::fmha::kernel::IndividualTileScheduler>]" at line 177 of /home/yanwa/workspace/cutlass/examples/120_hopper_fmha_sm120/device/../device/device_universal.hpp
            instantiation of "cutlass::Status cutlass::device::Universal<Kernel_>::initialize(const cutlass::device::Universal<Kernel_>::Arguments &, void *, cudaStream_t) [with Kernel_=cutlass::fmha::kernel::FmhaKernelTmaWarpSpecialized<cutlass::fmha::collective::FmhaMainloopTma<cutlass::float_e2m1_t, float, float, cute::tuple<cute::_128, cute::_64, cute::_32>, cute::tuple<int, cute::_1, cute::tuple<int32_t, int32_t>>, cute::tuple<int, cute::_1, cute::tuple<int32_t, int32_t>>, cute::tuple<cute::_1, int, cute::tuple<int32_t, int32_t>>, cutlass::fmha::collective::CausalFusion>, cutlass::fmha::collective::FmhaFwdEpilogue<cutlass::float_e2m1_t, float, cute::tuple<cute::_128, cute::_32, cute::_64>>, cutlass::fmha::kernel::IndividualTileScheduler>]" at line 445 of /home/yanwa/workspace/cutlass/examples/120_hopper_fmha_sm120/88_hopper_fmha.cu
            instantiation of "ExampleResult FwdRunner<TileShape, DispatchPolicy, ActiveFusion, KernelOptions...>::run(const Options &, const cutlass::KernelHardwareInfo &) [with TileShape=cute::tuple<cute::_128, cute::_64, cute::_32>, DispatchPolicy=KernelCooperative, ActiveFusion=cutlass::fmha::collective::CausalFusion, KernelOptions=<>]" at line 961 of /home/yanwa/workspace/cutlass/examples/120_hopper_fmha_sm120/88_hopper_fmha.cu
            instantiation of "void run_fwd_32(Fusion, const Options &, const cutlass::KernelHardwareInfo &) [with Fusion=cutlass::fmha::collective::CausalFusion]" at line 1176 of /home/yanwa/workspace/cutlass/examples/120_hopper_fmha_sm120/88_hopper_fmha.cu

/home/yanwa/workspace/cutlass/examples/120_hopper_fmha_sm120/device/../kernel/fmha_kernel_tma_warpspecialized.hpp(298): warning #174-D: expression has no effect
              block_rank_in_cluster,
              ^
          detected during:
            instantiation of "void cutlass::fmha::kernel::FmhaKernelTmaWarpSpecialized<CollectiveMainloop, CollectiveEpilogue, TileScheduler, Options...>::operator()(const cutlass::fmha::kernel::FmhaKernelTmaWarpSpecialized<CollectiveMainloop, CollectiveEpilogue, TileScheduler, Options...>::Params &, char *) [with CollectiveMainloop=cutlass::fmha::collective::FmhaMainloopTma<cutlass::float_e2m1_t, float, float, cute::tuple<cute::_128, cute::_64, cute::_32>, cute::tuple<int, cute::_1, cute::tuple<int32_t, int32_t>>, cute::tuple<int, cute::_1, cute::tuple<int32_t, int32_t>>, cute::tuple<cute::_1, int, cute::tuple<int32_t, int32_t>>, cutlass::fmha::collective::CausalFusion>, CollectiveEpilogue=cutlass::fmha::collective::FmhaFwdEpilogue<cutlass::float_e2m1_t, float, cute::tuple<cute::_128, cute::_32, cute::_64>>, TileScheduler=cutlass::fmha::kernel::IndividualTileScheduler, Options=<>]" at line 123 of /home/yanwa/workspace/cutlass/include/cutlass/device_kernel.h
            instantiation of "void cutlass::device_kernel<Operator>(Operator::Params) [with Operator=cutlass::fmha::kernel::FmhaKernelTmaWarpSpecialized<cutlass::fmha::collective::FmhaMainloopTma<cutlass::float_e2m1_t, float, float, cute::tuple<cute::_128, cute::_64, cute::_32>, cute::tuple<int, cute::_1, cute::tuple<int32_t, int32_t>>, cute::tuple<int, cute::_1, cute::tuple<int32_t, int32_t>>, cute::tuple<cute::_1, int, cute::tuple<int32_t, int32_t>>, cutlass::fmha::collective::CausalFusion>, cutlass::fmha::collective::FmhaFwdEpilogue<cutlass::float_e2m1_t, float, cute::tuple<cute::_128, cute::_32, cute::_64>>, cutlass::fmha::kernel::IndividualTileScheduler>]" at line 177 of /home/yanwa/workspace/cutlass/examples/120_hopper_fmha_sm120/device/../device/device_universal.hpp
            instantiation of "cutlass::Status cutlass::device::Universal<Kernel_>::initialize(const cutlass::device::Universal<Kernel_>::Arguments &, void *, cudaStream_t) [with Kernel_=cutlass::fmha::kernel::FmhaKernelTmaWarpSpecialized<cutlass::fmha::collective::FmhaMainloopTma<cutlass::float_e2m1_t, float, float, cute::tuple<cute::_128, cute::_64, cute::_32>, cute::tuple<int, cute::_1, cute::tuple<int32_t, int32_t>>, cute::tuple<int, cute::_1, cute::tuple<int32_t, int32_t>>, cute::tuple<cute::_1, int, cute::tuple<int32_t, int32_t>>, cutlass::fmha::collective::CausalFusion>, cutlass::fmha::collective::FmhaFwdEpilogue<cutlass::float_e2m1_t, float, cute::tuple<cute::_128, cute::_32, cute::_64>>, cutlass::fmha::kernel::IndividualTileScheduler>]" at line 445 of /home/yanwa/workspace/cutlass/examples/120_hopper_fmha_sm120/88_hopper_fmha.cu
            instantiation of "ExampleResult FwdRunner<TileShape, DispatchPolicy, ActiveFusion, KernelOptions...>::run(const Options &, const cutlass::KernelHardwareInfo &) [with TileShape=cute::tuple<cute::_128, cute::_64, cute::_32>, DispatchPolicy=KernelCooperative, ActiveFusion=cutlass::fmha::collective::CausalFusion, KernelOptions=<>]" at line 961 of /home/yanwa/workspace/cutlass/examples/120_hopper_fmha_sm120/88_hopper_fmha.cu
            instantiation of "void run_fwd_32(Fusion, const Options &, const cutlass::KernelHardwareInfo &) [with Fusion=cutlass::fmha::collective::CausalFusion]" at line 1176 of /home/yanwa/workspace/cutlass/examples/120_hopper_fmha_sm120/88_hopper_fmha.cu

/home/yanwa/workspace/cutlass/examples/120_hopper_fmha_sm120/device/../kernel/fmha_kernel_tma_warpspecialized.hpp(298): warning #174-D: expression has no effect
              block_rank_in_cluster,
              ^
          detected during:
            instantiation of "void cutlass::fmha::kernel::FmhaKernelTmaWarpSpecialized<CollectiveMainloop, CollectiveEpilogue, TileScheduler, Options...>::operator()(const cutlass::fmha::kernel::FmhaKernelTmaWarpSpecialized<CollectiveMainloop, CollectiveEpilogue, TileScheduler, Options...>::Params &, char *) [with CollectiveMainloop=cutlass::fmha::collective::FmhaMainloopTma<cutlass::float_e2m1_t, float, float, cute::tuple<cute::_128, cute::_64, cute::_32>, cute::tuple<int, cute::_1, cute::tuple<int32_t, int32_t>>, cute::tuple<int, cute::_1, cute::tuple<int32_t, int32_t>>, cute::tuple<cute::_1, int, cute::tuple<int32_t, int32_t>>, cutlass::fmha::collective::CausalFusion>, CollectiveEpilogue=cutlass::fmha::collective::FmhaFwdEpilogue<cutlass::float_e2m1_t, float, cute::tuple<cute::_128, cute::_32, cute::_64>>, TileScheduler=cutlass::fmha::kernel::IndividualTileScheduler, Options=<>]" at line 123 of /home/yanwa/workspace/cutlass/include/cutlass/device_kernel.h
            instantiation of "void cutlass::device_kernel<Operator>(Operator::Params) [with Operator=cutlass::fmha::kernel::FmhaKernelTmaWarpSpecialized<cutlass::fmha::collective::FmhaMainloopTma<cutlass::float_e2m1_t, float, float, cute::tuple<cute::_128, cute::_64, cute::_32>, cute::tuple<int, cute::_1, cute::tuple<int32_t, int32_t>>, cute::tuple<int, cute::_1, cute::tuple<int32_t, int32_t>>, cute::tuple<cute::_1, int, cute::tuple<int32_t, int32_t>>, cutlass::fmha::collective::CausalFusion>, cutlass::fmha::collective::FmhaFwdEpilogue<cutlass::float_e2m1_t, float, cute::tuple<cute::_128, cute::_32, cute::_64>>, cutlass::fmha::kernel::IndividualTileScheduler>]" at line 177 of /home/yanwa/workspace/cutlass/examples/120_hopper_fmha_sm120/device/../device/device_universal.hpp
            instantiation of "cutlass::Status cutlass::device::Universal<Kernel_>::initialize(const cutlass::device::Universal<Kernel_>::Arguments &, void *, cudaStream_t) [with Kernel_=cutlass::fmha::kernel::FmhaKernelTmaWarpSpecialized<cutlass::fmha::collective::FmhaMainloopTma<cutlass::float_e2m1_t, float, float, cute::tuple<cute::_128, cute::_64, cute::_32>, cute::tuple<int, cute::_1, cute::tuple<int32_t, int32_t>>, cute::tuple<int, cute::_1, cute::tuple<int32_t, int32_t>>, cute::tuple<cute::_1, int, cute::tuple<int32_t, int32_t>>, cutlass::fmha::collective::CausalFusion>, cutlass::fmha::collective::FmhaFwdEpilogue<cutlass::float_e2m1_t, float, cute::tuple<cute::_128, cute::_32, cute::_64>>, cutlass::fmha::kernel::IndividualTileScheduler>]" at line 445 of /home/yanwa/workspace/cutlass/examples/120_hopper_fmha_sm120/88_hopper_fmha.cu
            instantiation of "ExampleResult FwdRunner<TileShape, DispatchPolicy, ActiveFusion, KernelOptions...>::run(const Options &, const cutlass::KernelHardwareInfo &) [with TileShape=cute::tuple<cute::_128, cute::_64, cute::_32>, DispatchPolicy=KernelCooperative, ActiveFusion=cutlass::fmha::collective::CausalFusion, KernelOptions=<>]" at line 961 of /home/yanwa/workspace/cutlass/examples/120_hopper_fmha_sm120/88_hopper_fmha.cu
            instantiation of "void run_fwd_32(Fusion, const Options &, const cutlass::KernelHardwareInfo &) [with Fusion=cutlass::fmha::collective::CausalFusion]" at line 1176 of /home/yanwa/workspace/cutlass/examples/120_hopper_fmha_sm120/88_hopper_fmha.cu

/home/yanwa/workspace/cutlass/examples/120_hopper_fmha_sm120/device/../kernel/fmha_kernel_tma_warpspecialized.hpp(314): error: class "cutlass::fmha::collective::FmhaMainloopTma<cutlass::float_e2m1_t, float, float, cute::tuple<cute::_128, cute::_64, cute::_32>, cute::tuple<int, cute::_1, cute::tuple<int32_t, int32_t>>, cute::tuple<int, cute::_1, cute::tuple<int32_t, int32_t>>, cute::tuple<cute::_1, int, cute::tuple<int32_t, int32_t>>, cutlass::fmha::collective::CausalFusion>" has no member "load_maybe_q"
            collective_mainloop.load_maybe_q(
                                ^
          detected during:
            instantiation of "void cutlass::fmha::kernel::FmhaKernelTmaWarpSpecialized<CollectiveMainloop, CollectiveEpilogue, TileScheduler, Options...>::operator()(const cutlass::fmha::kernel::FmhaKernelTmaWarpSpecialized<CollectiveMainloop, CollectiveEpilogue, TileScheduler, Options...>::Params &, char *) [with CollectiveMainloop=cutlass::fmha::collective::FmhaMainloopTma<cutlass::float_e2m1_t, float, float, cute::tuple<cute::_128, cute::_64, cute::_32>, cute::tuple<int, cute::_1, cute::tuple<int32_t, int32_t>>, cute::tuple<int, cute::_1, cute::tuple<int32_t, int32_t>>, cute::tuple<cute::_1, int, cute::tuple<int32_t, int32_t>>, cutlass::fmha::collective::CausalFusion>, CollectiveEpilogue=cutlass::fmha::collective::FmhaFwdEpilogue<cutlass::float_e2m1_t, float, cute::tuple<cute::_128, cute::_32, cute::_64>>, TileScheduler=cutlass::fmha::kernel::IndividualTileScheduler, Options=<>]" at line 123 of /home/yanwa/workspace/cutlass/include/cutlass/device_kernel.h
            instantiation of "void cutlass::device_kernel<Operator>(Operator::Params) [with Operator=cutlass::fmha::kernel::FmhaKernelTmaWarpSpecialized<cutlass::fmha::collective::FmhaMainloopTma<cutlass::float_e2m1_t, float, float, cute::tuple<cute::_128, cute::_64, cute::_32>, cute::tuple<int, cute::_1, cute::tuple<int32_t, int32_t>>, cute::tuple<int, cute::_1, cute::tuple<int32_t, int32_t>>, cute::tuple<cute::_1, int, cute::tuple<int32_t, int32_t>>, cutlass::fmha::collective::CausalFusion>, cutlass::fmha::collective::FmhaFwdEpilogue<cutlass::float_e2m1_t, float, cute::tuple<cute::_128, cute::_32, cute::_64>>, cutlass::fmha::kernel::IndividualTileScheduler>]" at line 177 of /home/yanwa/workspace/cutlass/examples/120_hopper_fmha_sm120/device/../device/device_universal.hpp
            instantiation of "cutlass::Status cutlass::device::Universal<Kernel_>::initialize(const cutlass::device::Universal<Kernel_>::Arguments &, void *, cudaStream_t) [with Kernel_=cutlass::fmha::kernel::FmhaKernelTmaWarpSpecialized<cutlass::fmha::collective::FmhaMainloopTma<cutlass::float_e2m1_t, float, float, cute::tuple<cute::_128, cute::_64, cute::_32>, cute::tuple<int, cute::_1, cute::tuple<int32_t, int32_t>>, cute::tuple<int, cute::_1, cute::tuple<int32_t, int32_t>>, cute::tuple<cute::_1, int, cute::tuple<int32_t, int32_t>>, cutlass::fmha::collective::CausalFusion>, cutlass::fmha::collective::FmhaFwdEpilogue<cutlass::float_e2m1_t, float, cute::tuple<cute::_128, cute::_32, cute::_64>>, cutlass::fmha::kernel::IndividualTileScheduler>]" at line 445 of /home/yanwa/workspace/cutlass/examples/120_hopper_fmha_sm120/88_hopper_fmha.cu
            instantiation of "ExampleResult FwdRunner<TileShape, DispatchPolicy, ActiveFusion, KernelOptions...>::run(const Options &, const cutlass::KernelHardwareInfo &) [with TileShape=cute::tuple<cute::_128, cute::_64, cute::_32>, DispatchPolicy=KernelCooperative, ActiveFusion=cutlass::fmha::collective::CausalFusion, KernelOptions=<>]" at line 961 of /home/yanwa/workspace/cutlass/examples/120_hopper_fmha_sm120/88_hopper_fmha.cu
            instantiation of "void run_fwd_32(Fusion, const Options &, const cutlass::KernelHardwareInfo &) [with Fusion=cutlass::fmha::collective::CausalFusion]" at line 1176 of /home/yanwa/workspace/cutlass/examples/120_hopper_fmha_sm120/88_hopper_fmha.cu

/home/yanwa/workspace/cutlass/examples/120_hopper_fmha_sm120/device/../kernel/fmha_kernel_tma_warpspecialized.hpp(325): error: class "cutlass::fmha::collective::FmhaMainloopTma<cutlass::float_e2m1_t, float, float, cute::tuple<cute::_128, cute::_64, cute::_32>, cute::tuple<int, cute::_1, cute::tuple<int32_t, int32_t>>, cute::tuple<int, cute::_1, cute::tuple<int32_t, int32_t>>, cute::tuple<cute::_1, int, cute::tuple<int32_t, int32_t>>, cutlass::fmha::collective::CausalFusion>" has no member "reduce"
            collective_mainloop.reduce(
                                ^
          detected during:
            instantiation of "void cutlass::fmha::kernel::FmhaKernelTmaWarpSpecialized<CollectiveMainloop, CollectiveEpilogue, TileScheduler, Options...>::operator()(const cutlass::fmha::kernel::FmhaKernelTmaWarpSpecialized<CollectiveMainloop, CollectiveEpilogue, TileScheduler, Options...>::Params &, char *) [with CollectiveMainloop=cutlass::fmha::collective::FmhaMainloopTma<cutlass::float_e2m1_t, float, float, cute::tuple<cute::_128, cute::_64, cute::_32>, cute::tuple<int, cute::_1, cute::tuple<int32_t, int32_t>>, cute::tuple<int, cute::_1, cute::tuple<int32_t, int32_t>>, cute::tuple<cute::_1, int, cute::tuple<int32_t, int32_t>>, cutlass::fmha::collective::CausalFusion>, CollectiveEpilogue=cutlass::fmha::collective::FmhaFwdEpilogue<cutlass::float_e2m1_t, float, cute::tuple<cute::_128, cute::_32, cute::_64>>, TileScheduler=cutlass::fmha::kernel::IndividualTileScheduler, Options=<>]" at line 123 of /home/yanwa/workspace/cutlass/include/cutlass/device_kernel.h
            instantiation of "void cutlass::device_kernel<Operator>(Operator::Params) [with Operator=cutlass::fmha::kernel::FmhaKernelTmaWarpSpecialized<cutlass::fmha::collective::FmhaMainloopTma<cutlass::float_e2m1_t, float, float, cute::tuple<cute::_128, cute::_64, cute::_32>, cute::tuple<int, cute::_1, cute::tuple<int32_t, int32_t>>, cute::tuple<int, cute::_1, cute::tuple<int32_t, int32_t>>, cute::tuple<cute::_1, int, cute::tuple<int32_t, int32_t>>, cutlass::fmha::collective::CausalFusion>, cutlass::fmha::collective::FmhaFwdEpilogue<cutlass::float_e2m1_t, float, cute::tuple<cute::_128, cute::_32, cute::_64>>, cutlass::fmha::kernel::IndividualTileScheduler>]" at line 177 of /home/yanwa/workspace/cutlass/examples/120_hopper_fmha_sm120/device/../device/device_universal.hpp
            instantiation of "cutlass::Status cutlass::device::Universal<Kernel_>::initialize(const cutlass::device::Universal<Kernel_>::Arguments &, void *, cudaStream_t) [with Kernel_=cutlass::fmha::kernel::FmhaKernelTmaWarpSpecialized<cutlass::fmha::collective::FmhaMainloopTma<cutlass::float_e2m1_t, float, float, cute::tuple<cute::_128, cute::_64, cute::_32>, cute::tuple<int, cute::_1, cute::tuple<int32_t, int32_t>>, cute::tuple<int, cute::_1, cute::tuple<int32_t, int32_t>>, cute::tuple<cute::_1, int, cute::tuple<int32_t, int32_t>>, cutlass::fmha::collective::CausalFusion>, cutlass::fmha::collective::FmhaFwdEpilogue<cutlass::float_e2m1_t, float, cute::tuple<cute::_128, cute::_32, cute::_64>>, cutlass::fmha::kernel::IndividualTileScheduler>]" at line 445 of /home/yanwa/workspace/cutlass/examples/120_hopper_fmha_sm120/88_hopper_fmha.cu
            instantiation of "ExampleResult FwdRunner<TileShape, DispatchPolicy, ActiveFusion, KernelOptions...>::run(const Options &, const cutlass::KernelHardwareInfo &) [with TileShape=cute::tuple<cute::_128, cute::_64, cute::_32>, DispatchPolicy=KernelCooperative, ActiveFusion=cutlass::fmha::collective::CausalFusion, KernelOptions=<>]" at line 961 of /home/yanwa/workspace/cutlass/examples/120_hopper_fmha_sm120/88_hopper_fmha.cu
            instantiation of "void run_fwd_32(Fusion, const Options &, const cutlass::KernelHardwareInfo &) [with Fusion=cutlass::fmha::collective::CausalFusion]" at line 1176 of /home/yanwa/workspace/cutlass/examples/120_hopper_fmha_sm120/88_hopper_fmha.cu

/home/yanwa/workspace/cutlass/examples/120_hopper_fmha_sm120/device/../kernel/fmha_kernel_tma_warpspecialized.hpp(339): error: no instance of function template "cutlass::arch::warpgroup_reg_alloc" matches the argument list
        cutlass::arch::warpgroup_reg_alloc<MmaRegisterRequirement>();
        ^
/home/yanwa/workspace/cutlass/include/cutlass/arch/reg_reconfig.h(74): note #3323-D: substituting explicit template arguments "<<expression>>" for function template "cutlass::arch::warpgroup_reg_alloc" failed
  void warpgroup_reg_alloc(){
       ^
          detected during:
            instantiation of "void cutlass::fmha::kernel::FmhaKernelTmaWarpSpecialized<CollectiveMainloop, CollectiveEpilogue, TileScheduler, Options...>::operator()(const cutlass::fmha::kernel::FmhaKernelTmaWarpSpecialized<CollectiveMainloop, CollectiveEpilogue, TileScheduler, Options...>::Params &, char *) [with CollectiveMainloop=cutlass::fmha::collective::FmhaMainloopTma<cutlass::float_e2m1_t, float, float, cute::tuple<cute::_128, cute::_64, cute::_32>, cute::tuple<int, cute::_1, cute::tuple<int32_t, int32_t>>, cute::tuple<int, cute::_1, cute::tuple<int32_t, int32_t>>, cute::tuple<cute::_1, int, cute::tuple<int32_t, int32_t>>, cutlass::fmha::collective::CausalFusion>, CollectiveEpilogue=cutlass::fmha::collective::FmhaFwdEpilogue<cutlass::float_e2m1_t, float, cute::tuple<cute::_128, cute::_32, cute::_64>>, TileScheduler=cutlass::fmha::kernel::IndividualTileScheduler, Options=<>]" at line 123 of /home/yanwa/workspace/cutlass/include/cutlass/device_kernel.h
            instantiation of "void cutlass::device_kernel<Operator>(Operator::Params) [with Operator=cutlass::fmha::kernel::FmhaKernelTmaWarpSpecialized<cutlass::fmha::collective::FmhaMainloopTma<cutlass::float_e2m1_t, float, float, cute::tuple<cute::_128, cute::_64, cute::_32>, cute::tuple<int, cute::_1, cute::tuple<int32_t, int32_t>>, cute::tuple<int, cute::_1, cute::tuple<int32_t, int32_t>>, cute::tuple<cute::_1, int, cute::tuple<int32_t, int32_t>>, cutlass::fmha::collective::CausalFusion>, cutlass::fmha::collective::FmhaFwdEpilogue<cutlass::float_e2m1_t, float, cute::tuple<cute::_128, cute::_32, cute::_64>>, cutlass::fmha::kernel::IndividualTileScheduler>]" at line 177 of /home/yanwa/workspace/cutlass/examples/120_hopper_fmha_sm120/device/../device/device_universal.hpp
            instantiation of "cutlass::Status cutlass::device::Universal<Kernel_>::initialize(const cutlass::device::Universal<Kernel_>::Arguments &, void *, cudaStream_t) [with Kernel_=cutlass::fmha::kernel::FmhaKernelTmaWarpSpecialized<cutlass::fmha::collective::FmhaMainloopTma<cutlass::float_e2m1_t, float, float, cute::tuple<cute::_128, cute::_64, cute::_32>, cute::tuple<int, cute::_1, cute::tuple<int32_t, int32_t>>, cute::tuple<int, cute::_1, cute::tuple<int32_t, int32_t>>, cute::tuple<cute::_1, int, cute::tuple<int32_t, int32_t>>, cutlass::fmha::collective::CausalFusion>, cutlass::fmha::collective::FmhaFwdEpilogue<cutlass::float_e2m1_t, float, cute::tuple<cute::_128, cute::_32, cute::_64>>, cutlass::fmha::kernel::IndividualTileScheduler>]" at line 445 of /home/yanwa/workspace/cutlass/examples/120_hopper_fmha_sm120/88_hopper_fmha.cu
            instantiation of "ExampleResult FwdRunner<TileShape, DispatchPolicy, ActiveFusion, KernelOptions...>::run(const Options &, const cutlass::KernelHardwareInfo &) [with TileShape=cute::tuple<cute::_128, cute::_64, cute::_32>, DispatchPolicy=KernelCooperative, ActiveFusion=cutlass::fmha::collective::CausalFusion, KernelOptions=<>]" at line 961 of /home/yanwa/workspace/cutlass/examples/120_hopper_fmha_sm120/88_hopper_fmha.cu
            instantiation of "void run_fwd_32(Fusion, const Options &, const cutlass::KernelHardwareInfo &) [with Fusion=cutlass::fmha::collective::CausalFusion]" at line 1176 of /home/yanwa/workspace/cutlass/examples/120_hopper_fmha_sm120/88_hopper_fmha.cu

/home/yanwa/workspace/cutlass/examples/120_hopper_fmha_sm120/device/../kernel/fmha_kernel_tma_warpspecialized.hpp(345): error: class "cutlass::fmha::collective::FmhaMainloopTma<cutlass::float_e2m1_t, float, float, cute::tuple<cute::_128, cute::_64, cute::_32>, cute::tuple<int, cute::_1, cute::tuple<int32_t, int32_t>>, cute::tuple<int, cute::_1, cute::tuple<int32_t, int32_t>>, cute::tuple<cute::_1, int, cute::tuple<int32_t, int32_t>>, cutlass::fmha::collective::CausalFusion>" has no member "kOuterLoads"
          constexpr int kOuterLoads = CollectiveMainloop::kOuterLoads;
                                                          ^
          detected during:
            instantiation of "void cutlass::fmha::kernel::FmhaKernelTmaWarpSpecialized<CollectiveMainloop, CollectiveEpilogue, TileScheduler, Options...>::operator()(const cutlass::fmha::kernel::FmhaKernelTmaWarpSpecialized<CollectiveMainloop, CollectiveEpilogue, TileScheduler, Options...>::Params &, char *) [with CollectiveMainloop=cutlass::fmha::collective::FmhaMainloopTma<cutlass::float_e2m1_t, float, float, cute::tuple<cute::_128, cute::_64, cute::_32>, cute::tuple<int, cute::_1, cute::tuple<int32_t, int32_t>>, cute::tuple<int, cute::_1, cute::tuple<int32_t, int32_t>>, cute::tuple<cute::_1, int, cute::tuple<int32_t, int32_t>>, cutlass::fmha::collective::CausalFusion>, CollectiveEpilogue=cutlass::fmha::collective::FmhaFwdEpilogue<cutlass::float_e2m1_t, float, cute::tuple<cute::_128, cute::_32, cute::_64>>, TileScheduler=cutlass::fmha::kernel::IndividualTileScheduler, Options=<>]" at line 123 of /home/yanwa/workspace/cutlass/include/cutlass/device_kernel.h
            instantiation of "void cutlass::device_kernel<Operator>(Operator::Params) [with Operator=cutlass::fmha::kernel::FmhaKernelTmaWarpSpecialized<cutlass::fmha::collective::FmhaMainloopTma<cutlass::float_e2m1_t, float, float, cute::tuple<cute::_128, cute::_64, cute::_32>, cute::tuple<int, cute::_1, cute::tuple<int32_t, int32_t>>, cute::tuple<int, cute::_1, cute::tuple<int32_t, int32_t>>, cute::tuple<cute::_1, int, cute::tuple<int32_t, int32_t>>, cutlass::fmha::collective::CausalFusion>, cutlass::fmha::collective::FmhaFwdEpilogue<cutlass::float_e2m1_t, float, cute::tuple<cute::_128, cute::_32, cute::_64>>, cutlass::fmha::kernel::IndividualTileScheduler>]" at line 177 of /home/yanwa/workspace/cutlass/examples/120_hopper_fmha_sm120/device/../device/device_universal.hpp
            instantiation of "cutlass::Status cutlass::device::Universal<Kernel_>::initialize(const cutlass::device::Universal<Kernel_>::Arguments &, void *, cudaStream_t) [with Kernel_=cutlass::fmha::kernel::FmhaKernelTmaWarpSpecialized<cutlass::fmha::collective::FmhaMainloopTma<cutlass::float_e2m1_t, float, float, cute::tuple<cute::_128, cute::_64, cute::_32>, cute::tuple<int, cute::_1, cute::tuple<int32_t, int32_t>>, cute::tuple<int, cute::_1, cute::tuple<int32_t, int32_t>>, cute::tuple<cute::_1, int, cute::tuple<int32_t, int32_t>>, cutlass::fmha::collective::CausalFusion>, cutlass::fmha::collective::FmhaFwdEpilogue<cutlass::float_e2m1_t, float, cute::tuple<cute::_128, cute::_32, cute::_64>>, cutlass::fmha::kernel::IndividualTileScheduler>]" at line 445 of /home/yanwa/workspace/cutlass/examples/120_hopper_fmha_sm120/88_hopper_fmha.cu
            instantiation of "ExampleResult FwdRunner<TileShape, DispatchPolicy, ActiveFusion, KernelOptions...>::run(const Options &, const cutlass::KernelHardwareInfo &) [with TileShape=cute::tuple<cute::_128, cute::_64, cute::_32>, DispatchPolicy=KernelCooperative, ActiveFusion=cutlass::fmha::collective::CausalFusion, KernelOptions=<>]" at line 961 of /home/yanwa/workspace/cutlass/examples/120_hopper_fmha_sm120/88_hopper_fmha.cu
            instantiation of "void run_fwd_32(Fusion, const Options &, const cutlass::KernelHardwareInfo &) [with Fusion=cutlass::fmha::collective::CausalFusion]" at line 1176 of /home/yanwa/workspace/cutlass/examples/120_hopper_fmha_sm120/88_hopper_fmha.cu

/home/yanwa/workspace/cutlass/examples/120_hopper_fmha_sm120/device/../kernel/fmha_kernel_tma_warpspecialized.hpp(375): error: no instance of function template "cutlass::fmha::collective::FmhaMainloopTma<Element_, ElementAccumulatorQK_, ElementAccumulatorPV_, TileShape_, LayoutQ_, LayoutK_, LayoutV_, Fusion, Options...>::compute [with Element_=cutlass::float_e2m1_t, ElementAccumulatorQK_=float, ElementAccumulatorPV_=float, TileShape_=cute::tuple<cute::_128, cute::_64, cute::_32>, LayoutQ_=cute::tuple<int, cute::_1, cute::tuple<int32_t, int32_t>>, LayoutK_=cute::tuple<int, cute::_1, cute::tuple<int32_t, int32_t>>, LayoutV_=cute::tuple<cute::_1, int, cute::tuple<int32_t, int32_t>>, Fusion=cutlass::fmha::collective::CausalFusion, Options=<>]" matches the argument list
            argument types are: (cute::tuple<unsigned int, cute::_0, cute::tuple<uint32_t, uint32_t>>, cute::tuple<unsigned int, cute::_0, cute::tuple<uint32_t, uint32_t>>, const cutlass::fmha::collective::FmhaMainloopTma<cutlass::float_e2m1_t, float, float, cute::tuple<cute::_128, cute::_64, cute::_32>, cute::tuple<int, cute::_1, cute::tuple<int32_t, int32_t>>, cute::tuple<int, cute::_1, cute::tuple<int32_t, int32_t>>, cute::tuple<cute::_1, int, cute::tuple<int32_t, int32_t>>, cutlass::fmha::collective::CausalFusion>::Params, const cute::tuple<int, int, int, int, int>, cutlass::PipelineTmaAsync<4>, cutlass::PipelineState<4U>, cutlass::PipelineTmaAsync<1>, cutlass::PipelineState<1U>, cutlass::PipelineAsync<2>, cutlass::PipelineState<2U>, cutlass::fmha::collective::FmhaMainloopTma<cutlass::float_e2m1_t, float, float, cute::tuple<cute::_128, cute::_64, cute::_32>, cute::tuple<int, cute::_1, cute::tuple<int32_t, int32_t>>, cute::tuple<int, cute::_1, cute::tuple<int32_t, int32_t>>, cute::tuple<cute::_1, int, cute::tuple<int32_t, int32_t>>, cutlass::fmha::collective::CausalFusion>::SharedStorage, cutlass::OrderedSequenceBarrier<2, <error-constant>>)
            object type is: cutlass::fmha::collective::FmhaMainloopTma<cutlass::float_e2m1_t, float, float, cute::tuple<cute::_128, cute::_64, cute::_32>, cute::tuple<int, cute::_1, cute::tuple<int32_t, int32_t>>, cute::tuple<int, cute::_1, cute::tuple<int32_t, int32_t>>, cute::tuple<cute::_1, int, cute::tuple<int32_t, int32_t>>, cutlass::fmha::collective::CausalFusion>
          auto result = collective_mainloop.compute(
                                            ^
/home/yanwa/workspace/cutlass/examples/120_hopper_fmha_sm120/kernel/../collective/fmha_collective_tma.hpp(273): note #3322-D: number of parameters of function template "cutlass::fmha::collective::FmhaMainloopTma<Element_, ElementAccumulatorQK_, ElementAccumulatorPV_, TileShape_, LayoutQ_, LayoutK_, LayoutV_, Fusion, Options...>::compute [with Element_=cutlass::float_e2m1_t, ElementAccumulatorQK_=float, ElementAccumulatorPV_=float, TileShape_=cute::tuple<cute::_128, cute::_64, cute::_32>, LayoutQ_=cute::tuple<int, cute::_1, cute::tuple<int32_t, int32_t>>, LayoutK_=cute::tuple<int, cute::_1, cute::tuple<int32_t, int32_t>>, LayoutV_=cute::tuple<cute::_1, int, cute::tuple<int32_t, int32_t>>, Fusion=cutlass::fmha::collective::CausalFusion, Options=<>]" does not match the call
    compute(
    ^
          detected during:
            instantiation of "void cutlass::fmha::kernel::FmhaKernelTmaWarpSpecialized<CollectiveMainloop, CollectiveEpilogue, TileScheduler, Options...>::operator()(const cutlass::fmha::kernel::FmhaKernelTmaWarpSpecialized<CollectiveMainloop, CollectiveEpilogue, TileScheduler, Options...>::Params &, char *) [with CollectiveMainloop=cutlass::fmha::collective::FmhaMainloopTma<cutlass::float_e2m1_t, float, float, cute::tuple<cute::_128, cute::_64, cute::_32>, cute::tuple<int, cute::_1, cute::tuple<int32_t, int32_t>>, cute::tuple<int, cute::_1, cute::tuple<int32_t, int32_t>>, cute::tuple<cute::_1, int, cute::tuple<int32_t, int32_t>>, cutlass::fmha::collective::CausalFusion>, CollectiveEpilogue=cutlass::fmha::collective::FmhaFwdEpilogue<cutlass::float_e2m1_t, float, cute::tuple<cute::_128, cute::_32, cute::_64>>, TileScheduler=cutlass::fmha::kernel::IndividualTileScheduler, Options=<>]" at line 123 of /home/yanwa/workspace/cutlass/include/cutlass/device_kernel.h
            instantiation of "void cutlass::device_kernel<Operator>(Operator::Params) [with Operator=cutlass::fmha::kernel::FmhaKernelTmaWarpSpecialized<cutlass::fmha::collective::FmhaMainloopTma<cutlass::float_e2m1_t, float, float, cute::tuple<cute::_128, cute::_64, cute::_32>, cute::tuple<int, cute::_1, cute::tuple<int32_t, int32_t>>, cute::tuple<int, cute::_1, cute::tuple<int32_t, int32_t>>, cute::tuple<cute::_1, int, cute::tuple<int32_t, int32_t>>, cutlass::fmha::collective::CausalFusion>, cutlass::fmha::collective::FmhaFwdEpilogue<cutlass::float_e2m1_t, float, cute::tuple<cute::_128, cute::_32, cute::_64>>, cutlass::fmha::kernel::IndividualTileScheduler>]" at line 177 of /home/yanwa/workspace/cutlass/examples/120_hopper_fmha_sm120/device/../device/device_universal.hpp
            instantiation of "cutlass::Status cutlass::device::Universal<Kernel_>::initialize(const cutlass::device::Universal<Kernel_>::Arguments &, void *, cudaStream_t) [with Kernel_=cutlass::fmha::kernel::FmhaKernelTmaWarpSpecialized<cutlass::fmha::collective::FmhaMainloopTma<cutlass::float_e2m1_t, float, float, cute::tuple<cute::_128, cute::_64, cute::_32>, cute::tuple<int, cute::_1, cute::tuple<int32_t, int32_t>>, cute::tuple<int, cute::_1, cute::tuple<int32_t, int32_t>>, cute::tuple<cute::_1, int, cute::tuple<int32_t, int32_t>>, cutlass::fmha::collective::CausalFusion>, cutlass::fmha::collective::FmhaFwdEpilogue<cutlass::float_e2m1_t, float, cute::tuple<cute::_128, cute::_32, cute::_64>>, cutlass::fmha::kernel::IndividualTileScheduler>]" at line 445 of /home/yanwa/workspace/cutlass/examples/120_hopper_fmha_sm120/88_hopper_fmha.cu
            instantiation of "ExampleResult FwdRunner<TileShape, DispatchPolicy, ActiveFusion, KernelOptions...>::run(const Options &, const cutlass::KernelHardwareInfo &) [with TileShape=cute::tuple<cute::_128, cute::_64, cute::_32>, DispatchPolicy=KernelCooperative, ActiveFusion=cutlass::fmha::collective::CausalFusion, KernelOptions=<>]" at line 961 of /home/yanwa/workspace/cutlass/examples/120_hopper_fmha_sm120/88_hopper_fmha.cu
            instantiation of "void run_fwd_32(Fusion, const Options &, const cutlass::KernelHardwareInfo &) [with Fusion=cutlass::fmha::collective::CausalFusion]" at line 1176 of /home/yanwa/workspace/cutlass/examples/120_hopper_fmha_sm120/88_hopper_fmha.cu

/home/yanwa/workspace/cutlass/examples/120_hopper_fmha_sm120/device/../kernel/fmha_kernel_tma_warpspecialized.hpp(59): error: class "cutlass::fmha::collective::FmhaMainloopTma<cutlass::float_e2m1_t, float, float, cute::tuple<cute::_64, cute::_128, cute::_64>, cute::tuple<int, cute::_1, cute::tuple<int32_t, int32_t>>, cute::tuple<int, cute::_1, cute::tuple<int32_t, int32_t>>, cute::tuple<cute::_1, int, cute::tuple<int32_t, int32_t>>, cutlass::fmha::collective::CausalFusion>" has no member "NumMmaWarpGroups"
    static constexpr int NumMmaWarpGroups = CollectiveMainloop::NumMmaWarpGroups;
                                                                ^
          detected during:
            instantiation of class "cutlass::fmha::kernel::FmhaKernelTmaWarpSpecialized<CollectiveMainloop, CollectiveEpilogue, TileScheduler, Options...> [with CollectiveMainloop=cutlass::fmha::collective::FmhaMainloopTma<cutlass::float_e2m1_t, float, float, cute::tuple<cute::_64, cute::_128, cute::_64>, cute::tuple<int, cute::_1, cute::tuple<int32_t, int32_t>>, cute::tuple<int, cute::_1, cute::tuple<int32_t, int32_t>>, cute::tuple<cute::_1, int, cute::tuple<int32_t, int32_t>>, cutlass::fmha::collective::CausalFusion>, CollectiveEpilogue=cutlass::fmha::collective::FmhaFwdEpilogue<cutlass::float_e2m1_t, float, cute::tuple<cute::_64, cute::_64, cute::_128>>, TileScheduler=cutlass::fmha::kernel::IndividualTileScheduler, Options=<>]" at line 70
            instantiation of class "cutlass::fmha::kernel::FmhaKernelTmaWarpSpecialized<CollectiveMainloop, CollectiveEpilogue, TileScheduler, Options...> [with CollectiveMainloop=cutlass::fmha::collective::FmhaMainloopTma<cutlass::float_e2m1_t, float, float, cute::tuple<cute::_64, cute::_128, cute::_64>, cute::tuple<int, cute::_1, cute::tuple<int32_t, int32_t>>, cute::tuple<int, cute::_1, cute::tuple<int32_t, int32_t>>, cute::tuple<cute::_1, int, cute::tuple<int32_t, int32_t>>, cutlass::fmha::collective::CausalFusion>, CollectiveEpilogue=cutlass::fmha::collective::FmhaFwdEpilogue<cutlass::float_e2m1_t, float, cute::tuple<cute::_64, cute::_64, cute::_128>>, TileScheduler=cutlass::fmha::kernel::IndividualTileScheduler, Options=<>]" at line 64 of /home/yanwa/workspace/cutlass/examples/120_hopper_fmha_sm120/device/../device/device_universal.hpp
            instantiation of class "cutlass::device::Universal<Kernel_> [with Kernel_=cutlass::fmha::kernel::FmhaKernelTmaWarpSpecialized<cutlass::fmha::collective::FmhaMainloopTma<cutlass::float_e2m1_t, float, float, cute::tuple<cute::_64, cute::_128, cute::_64>, cute::tuple<int, cute::_1, cute::tuple<int32_t, int32_t>>, cute::tuple<int, cute::_1, cute::tuple<int32_t, int32_t>>, cute::tuple<cute::_1, int, cute::tuple<int32_t, int32_t>>, cutlass::fmha::collective::CausalFusion>, cutlass::fmha::collective::FmhaFwdEpilogue<cutlass::float_e2m1_t, float, cute::tuple<cute::_64, cute::_64, cute::_128>>, cutlass::fmha::kernel::IndividualTileScheduler>]" at line 392 of /home/yanwa/workspace/cutlass/examples/120_hopper_fmha_sm120/88_hopper_fmha.cu
            instantiation of "void FwdRunner<TileShape, DispatchPolicy, ActiveFusion, KernelOptions...>::initialize(const FwdRunner<TileShape, DispatchPolicy, ActiveFusion, KernelOptions...>::ProblemShapeType &) [with TileShape=cute::tuple<cute::_64, cute::_128, cute::_64>, DispatchPolicy=KernelCooperative, ActiveFusion=cutlass::fmha::collective::CausalFusion, KernelOptions=<>]" at line 414 of /home/yanwa/workspace/cutlass/examples/120_hopper_fmha_sm120/88_hopper_fmha.cu
            instantiation of "ExampleResult FwdRunner<TileShape, DispatchPolicy, ActiveFusion, KernelOptions...>::run(const Options &, const cutlass::KernelHardwareInfo &) [with TileShape=cute::tuple<cute::_64, cute::_128, cute::_64>, DispatchPolicy=KernelCooperative, ActiveFusion=cutlass::fmha::collective::CausalFusion, KernelOptions=<>]" at line 976 of /home/yanwa/workspace/cutlass/examples/120_hopper_fmha_sm120/88_hopper_fmha.cu
            instantiation of "void run_fwd_64(Fusion, const Options &, const cutlass::KernelHardwareInfo &) [with Fusion=cutlass::fmha::collective::CausalFusion]" at line 1179 of /home/yanwa/workspace/cutlass/examples/120_hopper_fmha_sm120/88_hopper_fmha.cu

/home/yanwa/workspace/cutlass/examples/120_hopper_fmha_sm120/device/../kernel/fmha_kernel_tma_warpspecialized.hpp(80): error: class "cutlass::fmha::collective::FmhaMainloopTma<cutlass::float_e2m1_t, float, float, cute::tuple<cute::_64, cute::_128, cute::_64>, cute::tuple<int, cute::_1, cute::tuple<int32_t, int32_t>>, cute::tuple<int, cute::_1, cute::tuple<int32_t, int32_t>>, cute::tuple<cute::_1, int, cute::tuple<int32_t, int32_t>>, cutlass::fmha::collective::CausalFusion>" has no member "kIsPersistent"
    using TensorStorage = std::conditional_t<CollectiveMainloop::kIsPersistent, TensorStorageStruct, TensorStorageUnion>;
                                                                 ^
          detected during:
            instantiation of class "cutlass::fmha::kernel::FmhaKernelTmaWarpSpecialized<CollectiveMainloop, CollectiveEpilogue, TileScheduler, Options...> [with CollectiveMainloop=cutlass::fmha::collective::FmhaMainloopTma<cutlass::float_e2m1_t, float, float, cute::tuple<cute::_64, cute::_128, cute::_64>, cute::tuple<int, cute::_1, cute::tuple<int32_t, int32_t>>, cute::tuple<int, cute::_1, cute::tuple<int32_t, int32_t>>, cute::tuple<cute::_1, int, cute::tuple<int32_t, int32_t>>, cutlass::fmha::collective::CausalFusion>, CollectiveEpilogue=cutlass::fmha::collective::FmhaFwdEpilogue<cutlass::float_e2m1_t, float, cute::tuple<cute::_64, cute::_64, cute::_128>>, TileScheduler=cutlass::fmha::kernel::IndividualTileScheduler, Options=<>]" at line 64 of /home/yanwa/workspace/cutlass/examples/120_hopper_fmha_sm120/device/../device/device_universal.hpp
            instantiation of class "cutlass::device::Universal<Kernel_> [with Kernel_=cutlass::fmha::kernel::FmhaKernelTmaWarpSpecialized<cutlass::fmha::collective::FmhaMainloopTma<cutlass::float_e2m1_t, float, float, cute::tuple<cute::_64, cute::_128, cute::_64>, cute::tuple<int, cute::_1, cute::tuple<int32_t, int32_t>>, cute::tuple<int, cute::_1, cute::tuple<int32_t, int32_t>>, cute::tuple<cute::_1, int, cute::tuple<int32_t, int32_t>>, cutlass::fmha::collective::CausalFusion>, cutlass::fmha::collective::FmhaFwdEpilogue<cutlass::float_e2m1_t, float, cute::tuple<cute::_64, cute::_64, cute::_128>>, cutlass::fmha::kernel::IndividualTileScheduler>]" at line 392 of /home/yanwa/workspace/cutlass/examples/120_hopper_fmha_sm120/88_hopper_fmha.cu
            instantiation of "void FwdRunner<TileShape, DispatchPolicy, ActiveFusion, KernelOptions...>::initialize(const FwdRunner<TileShape, DispatchPolicy, ActiveFusion, KernelOptions...>::ProblemShapeType &) [with TileShape=cute::tuple<cute::_64, cute::_128, cute::_64>, DispatchPolicy=KernelCooperative, ActiveFusion=cutlass::fmha::collective::CausalFusion, KernelOptions=<>]" at line 414 of /home/yanwa/workspace/cutlass/examples/120_hopper_fmha_sm120/88_hopper_fmha.cu
            instantiation of "ExampleResult FwdRunner<TileShape, DispatchPolicy, ActiveFusion, KernelOptions...>::run(const Options &, const cutlass::KernelHardwareInfo &) [with TileShape=cute::tuple<cute::_64, cute::_128, cute::_64>, DispatchPolicy=KernelCooperative, ActiveFusion=cutlass::fmha::collective::CausalFusion, KernelOptions=<>]" at line 976 of /home/yanwa/workspace/cutlass/examples/120_hopper_fmha_sm120/88_hopper_fmha.cu
            instantiation of "void run_fwd_64(Fusion, const Options &, const cutlass::KernelHardwareInfo &) [with Fusion=cutlass::fmha::collective::CausalFusion]" at line 1179 of /home/yanwa/workspace/cutlass/examples/120_hopper_fmha_sm120/88_hopper_fmha.cu

/home/yanwa/workspace/cutlass/examples/120_hopper_fmha_sm120/88_hopper_fmha.cu(392): error: name followed by "::" must be a class or namespace name
      using Sm1xxBlkScaledConfig = typename Operation::GemmKernel::CollectiveMainloop::Sm1xxBlkScaledConfig;
                                                       ^
          detected during:
            instantiation of "void FwdRunner<TileShape, DispatchPolicy, ActiveFusion, KernelOptions...>::initialize(const FwdRunner<TileShape, DispatchPolicy, ActiveFusion, KernelOptions...>::ProblemShapeType &) [with TileShape=cute::tuple<cute::_64, cute::_128, cute::_64>, DispatchPolicy=KernelCooperative, ActiveFusion=cutlass::fmha::collective::CausalFusion, KernelOptions=<>]" at line 414
            instantiation of "ExampleResult FwdRunner<TileShape, DispatchPolicy, ActiveFusion, KernelOptions...>::run(const Options &, const cutlass::KernelHardwareInfo &) [with TileShape=cute::tuple<cute::_64, cute::_128, cute::_64>, DispatchPolicy=KernelCooperative, ActiveFusion=cutlass::fmha::collective::CausalFusion, KernelOptions=<>]" at line 976
            instantiation of "void run_fwd_64(Fusion, const Options &, const cutlass::KernelHardwareInfo &) [with Fusion=cutlass::fmha::collective::CausalFusion]" at line 1179

/home/yanwa/workspace/cutlass/examples/120_hopper_fmha_sm120/88_hopper_fmha.cu(393): error: name followed by "::" must be a class or namespace name
      auto layout_SFQ = Sm1xxBlkScaledConfig::tile_atom_to_shape_SFA(cute::make_shape(Q, K, D, 1));
                        ^
          detected during:
            instantiation of "void FwdRunner<TileShape, DispatchPolicy, ActiveFusion, KernelOptions...>::initialize(const FwdRunner<TileShape, DispatchPolicy, ActiveFusion, KernelOptions...>::ProblemShapeType &) [with TileShape=cute::tuple<cute::_64, cute::_128, cute::_64>, DispatchPolicy=KernelCooperative, ActiveFusion=cutlass::fmha::collective::CausalFusion, KernelOptions=<>]" at line 414
            instantiation of "ExampleResult FwdRunner<TileShape, DispatchPolicy, ActiveFusion, KernelOptions...>::run(const Options &, const cutlass::KernelHardwareInfo &) [with TileShape=cute::tuple<cute::_64, cute::_128, cute::_64>, DispatchPolicy=KernelCooperative, ActiveFusion=cutlass::fmha::collective::CausalFusion, KernelOptions=<>]" at line 976
            instantiation of "void run_fwd_64(Fusion, const Options &, const cutlass::KernelHardwareInfo &) [with Fusion=cutlass::fmha::collective::CausalFusion]" at line 1179

/home/yanwa/workspace/cutlass/examples/120_hopper_fmha_sm120/88_hopper_fmha.cu(394): error: name followed by "::" must be a class or namespace name
      auto layout_SFK = Sm1xxBlkScaledConfig::tile_atom_to_shape_SFB(cute::make_shape(Q, K, D, 1));
                        ^
          detected during:
            instantiation of "void FwdRunner<TileShape, DispatchPolicy, ActiveFusion, KernelOptions...>::initialize(const FwdRunner<TileShape, DispatchPolicy, ActiveFusion, KernelOptions...>::ProblemShapeType &) [with TileShape=cute::tuple<cute::_64, cute::_128, cute::_64>, DispatchPolicy=KernelCooperative, ActiveFusion=cutlass::fmha::collective::CausalFusion, KernelOptions=<>]" at line 414
            instantiation of "ExampleResult FwdRunner<TileShape, DispatchPolicy, ActiveFusion, KernelOptions...>::run(const Options &, const cutlass::KernelHardwareInfo &) [with TileShape=cute::tuple<cute::_64, cute::_128, cute::_64>, DispatchPolicy=KernelCooperative, ActiveFusion=cutlass::fmha::collective::CausalFusion, KernelOptions=<>]" at line 976
            instantiation of "void run_fwd_64(Fusion, const Options &, const cutlass::KernelHardwareInfo &) [with Fusion=cutlass::fmha::collective::CausalFusion]" at line 1179

/home/yanwa/workspace/cutlass/examples/120_hopper_fmha_sm120/88_hopper_fmha.cu(395): error: name followed by "::" must be a class or namespace name
      auto layout_SFV = Sm1xxBlkScaledConfig::tile_atom_to_shape_SFB(cute::make_shape(Q, K, D, 1));
                        ^
          detected during:
            instantiation of "void FwdRunner<TileShape, DispatchPolicy, ActiveFusion, KernelOptions...>::initialize(const FwdRunner<TileShape, DispatchPolicy, ActiveFusion, KernelOptions...>::ProblemShapeType &) [with TileShape=cute::tuple<cute::_64, cute::_128, cute::_64>, DispatchPolicy=KernelCooperative, ActiveFusion=cutlass::fmha::collective::CausalFusion, KernelOptions=<>]" at line 414
            instantiation of "ExampleResult FwdRunner<TileShape, DispatchPolicy, ActiveFusion, KernelOptions...>::run(const Options &, const cutlass::KernelHardwareInfo &) [with TileShape=cute::tuple<cute::_64, cute::_128, cute::_64>, DispatchPolicy=KernelCooperative, ActiveFusion=cutlass::fmha::collective::CausalFusion, KernelOptions=<>]" at line 976
            instantiation of "void run_fwd_64(Fusion, const Options &, const cutlass::KernelHardwareInfo &) [with Fusion=cutlass::fmha::collective::CausalFusion]" at line 1179

/home/yanwa/workspace/cutlass/examples/120_hopper_fmha_sm120/88_hopper_fmha.cu(421): error: a value of type "cutlass::nv_float4_t<cutlass::float_e2m1_t>::ScaleFactorType *" (aka "cutlass::float_ue4m3_t *") cannot be used to initialize an entity of type "float"
          block_SFQ.get(), stride_Q,
          ^
          detected during:
            instantiation of "ExampleResult FwdRunner<TileShape, DispatchPolicy, ActiveFusion, KernelOptions...>::run(const Options &, const cutlass::KernelHardwareInfo &) [with TileShape=cute::tuple<cute::_64, cute::_128, cute::_64>, DispatchPolicy=KernelCooperative, ActiveFusion=cutlass::fmha::collective::CausalFusion, KernelOptions=<>]" at line 976
            instantiation of "void run_fwd_64(Fusion, const Options &, const cutlass::KernelHardwareInfo &) [with Fusion=cutlass::fmha::collective::CausalFusion]" at line 1179

/home/yanwa/workspace/cutlass/examples/120_hopper_fmha_sm120/88_hopper_fmha.cu(421): error: no suitable conversion function from "FwdRunner<cute::Shape<cute::_64, cute::_128, cute::_64>, KernelCooperative, cutlass::fmha::collective::CausalFusion>::StrideQ" (aka "cute::tuple<int, cute::C<1>, cute::tuple<signed int, signed int>>") to "float" exists
          block_SFQ.get(), stride_Q,
                           ^
          detected during:
            instantiation of "ExampleResult FwdRunner<TileShape, DispatchPolicy, ActiveFusion, KernelOptions...>::run(const Options &, const cutlass::KernelHardwareInfo &) [with TileShape=cute::tuple<cute::_64, cute::_128, cute::_64>, DispatchPolicy=KernelCooperative, ActiveFusion=cutlass::fmha::collective::CausalFusion, KernelOptions=<>]" at line 976
            instantiation of "void run_fwd_64(Fusion, const Options &, const cutlass::KernelHardwareInfo &) [with Fusion=cutlass::fmha::collective::CausalFusion]" at line 1179

/home/yanwa/workspace/cutlass/examples/120_hopper_fmha_sm120/88_hopper_fmha.cu(422): error: a value of type "cutlass::nv_float4_t<cutlass::float_e2m1_t>::ScaleFactorType *" (aka "cutlass::float_ue4m3_t *") cannot be used to initialize an entity of type "float"
          block_SFK.get(), stride_K,
          ^
          detected during:
            instantiation of "ExampleResult FwdRunner<TileShape, DispatchPolicy, ActiveFusion, KernelOptions...>::run(const Options &, const cutlass::KernelHardwareInfo &) [with TileShape=cute::tuple<cute::_64, cute::_128, cute::_64>, DispatchPolicy=KernelCooperative, ActiveFusion=cutlass::fmha::collective::CausalFusion, KernelOptions=<>]" at line 976
            instantiation of "void run_fwd_64(Fusion, const Options &, const cutlass::KernelHardwareInfo &) [with Fusion=cutlass::fmha::collective::CausalFusion]" at line 1179

/home/yanwa/workspace/cutlass/examples/120_hopper_fmha_sm120/88_hopper_fmha.cu(422): error: too many initializer values
          block_SFK.get(), stride_K,
                           ^
          detected during:
            instantiation of "ExampleResult FwdRunner<TileShape, DispatchPolicy, ActiveFusion, KernelOptions...>::run(const Options &, const cutlass::KernelHardwareInfo &) [with TileShape=cute::tuple<cute::_64, cute::_128, cute::_64>, DispatchPolicy=KernelCooperative, ActiveFusion=cutlass::fmha::collective::CausalFusion, KernelOptions=<>]" at line 976
            instantiation of "void run_fwd_64(Fusion, const Options &, const cutlass::KernelHardwareInfo &) [with Fusion=cutlass::fmha::collective::CausalFusion]" at line 1179

/home/yanwa/workspace/cutlass/examples/120_hopper_fmha_sm120/device/../kernel/fmha_kernel_tma_warpspecialized.hpp(201): error: class "cutlass::fmha::collective::FmhaMainloopTma<cutlass::float_e2m1_t, float, float, cute::tuple<cute::_64, cute::_128, cute::_64>, cute::tuple<int, cute::_1, cute::tuple<int32_t, int32_t>>, cute::tuple<int, cute::_1, cute::tuple<int32_t, int32_t>>, cute::tuple<cute::_1, int, cute::tuple<int32_t, int32_t>>, cutlass::fmha::collective::CausalFusion>" has no member "kOuterLoadBytes"
      pipeline_params_outer.transaction_bytes = CollectiveMainloop::kOuterLoadBytes;
                                                                    ^
          detected during:
            instantiation of "void cutlass::fmha::kernel::FmhaKernelTmaWarpSpecialized<CollectiveMainloop, CollectiveEpilogue, TileScheduler, Options...>::operator()(const cutlass::fmha::kernel::FmhaKernelTmaWarpSpecialized<CollectiveMainloop, CollectiveEpilogue, TileScheduler, Options...>::Params &, char *) [with CollectiveMainloop=cutlass::fmha::collective::FmhaMainloopTma<cutlass::float_e2m1_t, float, float, cute::tuple<cute::_64, cute::_128, cute::_64>, cute::tuple<int, cute::_1, cute::tuple<int32_t, int32_t>>, cute::tuple<int, cute::_1, cute::tuple<int32_t, int32_t>>, cute::tuple<cute::_1, int, cute::tuple<int32_t, int32_t>>, cutlass::fmha::collective::CausalFusion>, CollectiveEpilogue=cutlass::fmha::collective::FmhaFwdEpilogue<cutlass::float_e2m1_t, float, cute::tuple<cute::_64, cute::_64, cute::_128>>, TileScheduler=cutlass::fmha::kernel::IndividualTileScheduler, Options=<>]" at line 123 of /home/yanwa/workspace/cutlass/include/cutlass/device_kernel.h
            instantiation of "void cutlass::device_kernel<Operator>(Operator::Params) [with Operator=cutlass::fmha::kernel::FmhaKernelTmaWarpSpecialized<cutlass::fmha::collective::FmhaMainloopTma<cutlass::float_e2m1_t, float, float, cute::tuple<cute::_64, cute::_128, cute::_64>, cute::tuple<int, cute::_1, cute::tuple<int32_t, int32_t>>, cute::tuple<int, cute::_1, cute::tuple<int32_t, int32_t>>, cute::tuple<cute::_1, int, cute::tuple<int32_t, int32_t>>, cutlass::fmha::collective::CausalFusion>, cutlass::fmha::collective::FmhaFwdEpilogue<cutlass::float_e2m1_t, float, cute::tuple<cute::_64, cute::_64, cute::_128>>, cutlass::fmha::kernel::IndividualTileScheduler>]" at line 177 of /home/yanwa/workspace/cutlass/examples/120_hopper_fmha_sm120/device/../device/device_universal.hpp
            instantiation of "cutlass::Status cutlass::device::Universal<Kernel_>::initialize(const cutlass::device::Universal<Kernel_>::Arguments &, void *, cudaStream_t) [with Kernel_=cutlass::fmha::kernel::FmhaKernelTmaWarpSpecialized<cutlass::fmha::collective::FmhaMainloopTma<cutlass::float_e2m1_t, float, float, cute::tuple<cute::_64, cute::_128, cute::_64>, cute::tuple<int, cute::_1, cute::tuple<int32_t, int32_t>>, cute::tuple<int, cute::_1, cute::tuple<int32_t, int32_t>>, cute::tuple<cute::_1, int, cute::tuple<int32_t, int32_t>>, cutlass::fmha::collective::CausalFusion>, cutlass::fmha::collective::FmhaFwdEpilogue<cutlass::float_e2m1_t, float, cute::tuple<cute::_64, cute::_64, cute::_128>>, cutlass::fmha::kernel::IndividualTileScheduler>]" at line 445 of /home/yanwa/workspace/cutlass/examples/120_hopper_fmha_sm120/88_hopper_fmha.cu
            instantiation of "ExampleResult FwdRunner<TileShape, DispatchPolicy, ActiveFusion, KernelOptions...>::run(const Options &, const cutlass::KernelHardwareInfo &) [with TileShape=cute::tuple<cute::_64, cute::_128, cute::_64>, DispatchPolicy=KernelCooperative, ActiveFusion=cutlass::fmha::collective::CausalFusion, KernelOptions=<>]" at line 976 of /home/yanwa/workspace/cutlass/examples/120_hopper_fmha_sm120/88_hopper_fmha.cu
            instantiation of "void run_fwd_64(Fusion, const Options &, const cutlass::KernelHardwareInfo &) [with Fusion=cutlass::fmha::collective::CausalFusion]" at line 1179 of /home/yanwa/workspace/cutlass/examples/120_hopper_fmha_sm120/88_hopper_fmha.cu

/home/yanwa/workspace/cutlass/examples/120_hopper_fmha_sm120/device/../kernel/fmha_kernel_tma_warpspecialized.hpp(206): error: class "cutlass::fmha::collective::FmhaMainloopTma<cutlass::float_e2m1_t, float, float, cute::tuple<cute::_64, cute::_128, cute::_64>, cute::tuple<int, cute::_1, cute::tuple<int32_t, int32_t>>, cute::tuple<int, cute::_1, cute::tuple<int32_t, int32_t>>, cute::tuple<cute::_1, int, cute::tuple<int32_t, int32_t>>, cutlass::fmha::collective::CausalFusion>" has no member "kInnerLoadBytes"
      pipeline_params_inner.transaction_bytes = CollectiveMainloop::kInnerLoadBytes;
                                                                    ^
          detected during:
            instantiation of "void cutlass::fmha::kernel::FmhaKernelTmaWarpSpecialized<CollectiveMainloop, CollectiveEpilogue, TileScheduler, Options...>::operator()(const cutlass::fmha::kernel::FmhaKernelTmaWarpSpecialized<CollectiveMainloop, CollectiveEpilogue, TileScheduler, Options...>::Params &, char *) [with CollectiveMainloop=cutlass::fmha::collective::FmhaMainloopTma<cutlass::float_e2m1_t, float, float, cute::tuple<cute::_64, cute::_128, cute::_64>, cute::tuple<int, cute::_1, cute::tuple<int32_t, int32_t>>, cute::tuple<int, cute::_1, cute::tuple<int32_t, int32_t>>, cute::tuple<cute::_1, int, cute::tuple<int32_t, int32_t>>, cutlass::fmha::collective::CausalFusion>, CollectiveEpilogue=cutlass::fmha::collective::FmhaFwdEpilogue<cutlass::float_e2m1_t, float, cute::tuple<cute::_64, cute::_64, cute::_128>>, TileScheduler=cutlass::fmha::kernel::IndividualTileScheduler, Options=<>]" at line 123 of /home/yanwa/workspace/cutlass/include/cutlass/device_kernel.h
            instantiation of "void cutlass::device_kernel<Operator>(Operator::Params) [with Operator=cutlass::fmha::kernel::FmhaKernelTmaWarpSpecialized<cutlass::fmha::collective::FmhaMainloopTma<cutlass::float_e2m1_t, float, float, cute::tuple<cute::_64, cute::_128, cute::_64>, cute::tuple<int, cute::_1, cute::tuple<int32_t, int32_t>>, cute::tuple<int, cute::_1, cute::tuple<int32_t, int32_t>>, cute::tuple<cute::_1, int, cute::tuple<int32_t, int32_t>>, cutlass::fmha::collective::CausalFusion>, cutlass::fmha::collective::FmhaFwdEpilogue<cutlass::float_e2m1_t, float, cute::tuple<cute::_64, cute::_64, cute::_128>>, cutlass::fmha::kernel::IndividualTileScheduler>]" at line 177 of /home/yanwa/workspace/cutlass/examples/120_hopper_fmha_sm120/device/../device/device_universal.hpp
            instantiation of "cutlass::Status cutlass::device::Universal<Kernel_>::initialize(const cutlass::device::Universal<Kernel_>::Arguments &, void *, cudaStream_t) [with Kernel_=cutlass::fmha::kernel::FmhaKernelTmaWarpSpecialized<cutlass::fmha::collective::FmhaMainloopTma<cutlass::float_e2m1_t, float, float, cute::tuple<cute::_64, cute::_128, cute::_64>, cute::tuple<int, cute::_1, cute::tuple<int32_t, int32_t>>, cute::tuple<int, cute::_1, cute::tuple<int32_t, int32_t>>, cute::tuple<cute::_1, int, cute::tuple<int32_t, int32_t>>, cutlass::fmha::collective::CausalFusion>, cutlass::fmha::collective::FmhaFwdEpilogue<cutlass::float_e2m1_t, float, cute::tuple<cute::_64, cute::_64, cute::_128>>, cutlass::fmha::kernel::IndividualTileScheduler>]" at line 445 of /home/yanwa/workspace/cutlass/examples/120_hopper_fmha_sm120/88_hopper_fmha.cu
            instantiation of "ExampleResult FwdRunner<TileShape, DispatchPolicy, ActiveFusion, KernelOptions...>::run(const Options &, const cutlass::KernelHardwareInfo &) [with TileShape=cute::tuple<cute::_64, cute::_128, cute::_64>, DispatchPolicy=KernelCooperative, ActiveFusion=cutlass::fmha::collective::CausalFusion, KernelOptions=<>]" at line 976 of /home/yanwa/workspace/cutlass/examples/120_hopper_fmha_sm120/88_hopper_fmha.cu
            instantiation of "void run_fwd_64(Fusion, const Options &, const cutlass::KernelHardwareInfo &) [with Fusion=cutlass::fmha::collective::CausalFusion]" at line 1179 of /home/yanwa/workspace/cutlass/examples/120_hopper_fmha_sm120/88_hopper_fmha.cu

/home/yanwa/workspace/cutlass/examples/120_hopper_fmha_sm120/device/../kernel/fmha_kernel_tma_warpspecialized.hpp(297): error: class "cutlass::fmha::collective::FmhaMainloopTma<cutlass::float_e2m1_t, float, float, cute::tuple<cute::_64, cute::_128, cute::_64>, cute::tuple<int, cute::_1, cute::tuple<int32_t, int32_t>>, cute::tuple<int, cute::_1, cute::tuple<int32_t, int32_t>>, cute::tuple<cute::_1, int, cute::tuple<int32_t, int32_t>>, cutlass::fmha::collective::CausalFusion>" has no member "load_kv_maybe_q"
            collective_mainloop.template load_kv_maybe_q<!kLoadsQSeparately>(
                                         ^
          detected during:
            instantiation of "void cutlass::fmha::kernel::FmhaKernelTmaWarpSpecialized<CollectiveMainloop, CollectiveEpilogue, TileScheduler, Options...>::operator()(const cutlass::fmha::kernel::FmhaKernelTmaWarpSpecialized<CollectiveMainloop, CollectiveEpilogue, TileScheduler, Options...>::Params &, char *) [with CollectiveMainloop=cutlass::fmha::collective::FmhaMainloopTma<cutlass::float_e2m1_t, float, float, cute::tuple<cute::_64, cute::_128, cute::_64>, cute::tuple<int, cute::_1, cute::tuple<int32_t, int32_t>>, cute::tuple<int, cute::_1, cute::tuple<int32_t, int32_t>>, cute::tuple<cute::_1, int, cute::tuple<int32_t, int32_t>>, cutlass::fmha::collective::CausalFusion>, CollectiveEpilogue=cutlass::fmha::collective::FmhaFwdEpilogue<cutlass::float_e2m1_t, float, cute::tuple<cute::_64, cute::_64, cute::_128>>, TileScheduler=cutlass::fmha::kernel::IndividualTileScheduler, Options=<>]" at line 123 of /home/yanwa/workspace/cutlass/include/cutlass/device_kernel.h
            instantiation of "void cutlass::device_kernel<Operator>(Operator::Params) [with Operator=cutlass::fmha::kernel::FmhaKernelTmaWarpSpecialized<cutlass::fmha::collective::FmhaMainloopTma<cutlass::float_e2m1_t, float, float, cute::tuple<cute::_64, cute::_128, cute::_64>, cute::tuple<int, cute::_1, cute::tuple<int32_t, int32_t>>, cute::tuple<int, cute::_1, cute::tuple<int32_t, int32_t>>, cute::tuple<cute::_1, int, cute::tuple<int32_t, int32_t>>, cutlass::fmha::collective::CausalFusion>, cutlass::fmha::collective::FmhaFwdEpilogue<cutlass::float_e2m1_t, float, cute::tuple<cute::_64, cute::_64, cute::_128>>, cutlass::fmha::kernel::IndividualTileScheduler>]" at line 177 of /home/yanwa/workspace/cutlass/examples/120_hopper_fmha_sm120/device/../device/device_universal.hpp
            instantiation of "cutlass::Status cutlass::device::Universal<Kernel_>::initialize(const cutlass::device::Universal<Kernel_>::Arguments &, void *, cudaStream_t) [with Kernel_=cutlass::fmha::kernel::FmhaKernelTmaWarpSpecialized<cutlass::fmha::collective::FmhaMainloopTma<cutlass::float_e2m1_t, float, float, cute::tuple<cute::_64, cute::_128, cute::_64>, cute::tuple<int, cute::_1, cute::tuple<int32_t, int32_t>>, cute::tuple<int, cute::_1, cute::tuple<int32_t, int32_t>>, cute::tuple<cute::_1, int, cute::tuple<int32_t, int32_t>>, cutlass::fmha::collective::CausalFusion>, cutlass::fmha::collective::FmhaFwdEpilogue<cutlass::float_e2m1_t, float, cute::tuple<cute::_64, cute::_64, cute::_128>>, cutlass::fmha::kernel::IndividualTileScheduler>]" at line 445 of /home/yanwa/workspace/cutlass/examples/120_hopper_fmha_sm120/88_hopper_fmha.cu
            instantiation of "ExampleResult FwdRunner<TileShape, DispatchPolicy, ActiveFusion, KernelOptions...>::run(const Options &, const cutlass::KernelHardwareInfo &) [with TileShape=cute::tuple<cute::_64, cute::_128, cute::_64>, DispatchPolicy=KernelCooperative, ActiveFusion=cutlass::fmha::collective::CausalFusion, KernelOptions=<>]" at line 976 of /home/yanwa/workspace/cutlass/examples/120_hopper_fmha_sm120/88_hopper_fmha.cu
            instantiation of "void run_fwd_64(Fusion, const Options &, const cutlass::KernelHardwareInfo &) [with Fusion=cutlass::fmha::collective::CausalFusion]" at line 1179 of /home/yanwa/workspace/cutlass/examples/120_hopper_fmha_sm120/88_hopper_fmha.cu

/home/yanwa/workspace/cutlass/examples/120_hopper_fmha_sm120/device/../kernel/fmha_kernel_tma_warpspecialized.hpp(298): warning #174-D: expression has no effect
              block_rank_in_cluster,
              ^
          detected during:
            instantiation of "void cutlass::fmha::kernel::FmhaKernelTmaWarpSpecialized<CollectiveMainloop, CollectiveEpilogue, TileScheduler, Options...>::operator()(const cutlass::fmha::kernel::FmhaKernelTmaWarpSpecialized<CollectiveMainloop, CollectiveEpilogue, TileScheduler, Options...>::Params &, char *) [with CollectiveMainloop=cutlass::fmha::collective::FmhaMainloopTma<cutlass::float_e2m1_t, float, float, cute::tuple<cute::_64, cute::_128, cute::_64>, cute::tuple<int, cute::_1, cute::tuple<int32_t, int32_t>>, cute::tuple<int, cute::_1, cute::tuple<int32_t, int32_t>>, cute::tuple<cute::_1, int, cute::tuple<int32_t, int32_t>>, cutlass::fmha::collective::CausalFusion>, CollectiveEpilogue=cutlass::fmha::collective::FmhaFwdEpilogue<cutlass::float_e2m1_t, float, cute::tuple<cute::_64, cute::_64, cute::_128>>, TileScheduler=cutlass::fmha::kernel::IndividualTileScheduler, Options=<>]" at line 123 of /home/yanwa/workspace/cutlass/include/cutlass/device_kernel.h
            instantiation of "void cutlass::device_kernel<Operator>(Operator::Params) [with Operator=cutlass::fmha::kernel::FmhaKernelTmaWarpSpecialized<cutlass::fmha::collective::FmhaMainloopTma<cutlass::float_e2m1_t, float, float, cute::tuple<cute::_64, cute::_128, cute::_64>, cute::tuple<int, cute::_1, cute::tuple<int32_t, int32_t>>, cute::tuple<int, cute::_1, cute::tuple<int32_t, int32_t>>, cute::tuple<cute::_1, int, cute::tuple<int32_t, int32_t>>, cutlass::fmha::collective::CausalFusion>, cutlass::fmha::collective::FmhaFwdEpilogue<cutlass::float_e2m1_t, float, cute::tuple<cute::_64, cute::_64, cute::_128>>, cutlass::fmha::kernel::IndividualTileScheduler>]" at line 177 of /home/yanwa/workspace/cutlass/examples/120_hopper_fmha_sm120/device/../device/device_universal.hpp
            instantiation of "cutlass::Status cutlass::device::Universal<Kernel_>::initialize(const cutlass::device::Universal<Kernel_>::Arguments &, void *, cudaStream_t) [with Kernel_=cutlass::fmha::kernel::FmhaKernelTmaWarpSpecialized<cutlass::fmha::collective::FmhaMainloopTma<cutlass::float_e2m1_t, float, float, cute::tuple<cute::_64, cute::_128, cute::_64>, cute::tuple<int, cute::_1, cute::tuple<int32_t, int32_t>>, cute::tuple<int, cute::_1, cute::tuple<int32_t, int32_t>>, cute::tuple<cute::_1, int, cute::tuple<int32_t, int32_t>>, cutlass::fmha::collective::CausalFusion>, cutlass::fmha::collective::FmhaFwdEpilogue<cutlass::float_e2m1_t, float, cute::tuple<cute::_64, cute::_64, cute::_128>>, cutlass::fmha::kernel::IndividualTileScheduler>]" at line 445 of /home/yanwa/workspace/cutlass/examples/120_hopper_fmha_sm120/88_hopper_fmha.cu
            instantiation of "ExampleResult FwdRunner<TileShape, DispatchPolicy, ActiveFusion, KernelOptions...>::run(const Options &, const cutlass::KernelHardwareInfo &) [with TileShape=cute::tuple<cute::_64, cute::_128, cute::_64>, DispatchPolicy=KernelCooperative, ActiveFusion=cutlass::fmha::collective::CausalFusion, KernelOptions=<>]" at line 976 of /home/yanwa/workspace/cutlass/examples/120_hopper_fmha_sm120/88_hopper_fmha.cu
            instantiation of "void run_fwd_64(Fusion, const Options &, const cutlass::KernelHardwareInfo &) [with Fusion=cutlass::fmha::collective::CausalFusion]" at line 1179 of /home/yanwa/workspace/cutlass/examples/120_hopper_fmha_sm120/88_hopper_fmha.cu

/home/yanwa/workspace/cutlass/examples/120_hopper_fmha_sm120/device/../kernel/fmha_kernel_tma_warpspecialized.hpp(298): warning #174-D: expression has no effect
              block_rank_in_cluster,
              ^
          detected during:
            instantiation of "void cutlass::fmha::kernel::FmhaKernelTmaWarpSpecialized<CollectiveMainloop, CollectiveEpilogue, TileScheduler, Options...>::operator()(const cutlass::fmha::kernel::FmhaKernelTmaWarpSpecialized<CollectiveMainloop, CollectiveEpilogue, TileScheduler, Options...>::Params &, char *) [with CollectiveMainloop=cutlass::fmha::collective::FmhaMainloopTma<cutlass::float_e2m1_t, float, float, cute::tuple<cute::_64, cute::_128, cute::_64>, cute::tuple<int, cute::_1, cute::tuple<int32_t, int32_t>>, cute::tuple<int, cute::_1, cute::tuple<int32_t, int32_t>>, cute::tuple<cute::_1, int, cute::tuple<int32_t, int32_t>>, cutlass::fmha::collective::CausalFusion>, CollectiveEpilogue=cutlass::fmha::collective::FmhaFwdEpilogue<cutlass::float_e2m1_t, float, cute::tuple<cute::_64, cute::_64, cute::_128>>, TileScheduler=cutlass::fmha::kernel::IndividualTileScheduler, Options=<>]" at line 123 of /home/yanwa/workspace/cutlass/include/cutlass/device_kernel.h
            instantiation of "void cutlass::device_kernel<Operator>(Operator::Params) [with Operator=cutlass::fmha::kernel::FmhaKernelTmaWarpSpecialized<cutlass::fmha::collective::FmhaMainloopTma<cutlass::float_e2m1_t, float, float, cute::tuple<cute::_64, cute::_128, cute::_64>, cute::tuple<int, cute::_1, cute::tuple<int32_t, int32_t>>, cute::tuple<int, cute::_1, cute::tuple<int32_t, int32_t>>, cute::tuple<cute::_1, int, cute::tuple<int32_t, int32_t>>, cutlass::fmha::collective::CausalFusion>, cutlass::fmha::collective::FmhaFwdEpilogue<cutlass::float_e2m1_t, float, cute::tuple<cute::_64, cute::_64, cute::_128>>, cutlass::fmha::kernel::IndividualTileScheduler>]" at line 177 of /home/yanwa/workspace/cutlass/examples/120_hopper_fmha_sm120/device/../device/device_universal.hpp
            instantiation of "cutlass::Status cutlass::device::Universal<Kernel_>::initialize(const cutlass::device::Universal<Kernel_>::Arguments &, void *, cudaStream_t) [with Kernel_=cutlass::fmha::kernel::FmhaKernelTmaWarpSpecialized<cutlass::fmha::collective::FmhaMainloopTma<cutlass::float_e2m1_t, float, float, cute::tuple<cute::_64, cute::_128, cute::_64>, cute::tuple<int, cute::_1, cute::tuple<int32_t, int32_t>>, cute::tuple<int, cute::_1, cute::tuple<int32_t, int32_t>>, cute::tuple<cute::_1, int, cute::tuple<int32_t, int32_t>>, cutlass::fmha::collective::CausalFusion>, cutlass::fmha::collective::FmhaFwdEpilogue<cutlass::float_e2m1_t, float, cute::tuple<cute::_64, cute::_64, cute::_128>>, cutlass::fmha::kernel::IndividualTileScheduler>]" at line 445 of /home/yanwa/workspace/cutlass/examples/120_hopper_fmha_sm120/88_hopper_fmha.cu
            instantiation of "ExampleResult FwdRunner<TileShape, DispatchPolicy, ActiveFusion, KernelOptions...>::run(const Options &, const cutlass::KernelHardwareInfo &) [with TileShape=cute::tuple<cute::_64, cute::_128, cute::_64>, DispatchPolicy=KernelCooperative, ActiveFusion=cutlass::fmha::collective::CausalFusion, KernelOptions=<>]" at line 976 of /home/yanwa/workspace/cutlass/examples/120_hopper_fmha_sm120/88_hopper_fmha.cu
            instantiation of "void run_fwd_64(Fusion, const Options &, const cutlass::KernelHardwareInfo &) [with Fusion=cutlass::fmha::collective::CausalFusion]" at line 1179 of /home/yanwa/workspace/cutlass/examples/120_hopper_fmha_sm120/88_hopper_fmha.cu

/home/yanwa/workspace/cutlass/examples/120_hopper_fmha_sm120/device/../kernel/fmha_kernel_tma_warpspecialized.hpp(298): warning #174-D: expression has no effect
              block_rank_in_cluster,
              ^
          detected during:
            instantiation of "void cutlass::fmha::kernel::FmhaKernelTmaWarpSpecialized<CollectiveMainloop, CollectiveEpilogue, TileScheduler, Options...>::operator()(const cutlass::fmha::kernel::FmhaKernelTmaWarpSpecialized<CollectiveMainloop, CollectiveEpilogue, TileScheduler, Options...>::Params &, char *) [with CollectiveMainloop=cutlass::fmha::collective::FmhaMainloopTma<cutlass::float_e2m1_t, float, float, cute::tuple<cute::_64, cute::_128, cute::_64>, cute::tuple<int, cute::_1, cute::tuple<int32_t, int32_t>>, cute::tuple<int, cute::_1, cute::tuple<int32_t, int32_t>>, cute::tuple<cute::_1, int, cute::tuple<int32_t, int32_t>>, cutlass::fmha::collective::CausalFusion>, CollectiveEpilogue=cutlass::fmha::collective::FmhaFwdEpilogue<cutlass::float_e2m1_t, float, cute::tuple<cute::_64, cute::_64, cute::_128>>, TileScheduler=cutlass::fmha::kernel::IndividualTileScheduler, Options=<>]" at line 123 of /home/yanwa/workspace/cutlass/include/cutlass/device_kernel.h
            instantiation of "void cutlass::device_kernel<Operator>(Operator::Params) [with Operator=cutlass::fmha::kernel::FmhaKernelTmaWarpSpecialized<cutlass::fmha::collective::FmhaMainloopTma<cutlass::float_e2m1_t, float, float, cute::tuple<cute::_64, cute::_128, cute::_64>, cute::tuple<int, cute::_1, cute::tuple<int32_t, int32_t>>, cute::tuple<int, cute::_1, cute::tuple<int32_t, int32_t>>, cute::tuple<cute::_1, int, cute::tuple<int32_t, int32_t>>, cutlass::fmha::collective::CausalFusion>, cutlass::fmha::collective::FmhaFwdEpilogue<cutlass::float_e2m1_t, float, cute::tuple<cute::_64, cute::_64, cute::_128>>, cutlass::fmha::kernel::IndividualTileScheduler>]" at line 177 of /home/yanwa/workspace/cutlass/examples/120_hopper_fmha_sm120/device/../device/device_universal.hpp
            instantiation of "cutlass::Status cutlass::device::Universal<Kernel_>::initialize(const cutlass::device::Universal<Kernel_>::Arguments &, void *, cudaStream_t) [with Kernel_=cutlass::fmha::kernel::FmhaKernelTmaWarpSpecialized<cutlass::fmha::collective::FmhaMainloopTma<cutlass::float_e2m1_t, float, float, cute::tuple<cute::_64, cute::_128, cute::_64>, cute::tuple<int, cute::_1, cute::tuple<int32_t, int32_t>>, cute::tuple<int, cute::_1, cute::tuple<int32_t, int32_t>>, cute::tuple<cute::_1, int, cute::tuple<int32_t, int32_t>>, cutlass::fmha::collective::CausalFusion>, cutlass::fmha::collective::FmhaFwdEpilogue<cutlass::float_e2m1_t, float, cute::tuple<cute::_64, cute::_64, cute::_128>>, cutlass::fmha::kernel::IndividualTileScheduler>]" at line 445 of /home/yanwa/workspace/cutlass/examples/120_hopper_fmha_sm120/88_hopper_fmha.cu
            instantiation of "ExampleResult FwdRunner<TileShape, DispatchPolicy, ActiveFusion, KernelOptions...>::run(const Options &, const cutlass::KernelHardwareInfo &) [with TileShape=cute::tuple<cute::_64, cute::_128, cute::_64>, DispatchPolicy=KernelCooperative, ActiveFusion=cutlass::fmha::collective::CausalFusion, KernelOptions=<>]" at line 976 of /home/yanwa/workspace/cutlass/examples/120_hopper_fmha_sm120/88_hopper_fmha.cu
            instantiation of "void run_fwd_64(Fusion, const Options &, const cutlass::KernelHardwareInfo &) [with Fusion=cutlass::fmha::collective::CausalFusion]" at line 1179 of /home/yanwa/workspace/cutlass/examples/120_hopper_fmha_sm120/88_hopper_fmha.cu

/home/yanwa/workspace/cutlass/examples/120_hopper_fmha_sm120/device/../kernel/fmha_kernel_tma_warpspecialized.hpp(298): warning #174-D: expression has no effect
              block_rank_in_cluster,
              ^
          detected during:
            instantiation of "void cutlass::fmha::kernel::FmhaKernelTmaWarpSpecialized<CollectiveMainloop, CollectiveEpilogue, TileScheduler, Options...>::operator()(const cutlass::fmha::kernel::FmhaKernelTmaWarpSpecialized<CollectiveMainloop, CollectiveEpilogue, TileScheduler, Options...>::Params &, char *) [with CollectiveMainloop=cutlass::fmha::collective::FmhaMainloopTma<cutlass::float_e2m1_t, float, float, cute::tuple<cute::_64, cute::_128, cute::_64>, cute::tuple<int, cute::_1, cute::tuple<int32_t, int32_t>>, cute::tuple<int, cute::_1, cute::tuple<int32_t, int32_t>>, cute::tuple<cute::_1, int, cute::tuple<int32_t, int32_t>>, cutlass::fmha::collective::CausalFusion>, CollectiveEpilogue=cutlass::fmha::collective::FmhaFwdEpilogue<cutlass::float_e2m1_t, float, cute::tuple<cute::_64, cute::_64, cute::_128>>, TileScheduler=cutlass::fmha::kernel::IndividualTileScheduler, Options=<>]" at line 123 of /home/yanwa/workspace/cutlass/include/cutlass/device_kernel.h
            instantiation of "void cutlass::device_kernel<Operator>(Operator::Params) [with Operator=cutlass::fmha::kernel::FmhaKernelTmaWarpSpecialized<cutlass::fmha::collective::FmhaMainloopTma<cutlass::float_e2m1_t, float, float, cute::tuple<cute::_64, cute::_128, cute::_64>, cute::tuple<int, cute::_1, cute::tuple<int32_t, int32_t>>, cute::tuple<int, cute::_1, cute::tuple<int32_t, int32_t>>, cute::tuple<cute::_1, int, cute::tuple<int32_t, int32_t>>, cutlass::fmha::collective::CausalFusion>, cutlass::fmha::collective::FmhaFwdEpilogue<cutlass::float_e2m1_t, float, cute::tuple<cute::_64, cute::_64, cute::_128>>, cutlass::fmha::kernel::IndividualTileScheduler>]" at line 177 of /home/yanwa/workspace/cutlass/examples/120_hopper_fmha_sm120/device/../device/device_universal.hpp
            instantiation of "cutlass::Status cutlass::device::Universal<Kernel_>::initialize(const cutlass::device::Universal<Kernel_>::Arguments &, void *, cudaStream_t) [with Kernel_=cutlass::fmha::kernel::FmhaKernelTmaWarpSpecialized<cutlass::fmha::collective::FmhaMainloopTma<cutlass::float_e2m1_t, float, float, cute::tuple<cute::_64, cute::_128, cute::_64>, cute::tuple<int, cute::_1, cute::tuple<int32_t, int32_t>>, cute::tuple<int, cute::_1, cute::tuple<int32_t, int32_t>>, cute::tuple<cute::_1, int, cute::tuple<int32_t, int32_t>>, cutlass::fmha::collective::CausalFusion>, cutlass::fmha::collective::FmhaFwdEpilogue<cutlass::float_e2m1_t, float, cute::tuple<cute::_64, cute::_64, cute::_128>>, cutlass::fmha::kernel::IndividualTileScheduler>]" at line 445 of /home/yanwa/workspace/cutlass/examples/120_hopper_fmha_sm120/88_hopper_fmha.cu
            instantiation of "ExampleResult FwdRunner<TileShape, DispatchPolicy, ActiveFusion, KernelOptions...>::run(const Options &, const cutlass::KernelHardwareInfo &) [with TileShape=cute::tuple<cute::_64, cute::_128, cute::_64>, DispatchPolicy=KernelCooperative, ActiveFusion=cutlass::fmha::collective::CausalFusion, KernelOptions=<>]" at line 976 of /home/yanwa/workspace/cutlass/examples/120_hopper_fmha_sm120/88_hopper_fmha.cu
            instantiation of "void run_fwd_64(Fusion, const Options &, const cutlass::KernelHardwareInfo &) [with Fusion=cutlass::fmha::collective::CausalFusion]" at line 1179 of /home/yanwa/workspace/cutlass/examples/120_hopper_fmha_sm120/88_hopper_fmha.cu

/home/yanwa/workspace/cutlass/examples/120_hopper_fmha_sm120/device/../kernel/fmha_kernel_tma_warpspecialized.hpp(298): warning #174-D: expression has no effect
              block_rank_in_cluster,
              ^
          detected during:
            instantiation of "void cutlass::fmha::kernel::FmhaKernelTmaWarpSpecialized<CollectiveMainloop, CollectiveEpilogue, TileScheduler, Options...>::operator()(const cutlass::fmha::kernel::FmhaKernelTmaWarpSpecialized<CollectiveMainloop, CollectiveEpilogue, TileScheduler, Options...>::Params &, char *) [with CollectiveMainloop=cutlass::fmha::collective::FmhaMainloopTma<cutlass::float_e2m1_t, float, float, cute::tuple<cute::_64, cute::_128, cute::_64>, cute::tuple<int, cute::_1, cute::tuple<int32_t, int32_t>>, cute::tuple<int, cute::_1, cute::tuple<int32_t, int32_t>>, cute::tuple<cute::_1, int, cute::tuple<int32_t, int32_t>>, cutlass::fmha::collective::CausalFusion>, CollectiveEpilogue=cutlass::fmha::collective::FmhaFwdEpilogue<cutlass::float_e2m1_t, float, cute::tuple<cute::_64, cute::_64, cute::_128>>, TileScheduler=cutlass::fmha::kernel::IndividualTileScheduler, Options=<>]" at line 123 of /home/yanwa/workspace/cutlass/include/cutlass/device_kernel.h
            instantiation of "void cutlass::device_kernel<Operator>(Operator::Params) [with Operator=cutlass::fmha::kernel::FmhaKernelTmaWarpSpecialized<cutlass::fmha::collective::FmhaMainloopTma<cutlass::float_e2m1_t, float, float, cute::tuple<cute::_64, cute::_128, cute::_64>, cute::tuple<int, cute::_1, cute::tuple<int32_t, int32_t>>, cute::tuple<int, cute::_1, cute::tuple<int32_t, int32_t>>, cute::tuple<cute::_1, int, cute::tuple<int32_t, int32_t>>, cutlass::fmha::collective::CausalFusion>, cutlass::fmha::collective::FmhaFwdEpilogue<cutlass::float_e2m1_t, float, cute::tuple<cute::_64, cute::_64, cute::_128>>, cutlass::fmha::kernel::IndividualTileScheduler>]" at line 177 of /home/yanwa/workspace/cutlass/examples/120_hopper_fmha_sm120/device/../device/device_universal.hpp
            instantiation of "cutlass::Status cutlass::device::Universal<Kernel_>::initialize(const cutlass::device::Universal<Kernel_>::Arguments &, void *, cudaStream_t) [with Kernel_=cutlass::fmha::kernel::FmhaKernelTmaWarpSpecialized<cutlass::fmha::collective::FmhaMainloopTma<cutlass::float_e2m1_t, float, float, cute::tuple<cute::_64, cute::_128, cute::_64>, cute::tuple<int, cute::_1, cute::tuple<int32_t, int32_t>>, cute::tuple<int, cute::_1, cute::tuple<int32_t, int32_t>>, cute::tuple<cute::_1, int, cute::tuple<int32_t, int32_t>>, cutlass::fmha::collective::CausalFusion>, cutlass::fmha::collective::FmhaFwdEpilogue<cutlass::float_e2m1_t, float, cute::tuple<cute::_64, cute::_64, cute::_128>>, cutlass::fmha::kernel::IndividualTileScheduler>]" at line 445 of /home/yanwa/workspace/cutlass/examples/120_hopper_fmha_sm120/88_hopper_fmha.cu
            instantiation of "ExampleResult FwdRunner<TileShape, DispatchPolicy, ActiveFusion, KernelOptions...>::run(const Options &, const cutlass::KernelHardwareInfo &) [with TileShape=cute::tuple<cute::_64, cute::_128, cute::_64>, DispatchPolicy=KernelCooperative, ActiveFusion=cutlass::fmha::collective::CausalFusion, KernelOptions=<>]" at line 976 of /home/yanwa/workspace/cutlass/examples/120_hopper_fmha_sm120/88_hopper_fmha.cu
            instantiation of "void run_fwd_64(Fusion, const Options &, const cutlass::KernelHardwareInfo &) [with Fusion=cutlass::fmha::collective::CausalFusion]" at line 1179 of /home/yanwa/workspace/cutlass/examples/120_hopper_fmha_sm120/88_hopper_fmha.cu

/home/yanwa/workspace/cutlass/examples/120_hopper_fmha_sm120/device/../kernel/fmha_kernel_tma_warpspecialized.hpp(298): warning #174-D: expression has no effect
              block_rank_in_cluster,
              ^
          detected during:
            instantiation of "void cutlass::fmha::kernel::FmhaKernelTmaWarpSpecialized<CollectiveMainloop, CollectiveEpilogue, TileScheduler, Options...>::operator()(const cutlass::fmha::kernel::FmhaKernelTmaWarpSpecialized<CollectiveMainloop, CollectiveEpilogue, TileScheduler, Options...>::Params &, char *) [with CollectiveMainloop=cutlass::fmha::collective::FmhaMainloopTma<cutlass::float_e2m1_t, float, float, cute::tuple<cute::_64, cute::_128, cute::_64>, cute::tuple<int, cute::_1, cute::tuple<int32_t, int32_t>>, cute::tuple<int, cute::_1, cute::tuple<int32_t, int32_t>>, cute::tuple<cute::_1, int, cute::tuple<int32_t, int32_t>>, cutlass::fmha::collective::CausalFusion>, CollectiveEpilogue=cutlass::fmha::collective::FmhaFwdEpilogue<cutlass::float_e2m1_t, float, cute::tuple<cute::_64, cute::_64, cute::_128>>, TileScheduler=cutlass::fmha::kernel::IndividualTileScheduler, Options=<>]" at line 123 of /home/yanwa/workspace/cutlass/include/cutlass/device_kernel.h
            instantiation of "void cutlass::device_kernel<Operator>(Operator::Params) [with Operator=cutlass::fmha::kernel::FmhaKernelTmaWarpSpecialized<cutlass::fmha::collective::FmhaMainloopTma<cutlass::float_e2m1_t, float, float, cute::tuple<cute::_64, cute::_128, cute::_64>, cute::tuple<int, cute::_1, cute::tuple<int32_t, int32_t>>, cute::tuple<int, cute::_1, cute::tuple<int32_t, int32_t>>, cute::tuple<cute::_1, int, cute::tuple<int32_t, int32_t>>, cutlass::fmha::collective::CausalFusion>, cutlass::fmha::collective::FmhaFwdEpilogue<cutlass::float_e2m1_t, float, cute::tuple<cute::_64, cute::_64, cute::_128>>, cutlass::fmha::kernel::IndividualTileScheduler>]" at line 177 of /home/yanwa/workspace/cutlass/examples/120_hopper_fmha_sm120/device/../device/device_universal.hpp
            instantiation of "cutlass::Status cutlass::device::Universal<Kernel_>::initialize(const cutlass::device::Universal<Kernel_>::Arguments &, void *, cudaStream_t) [with Kernel_=cutlass::fmha::kernel::FmhaKernelTmaWarpSpecialized<cutlass::fmha::collective::FmhaMainloopTma<cutlass::float_e2m1_t, float, float, cute::tuple<cute::_64, cute::_128, cute::_64>, cute::tuple<int, cute::_1, cute::tuple<int32_t, int32_t>>, cute::tuple<int, cute::_1, cute::tuple<int32_t, int32_t>>, cute::tuple<cute::_1, int, cute::tuple<int32_t, int32_t>>, cutlass::fmha::collective::CausalFusion>, cutlass::fmha::collective::FmhaFwdEpilogue<cutlass::float_e2m1_t, float, cute::tuple<cute::_64, cute::_64, cute::_128>>, cutlass::fmha::kernel::IndividualTileScheduler>]" at line 445 of /home/yanwa/workspace/cutlass/examples/120_hopper_fmha_sm120/88_hopper_fmha.cu
            instantiation of "ExampleResult FwdRunner<TileShape, DispatchPolicy, ActiveFusion, KernelOptions...>::run(const Options &, const cutlass::KernelHardwareInfo &) [with TileShape=cute::tuple<cute::_64, cute::_128, cute::_64>, DispatchPolicy=KernelCooperative, ActiveFusion=cutlass::fmha::collective::CausalFusion, KernelOptions=<>]" at line 976 of /home/yanwa/workspace/cutlass/examples/120_hopper_fmha_sm120/88_hopper_fmha.cu
            instantiation of "void run_fwd_64(Fusion, const Options &, const cutlass::KernelHardwareInfo &) [with Fusion=cutlass::fmha::collective::CausalFusion]" at line 1179 of /home/yanwa/workspace/cutlass/examples/120_hopper_fmha_sm120/88_hopper_fmha.cu

/home/yanwa/workspace/cutlass/examples/120_hopper_fmha_sm120/device/../kernel/fmha_kernel_tma_warpspecialized.hpp(298): warning #174-D: expression has no effect
              block_rank_in_cluster,
              ^
          detected during:
            instantiation of "void cutlass::fmha::kernel::FmhaKernelTmaWarpSpecialized<CollectiveMainloop, CollectiveEpilogue, TileScheduler, Options...>::operator()(const cutlass::fmha::kernel::FmhaKernelTmaWarpSpecialized<CollectiveMainloop, CollectiveEpilogue, TileScheduler, Options...>::Params &, char *) [with CollectiveMainloop=cutlass::fmha::collective::FmhaMainloopTma<cutlass::float_e2m1_t, float, float, cute::tuple<cute::_64, cute::_128, cute::_64>, cute::tuple<int, cute::_1, cute::tuple<int32_t, int32_t>>, cute::tuple<int, cute::_1, cute::tuple<int32_t, int32_t>>, cute::tuple<cute::_1, int, cute::tuple<int32_t, int32_t>>, cutlass::fmha::collective::CausalFusion>, CollectiveEpilogue=cutlass::fmha::collective::FmhaFwdEpilogue<cutlass::float_e2m1_t, float, cute::tuple<cute::_64, cute::_64, cute::_128>>, TileScheduler=cutlass::fmha::kernel::IndividualTileScheduler, Options=<>]" at line 123 of /home/yanwa/workspace/cutlass/include/cutlass/device_kernel.h
            instantiation of "void cutlass::device_kernel<Operator>(Operator::Params) [with Operator=cutlass::fmha::kernel::FmhaKernelTmaWarpSpecialized<cutlass::fmha::collective::FmhaMainloopTma<cutlass::float_e2m1_t, float, float, cute::tuple<cute::_64, cute::_128, cute::_64>, cute::tuple<int, cute::_1, cute::tuple<int32_t, int32_t>>, cute::tuple<int, cute::_1, cute::tuple<int32_t, int32_t>>, cute::tuple<cute::_1, int, cute::tuple<int32_t, int32_t>>, cutlass::fmha::collective::CausalFusion>, cutlass::fmha::collective::FmhaFwdEpilogue<cutlass::float_e2m1_t, float, cute::tuple<cute::_64, cute::_64, cute::_128>>, cutlass::fmha::kernel::IndividualTileScheduler>]" at line 177 of /home/yanwa/workspace/cutlass/examples/120_hopper_fmha_sm120/device/../device/device_universal.hpp
            instantiation of "cutlass::Status cutlass::device::Universal<Kernel_>::initialize(const cutlass::device::Universal<Kernel_>::Arguments &, void *, cudaStream_t) [with Kernel_=cutlass::fmha::kernel::FmhaKernelTmaWarpSpecialized<cutlass::fmha::collective::FmhaMainloopTma<cutlass::float_e2m1_t, float, float, cute::tuple<cute::_64, cute::_128, cute::_64>, cute::tuple<int, cute::_1, cute::tuple<int32_t, int32_t>>, cute::tuple<int, cute::_1, cute::tuple<int32_t, int32_t>>, cute::tuple<cute::_1, int, cute::tuple<int32_t, int32_t>>, cutlass::fmha::collective::CausalFusion>, cutlass::fmha::collective::FmhaFwdEpilogue<cutlass::float_e2m1_t, float, cute::tuple<cute::_64, cute::_64, cute::_128>>, cutlass::fmha::kernel::IndividualTileScheduler>]" at line 445 of /home/yanwa/workspace/cutlass/examples/120_hopper_fmha_sm120/88_hopper_fmha.cu
            instantiation of "ExampleResult FwdRunner<TileShape, DispatchPolicy, ActiveFusion, KernelOptions...>::run(const Options &, const cutlass::KernelHardwareInfo &) [with TileShape=cute::tuple<cute::_64, cute::_128, cute::_64>, DispatchPolicy=KernelCooperative, ActiveFusion=cutlass::fmha::collective::CausalFusion, KernelOptions=<>]" at line 976 of /home/yanwa/workspace/cutlass/examples/120_hopper_fmha_sm120/88_hopper_fmha.cu
            instantiation of "void run_fwd_64(Fusion, const Options &, const cutlass::KernelHardwareInfo &) [with Fusion=cutlass::fmha::collective::CausalFusion]" at line 1179 of /home/yanwa/workspace/cutlass/examples/120_hopper_fmha_sm120/88_hopper_fmha.cu

/home/yanwa/workspace/cutlass/examples/120_hopper_fmha_sm120/device/../kernel/fmha_kernel_tma_warpspecialized.hpp(298): warning #174-D: expression has no effect
              block_rank_in_cluster,
              ^
          detected during:
            instantiation of "void cutlass::fmha::kernel::FmhaKernelTmaWarpSpecialized<CollectiveMainloop, CollectiveEpilogue, TileScheduler, Options...>::operator()(const cutlass::fmha::kernel::FmhaKernelTmaWarpSpecialized<CollectiveMainloop, CollectiveEpilogue, TileScheduler, Options...>::Params &, char *) [with CollectiveMainloop=cutlass::fmha::collective::FmhaMainloopTma<cutlass::float_e2m1_t, float, float, cute::tuple<cute::_64, cute::_128, cute::_64>, cute::tuple<int, cute::_1, cute::tuple<int32_t, int32_t>>, cute::tuple<int, cute::_1, cute::tuple<int32_t, int32_t>>, cute::tuple<cute::_1, int, cute::tuple<int32_t, int32_t>>, cutlass::fmha::collective::CausalFusion>, CollectiveEpilogue=cutlass::fmha::collective::FmhaFwdEpilogue<cutlass::float_e2m1_t, float, cute::tuple<cute::_64, cute::_64, cute::_128>>, TileScheduler=cutlass::fmha::kernel::IndividualTileScheduler, Options=<>]" at line 123 of /home/yanwa/workspace/cutlass/include/cutlass/device_kernel.h
            instantiation of "void cutlass::device_kernel<Operator>(Operator::Params) [with Operator=cutlass::fmha::kernel::FmhaKernelTmaWarpSpecialized<cutlass::fmha::collective::FmhaMainloopTma<cutlass::float_e2m1_t, float, float, cute::tuple<cute::_64, cute::_128, cute::_64>, cute::tuple<int, cute::_1, cute::tuple<int32_t, int32_t>>, cute::tuple<int, cute::_1, cute::tuple<int32_t, int32_t>>, cute::tuple<cute::_1, int, cute::tuple<int32_t, int32_t>>, cutlass::fmha::collective::CausalFusion>, cutlass::fmha::collective::FmhaFwdEpilogue<cutlass::float_e2m1_t, float, cute::tuple<cute::_64, cute::_64, cute::_128>>, cutlass::fmha::kernel::IndividualTileScheduler>]" at line 177 of /home/yanwa/workspace/cutlass/examples/120_hopper_fmha_sm120/device/../device/device_universal.hpp
            instantiation of "cutlass::Status cutlass::device::Universal<Kernel_>::initialize(const cutlass::device::Universal<Kernel_>::Arguments &, void *, cudaStream_t) [with Kernel_=cutlass::fmha::kernel::FmhaKernelTmaWarpSpecialized<cutlass::fmha::collective::FmhaMainloopTma<cutlass::float_e2m1_t, float, float, cute::tuple<cute::_64, cute::_128, cute::_64>, cute::tuple<int, cute::_1, cute::tuple<int32_t, int32_t>>, cute::tuple<int, cute::_1, cute::tuple<int32_t, int32_t>>, cute::tuple<cute::_1, int, cute::tuple<int32_t, int32_t>>, cutlass::fmha::collective::CausalFusion>, cutlass::fmha::collective::FmhaFwdEpilogue<cutlass::float_e2m1_t, float, cute::tuple<cute::_64, cute::_64, cute::_128>>, cutlass::fmha::kernel::IndividualTileScheduler>]" at line 445 of /home/yanwa/workspace/cutlass/examples/120_hopper_fmha_sm120/88_hopper_fmha.cu
            instantiation of "ExampleResult FwdRunner<TileShape, DispatchPolicy, ActiveFusion, KernelOptions...>::run(const Options &, const cutlass::KernelHardwareInfo &) [with TileShape=cute::tuple<cute::_64, cute::_128, cute::_64>, DispatchPolicy=KernelCooperative, ActiveFusion=cutlass::fmha::collective::CausalFusion, KernelOptions=<>]" at line 976 of /home/yanwa/workspace/cutlass/examples/120_hopper_fmha_sm120/88_hopper_fmha.cu
            instantiation of "void run_fwd_64(Fusion, const Options &, const cutlass::KernelHardwareInfo &) [with Fusion=cutlass::fmha::collective::CausalFusion]" at line 1179 of /home/yanwa/workspace/cutlass/examples/120_hopper_fmha_sm120/88_hopper_fmha.cu

/home/yanwa/workspace/cutlass/examples/120_hopper_fmha_sm120/device/../kernel/fmha_kernel_tma_warpspecialized.hpp(298): warning #174-D: expression has no effect
              block_rank_in_cluster,
              ^
          detected during:
            instantiation of "void cutlass::fmha::kernel::FmhaKernelTmaWarpSpecialized<CollectiveMainloop, CollectiveEpilogue, TileScheduler, Options...>::operator()(const cutlass::fmha::kernel::FmhaKernelTmaWarpSpecialized<CollectiveMainloop, CollectiveEpilogue, TileScheduler, Options...>::Params &, char *) [with CollectiveMainloop=cutlass::fmha::collective::FmhaMainloopTma<cutlass::float_e2m1_t, float, float, cute::tuple<cute::_64, cute::_128, cute::_64>, cute::tuple<int, cute::_1, cute::tuple<int32_t, int32_t>>, cute::tuple<int, cute::_1, cute::tuple<int32_t, int32_t>>, cute::tuple<cute::_1, int, cute::tuple<int32_t, int32_t>>, cutlass::fmha::collective::CausalFusion>, CollectiveEpilogue=cutlass::fmha::collective::FmhaFwdEpilogue<cutlass::float_e2m1_t, float, cute::tuple<cute::_64, cute::_64, cute::_128>>, TileScheduler=cutlass::fmha::kernel::IndividualTileScheduler, Options=<>]" at line 123 of /home/yanwa/workspace/cutlass/include/cutlass/device_kernel.h
            instantiation of "void cutlass::device_kernel<Operator>(Operator::Params) [with Operator=cutlass::fmha::kernel::FmhaKernelTmaWarpSpecialized<cutlass::fmha::collective::FmhaMainloopTma<cutlass::float_e2m1_t, float, float, cute::tuple<cute::_64, cute::_128, cute::_64>, cute::tuple<int, cute::_1, cute::tuple<int32_t, int32_t>>, cute::tuple<int, cute::_1, cute::tuple<int32_t, int32_t>>, cute::tuple<cute::_1, int, cute::tuple<int32_t, int32_t>>, cutlass::fmha::collective::CausalFusion>, cutlass::fmha::collective::FmhaFwdEpilogue<cutlass::float_e2m1_t, float, cute::tuple<cute::_64, cute::_64, cute::_128>>, cutlass::fmha::kernel::IndividualTileScheduler>]" at line 177 of /home/yanwa/workspace/cutlass/examples/120_hopper_fmha_sm120/device/../device/device_universal.hpp
            instantiation of "cutlass::Status cutlass::device::Universal<Kernel_>::initialize(const cutlass::device::Universal<Kernel_>::Arguments &, void *, cudaStream_t) [with Kernel_=cutlass::fmha::kernel::FmhaKernelTmaWarpSpecialized<cutlass::fmha::collective::FmhaMainloopTma<cutlass::float_e2m1_t, float, float, cute::tuple<cute::_64, cute::_128, cute::_64>, cute::tuple<int, cute::_1, cute::tuple<int32_t, int32_t>>, cute::tuple<int, cute::_1, cute::tuple<int32_t, int32_t>>, cute::tuple<cute::_1, int, cute::tuple<int32_t, int32_t>>, cutlass::fmha::collective::CausalFusion>, cutlass::fmha::collective::FmhaFwdEpilogue<cutlass::float_e2m1_t, float, cute::tuple<cute::_64, cute::_64, cute::_128>>, cutlass::fmha::kernel::IndividualTileScheduler>]" at line 445 of /home/yanwa/workspace/cutlass/examples/120_hopper_fmha_sm120/88_hopper_fmha.cu
            instantiation of "ExampleResult FwdRunner<TileShape, DispatchPolicy, ActiveFusion, KernelOptions...>::run(const Options &, const cutlass::KernelHardwareInfo &) [with TileShape=cute::tuple<cute::_64, cute::_128, cute::_64>, DispatchPolicy=KernelCooperative, ActiveFusion=cutlass::fmha::collective::CausalFusion, KernelOptions=<>]" at line 976 of /home/yanwa/workspace/cutlass/examples/120_hopper_fmha_sm120/88_hopper_fmha.cu
            instantiation of "void run_fwd_64(Fusion, const Options &, const cutlass::KernelHardwareInfo &) [with Fusion=cutlass::fmha::collective::CausalFusion]" at line 1179 of /home/yanwa/workspace/cutlass/examples/120_hopper_fmha_sm120/88_hopper_fmha.cu

/home/yanwa/workspace/cutlass/examples/120_hopper_fmha_sm120/device/../kernel/fmha_kernel_tma_warpspecialized.hpp(298): warning #174-D: expression has no effect
              block_rank_in_cluster,
              ^
          detected during:
            instantiation of "void cutlass::fmha::kernel::FmhaKernelTmaWarpSpecialized<CollectiveMainloop, CollectiveEpilogue, TileScheduler, Options...>::operator()(const cutlass::fmha::kernel::FmhaKernelTmaWarpSpecialized<CollectiveMainloop, CollectiveEpilogue, TileScheduler, Options...>::Params &, char *) [with CollectiveMainloop=cutlass::fmha::collective::FmhaMainloopTma<cutlass::float_e2m1_t, float, float, cute::tuple<cute::_64, cute::_128, cute::_64>, cute::tuple<int, cute::_1, cute::tuple<int32_t, int32_t>>, cute::tuple<int, cute::_1, cute::tuple<int32_t, int32_t>>, cute::tuple<cute::_1, int, cute::tuple<int32_t, int32_t>>, cutlass::fmha::collective::CausalFusion>, CollectiveEpilogue=cutlass::fmha::collective::FmhaFwdEpilogue<cutlass::float_e2m1_t, float, cute::tuple<cute::_64, cute::_64, cute::_128>>, TileScheduler=cutlass::fmha::kernel::IndividualTileScheduler, Options=<>]" at line 123 of /home/yanwa/workspace/cutlass/include/cutlass/device_kernel.h
            instantiation of "void cutlass::device_kernel<Operator>(Operator::Params) [with Operator=cutlass::fmha::kernel::FmhaKernelTmaWarpSpecialized<cutlass::fmha::collective::FmhaMainloopTma<cutlass::float_e2m1_t, float, float, cute::tuple<cute::_64, cute::_128, cute::_64>, cute::tuple<int, cute::_1, cute::tuple<int32_t, int32_t>>, cute::tuple<int, cute::_1, cute::tuple<int32_t, int32_t>>, cute::tuple<cute::_1, int, cute::tuple<int32_t, int32_t>>, cutlass::fmha::collective::CausalFusion>, cutlass::fmha::collective::FmhaFwdEpilogue<cutlass::float_e2m1_t, float, cute::tuple<cute::_64, cute::_64, cute::_128>>, cutlass::fmha::kernel::IndividualTileScheduler>]" at line 177 of /home/yanwa/workspace/cutlass/examples/120_hopper_fmha_sm120/device/../device/device_universal.hpp
            instantiation of "cutlass::Status cutlass::device::Universal<Kernel_>::initialize(const cutlass::device::Universal<Kernel_>::Arguments &, void *, cudaStream_t) [with Kernel_=cutlass::fmha::kernel::FmhaKernelTmaWarpSpecialized<cutlass::fmha::collective::FmhaMainloopTma<cutlass::float_e2m1_t, float, float, cute::tuple<cute::_64, cute::_128, cute::_64>, cute::tuple<int, cute::_1, cute::tuple<int32_t, int32_t>>, cute::tuple<int, cute::_1, cute::tuple<int32_t, int32_t>>, cute::tuple<cute::_1, int, cute::tuple<int32_t, int32_t>>, cutlass::fmha::collective::CausalFusion>, cutlass::fmha::collective::FmhaFwdEpilogue<cutlass::float_e2m1_t, float, cute::tuple<cute::_64, cute::_64, cute::_128>>, cutlass::fmha::kernel::IndividualTileScheduler>]" at line 445 of /home/yanwa/workspace/cutlass/examples/120_hopper_fmha_sm120/88_hopper_fmha.cu
            instantiation of "ExampleResult FwdRunner<TileShape, DispatchPolicy, ActiveFusion, KernelOptions...>::run(const Options &, const cutlass::KernelHardwareInfo &) [with TileShape=cute::tuple<cute::_64, cute::_128, cute::_64>, DispatchPolicy=KernelCooperative, ActiveFusion=cutlass::fmha::collective::CausalFusion, KernelOptions=<>]" at line 976 of /home/yanwa/workspace/cutlass/examples/120_hopper_fmha_sm120/88_hopper_fmha.cu
            instantiation of "void run_fwd_64(Fusion, const Options &, const cutlass::KernelHardwareInfo &) [with Fusion=cutlass::fmha::collective::CausalFusion]" at line 1179 of /home/yanwa/workspace/cutlass/examples/120_hopper_fmha_sm120/88_hopper_fmha.cu

/home/yanwa/workspace/cutlass/examples/120_hopper_fmha_sm120/device/../kernel/fmha_kernel_tma_warpspecialized.hpp(314): error: class "cutlass::fmha::collective::FmhaMainloopTma<cutlass::float_e2m1_t, float, float, cute::tuple<cute::_64, cute::_128, cute::_64>, cute::tuple<int, cute::_1, cute::tuple<int32_t, int32_t>>, cute::tuple<int, cute::_1, cute::tuple<int32_t, int32_t>>, cute::tuple<cute::_1, int, cute::tuple<int32_t, int32_t>>, cutlass::fmha::collective::CausalFusion>" has no member "load_maybe_q"
            collective_mainloop.load_maybe_q(
                                ^
          detected during:
            instantiation of "void cutlass::fmha::kernel::FmhaKernelTmaWarpSpecialized<CollectiveMainloop, CollectiveEpilogue, TileScheduler, Options...>::operator()(const cutlass::fmha::kernel::FmhaKernelTmaWarpSpecialized<CollectiveMainloop, CollectiveEpilogue, TileScheduler, Options...>::Params &, char *) [with CollectiveMainloop=cutlass::fmha::collective::FmhaMainloopTma<cutlass::float_e2m1_t, float, float, cute::tuple<cute::_64, cute::_128, cute::_64>, cute::tuple<int, cute::_1, cute::tuple<int32_t, int32_t>>, cute::tuple<int, cute::_1, cute::tuple<int32_t, int32_t>>, cute::tuple<cute::_1, int, cute::tuple<int32_t, int32_t>>, cutlass::fmha::collective::CausalFusion>, CollectiveEpilogue=cutlass::fmha::collective::FmhaFwdEpilogue<cutlass::float_e2m1_t, float, cute::tuple<cute::_64, cute::_64, cute::_128>>, TileScheduler=cutlass::fmha::kernel::IndividualTileScheduler, Options=<>]" at line 123 of /home/yanwa/workspace/cutlass/include/cutlass/device_kernel.h
            instantiation of "void cutlass::device_kernel<Operator>(Operator::Params) [with Operator=cutlass::fmha::kernel::FmhaKernelTmaWarpSpecialized<cutlass::fmha::collective::FmhaMainloopTma<cutlass::float_e2m1_t, float, float, cute::tuple<cute::_64, cute::_128, cute::_64>, cute::tuple<int, cute::_1, cute::tuple<int32_t, int32_t>>, cute::tuple<int, cute::_1, cute::tuple<int32_t, int32_t>>, cute::tuple<cute::_1, int, cute::tuple<int32_t, int32_t>>, cutlass::fmha::collective::CausalFusion>, cutlass::fmha::collective::FmhaFwdEpilogue<cutlass::float_e2m1_t, float, cute::tuple<cute::_64, cute::_64, cute::_128>>, cutlass::fmha::kernel::IndividualTileScheduler>]" at line 177 of /home/yanwa/workspace/cutlass/examples/120_hopper_fmha_sm120/device/../device/device_universal.hpp
            instantiation of "cutlass::Status cutlass::device::Universal<Kernel_>::initialize(const cutlass::device::Universal<Kernel_>::Arguments &, void *, cudaStream_t) [with Kernel_=cutlass::fmha::kernel::FmhaKernelTmaWarpSpecialized<cutlass::fmha::collective::FmhaMainloopTma<cutlass::float_e2m1_t, float, float, cute::tuple<cute::_64, cute::_128, cute::_64>, cute::tuple<int, cute::_1, cute::tuple<int32_t, int32_t>>, cute::tuple<int, cute::_1, cute::tuple<int32_t, int32_t>>, cute::tuple<cute::_1, int, cute::tuple<int32_t, int32_t>>, cutlass::fmha::collective::CausalFusion>, cutlass::fmha::collective::FmhaFwdEpilogue<cutlass::float_e2m1_t, float, cute::tuple<cute::_64, cute::_64, cute::_128>>, cutlass::fmha::kernel::IndividualTileScheduler>]" at line 445 of /home/yanwa/workspace/cutlass/examples/120_hopper_fmha_sm120/88_hopper_fmha.cu
            instantiation of "ExampleResult FwdRunner<TileShape, DispatchPolicy, ActiveFusion, KernelOptions...>::run(const Options &, const cutlass::KernelHardwareInfo &) [with TileShape=cute::tuple<cute::_64, cute::_128, cute::_64>, DispatchPolicy=KernelCooperative, ActiveFusion=cutlass::fmha::collective::CausalFusion, KernelOptions=<>]" at line 976 of /home/yanwa/workspace/cutlass/examples/120_hopper_fmha_sm120/88_hopper_fmha.cu
            instantiation of "void run_fwd_64(Fusion, const Options &, const cutlass::KernelHardwareInfo &) [with Fusion=cutlass::fmha::collective::CausalFusion]" at line 1179 of /home/yanwa/workspace/cutlass/examples/120_hopper_fmha_sm120/88_hopper_fmha.cu

/home/yanwa/workspace/cutlass/examples/120_hopper_fmha_sm120/device/../kernel/fmha_kernel_tma_warpspecialized.hpp(325): error: class "cutlass::fmha::collective::FmhaMainloopTma<cutlass::float_e2m1_t, float, float, cute::tuple<cute::_64, cute::_128, cute::_64>, cute::tuple<int, cute::_1, cute::tuple<int32_t, int32_t>>, cute::tuple<int, cute::_1, cute::tuple<int32_t, int32_t>>, cute::tuple<cute::_1, int, cute::tuple<int32_t, int32_t>>, cutlass::fmha::collective::CausalFusion>" has no member "reduce"
            collective_mainloop.reduce(
                                ^
          detected during:
            instantiation of "void cutlass::fmha::kernel::FmhaKernelTmaWarpSpecialized<CollectiveMainloop, CollectiveEpilogue, TileScheduler, Options...>::operator()(const cutlass::fmha::kernel::FmhaKernelTmaWarpSpecialized<CollectiveMainloop, CollectiveEpilogue, TileScheduler, Options...>::Params &, char *) [with CollectiveMainloop=cutlass::fmha::collective::FmhaMainloopTma<cutlass::float_e2m1_t, float, float, cute::tuple<cute::_64, cute::_128, cute::_64>, cute::tuple<int, cute::_1, cute::tuple<int32_t, int32_t>>, cute::tuple<int, cute::_1, cute::tuple<int32_t, int32_t>>, cute::tuple<cute::_1, int, cute::tuple<int32_t, int32_t>>, cutlass::fmha::collective::CausalFusion>, CollectiveEpilogue=cutlass::fmha::collective::FmhaFwdEpilogue<cutlass::float_e2m1_t, float, cute::tuple<cute::_64, cute::_64, cute::_128>>, TileScheduler=cutlass::fmha::kernel::IndividualTileScheduler, Options=<>]" at line 123 of /home/yanwa/workspace/cutlass/include/cutlass/device_kernel.h
            instantiation of "void cutlass::device_kernel<Operator>(Operator::Params) [with Operator=cutlass::fmha::kernel::FmhaKernelTmaWarpSpecialized<cutlass::fmha::collective::FmhaMainloopTma<cutlass::float_e2m1_t, float, float, cute::tuple<cute::_64, cute::_128, cute::_64>, cute::tuple<int, cute::_1, cute::tuple<int32_t, int32_t>>, cute::tuple<int, cute::_1, cute::tuple<int32_t, int32_t>>, cute::tuple<cute::_1, int, cute::tuple<int32_t, int32_t>>, cutlass::fmha::collective::CausalFusion>, cutlass::fmha::collective::FmhaFwdEpilogue<cutlass::float_e2m1_t, float, cute::tuple<cute::_64, cute::_64, cute::_128>>, cutlass::fmha::kernel::IndividualTileScheduler>]" at line 177 of /home/yanwa/workspace/cutlass/examples/120_hopper_fmha_sm120/device/../device/device_universal.hpp
            instantiation of "cutlass::Status cutlass::device::Universal<Kernel_>::initialize(const cutlass::device::Universal<Kernel_>::Arguments &, void *, cudaStream_t) [with Kernel_=cutlass::fmha::kernel::FmhaKernelTmaWarpSpecialized<cutlass::fmha::collective::FmhaMainloopTma<cutlass::float_e2m1_t, float, float, cute::tuple<cute::_64, cute::_128, cute::_64>, cute::tuple<int, cute::_1, cute::tuple<int32_t, int32_t>>, cute::tuple<int, cute::_1, cute::tuple<int32_t, int32_t>>, cute::tuple<cute::_1, int, cute::tuple<int32_t, int32_t>>, cutlass::fmha::collective::CausalFusion>, cutlass::fmha::collective::FmhaFwdEpilogue<cutlass::float_e2m1_t, float, cute::tuple<cute::_64, cute::_64, cute::_128>>, cutlass::fmha::kernel::IndividualTileScheduler>]" at line 445 of /home/yanwa/workspace/cutlass/examples/120_hopper_fmha_sm120/88_hopper_fmha.cu
            instantiation of "ExampleResult FwdRunner<TileShape, DispatchPolicy, ActiveFusion, KernelOptions...>::run(const Options &, const cutlass::KernelHardwareInfo &) [with TileShape=cute::tuple<cute::_64, cute::_128, cute::_64>, DispatchPolicy=KernelCooperative, ActiveFusion=cutlass::fmha::collective::CausalFusion, KernelOptions=<>]" at line 976 of /home/yanwa/workspace/cutlass/examples/120_hopper_fmha_sm120/88_hopper_fmha.cu
            instantiation of "void run_fwd_64(Fusion, const Options &, const cutlass::KernelHardwareInfo &) [with Fusion=cutlass::fmha::collective::CausalFusion]" at line 1179 of /home/yanwa/workspace/cutlass/examples/120_hopper_fmha_sm120/88_hopper_fmha.cu

/home/yanwa/workspace/cutlass/examples/120_hopper_fmha_sm120/device/../kernel/fmha_kernel_tma_warpspecialized.hpp(339): error: no instance of function template "cutlass::arch::warpgroup_reg_alloc" matches the argument list
        cutlass::arch::warpgroup_reg_alloc<MmaRegisterRequirement>();
        ^
/home/yanwa/workspace/cutlass/include/cutlass/arch/reg_reconfig.h(74): note #3323-D: substituting explicit template arguments "<<expression>>" for function template "cutlass::arch::warpgroup_reg_alloc" failed
  void warpgroup_reg_alloc(){
       ^
          detected during:
            instantiation of "void cutlass::fmha::kernel::FmhaKernelTmaWarpSpecialized<CollectiveMainloop, CollectiveEpilogue, TileScheduler, Options...>::operator()(const cutlass::fmha::kernel::FmhaKernelTmaWarpSpecialized<CollectiveMainloop, CollectiveEpilogue, TileScheduler, Options...>::Params &, char *) [with CollectiveMainloop=cutlass::fmha::collective::FmhaMainloopTma<cutlass::float_e2m1_t, float, float, cute::tuple<cute::_64, cute::_128, cute::_64>, cute::tuple<int, cute::_1, cute::tuple<int32_t, int32_t>>, cute::tuple<int, cute::_1, cute::tuple<int32_t, int32_t>>, cute::tuple<cute::_1, int, cute::tuple<int32_t, int32_t>>, cutlass::fmha::collective::CausalFusion>, CollectiveEpilogue=cutlass::fmha::collective::FmhaFwdEpilogue<cutlass::float_e2m1_t, float, cute::tuple<cute::_64, cute::_64, cute::_128>>, TileScheduler=cutlass::fmha::kernel::IndividualTileScheduler, Options=<>]" at line 123 of /home/yanwa/workspace/cutlass/include/cutlass/device_kernel.h
            instantiation of "void cutlass::device_kernel<Operator>(Operator::Params) [with Operator=cutlass::fmha::kernel::FmhaKernelTmaWarpSpecialized<cutlass::fmha::collective::FmhaMainloopTma<cutlass::float_e2m1_t, float, float, cute::tuple<cute::_64, cute::_128, cute::_64>, cute::tuple<int, cute::_1, cute::tuple<int32_t, int32_t>>, cute::tuple<int, cute::_1, cute::tuple<int32_t, int32_t>>, cute::tuple<cute::_1, int, cute::tuple<int32_t, int32_t>>, cutlass::fmha::collective::CausalFusion>, cutlass::fmha::collective::FmhaFwdEpilogue<cutlass::float_e2m1_t, float, cute::tuple<cute::_64, cute::_64, cute::_128>>, cutlass::fmha::kernel::IndividualTileScheduler>]" at line 177 of /home/yanwa/workspace/cutlass/examples/120_hopper_fmha_sm120/device/../device/device_universal.hpp
            instantiation of "cutlass::Status cutlass::device::Universal<Kernel_>::initialize(const cutlass::device::Universal<Kernel_>::Arguments &, void *, cudaStream_t) [with Kernel_=cutlass::fmha::kernel::FmhaKernelTmaWarpSpecialized<cutlass::fmha::collective::FmhaMainloopTma<cutlass::float_e2m1_t, float, float, cute::tuple<cute::_64, cute::_128, cute::_64>, cute::tuple<int, cute::_1, cute::tuple<int32_t, int32_t>>, cute::tuple<int, cute::_1, cute::tuple<int32_t, int32_t>>, cute::tuple<cute::_1, int, cute::tuple<int32_t, int32_t>>, cutlass::fmha::collective::CausalFusion>, cutlass::fmha::collective::FmhaFwdEpilogue<cutlass::float_e2m1_t, float, cute::tuple<cute::_64, cute::_64, cute::_128>>, cutlass::fmha::kernel::IndividualTileScheduler>]" at line 445 of /home/yanwa/workspace/cutlass/examples/120_hopper_fmha_sm120/88_hopper_fmha.cu
            instantiation of "ExampleResult FwdRunner<TileShape, DispatchPolicy, ActiveFusion, KernelOptions...>::run(const Options &, const cutlass::KernelHardwareInfo &) [with TileShape=cute::tuple<cute::_64, cute::_128, cute::_64>, DispatchPolicy=KernelCooperative, ActiveFusion=cutlass::fmha::collective::CausalFusion, KernelOptions=<>]" at line 976 of /home/yanwa/workspace/cutlass/examples/120_hopper_fmha_sm120/88_hopper_fmha.cu
            instantiation of "void run_fwd_64(Fusion, const Options &, const cutlass::KernelHardwareInfo &) [with Fusion=cutlass::fmha::collective::CausalFusion]" at line 1179 of /home/yanwa/workspace/cutlass/examples/120_hopper_fmha_sm120/88_hopper_fmha.cu

/home/yanwa/workspace/cutlass/examples/120_hopper_fmha_sm120/device/../kernel/fmha_kernel_tma_warpspecialized.hpp(345): error: class "cutlass::fmha::collective::FmhaMainloopTma<cutlass::float_e2m1_t, float, float, cute::tuple<cute::_64, cute::_128, cute::_64>, cute::tuple<int, cute::_1, cute::tuple<int32_t, int32_t>>, cute::tuple<int, cute::_1, cute::tuple<int32_t, int32_t>>, cute::tuple<cute::_1, int, cute::tuple<int32_t, int32_t>>, cutlass::fmha::collective::CausalFusion>" has no member "kOuterLoads"
          constexpr int kOuterLoads = CollectiveMainloop::kOuterLoads;
                                                          ^
          detected during:
            instantiation of "void cutlass::fmha::kernel::FmhaKernelTmaWarpSpecialized<CollectiveMainloop, CollectiveEpilogue, TileScheduler, Options...>::operator()(const cutlass::fmha::kernel::FmhaKernelTmaWarpSpecialized<CollectiveMainloop, CollectiveEpilogue, TileScheduler, Options...>::Params &, char *) [with CollectiveMainloop=cutlass::fmha::collective::FmhaMainloopTma<cutlass::float_e2m1_t, float, float, cute::tuple<cute::_64, cute::_128, cute::_64>, cute::tuple<int, cute::_1, cute::tuple<int32_t, int32_t>>, cute::tuple<int, cute::_1, cute::tuple<int32_t, int32_t>>, cute::tuple<cute::_1, int, cute::tuple<int32_t, int32_t>>, cutlass::fmha::collective::CausalFusion>, CollectiveEpilogue=cutlass::fmha::collective::FmhaFwdEpilogue<cutlass::float_e2m1_t, float, cute::tuple<cute::_64, cute::_64, cute::_128>>, TileScheduler=cutlass::fmha::kernel::IndividualTileScheduler, Options=<>]" at line 123 of /home/yanwa/workspace/cutlass/include/cutlass/device_kernel.h
            instantiation of "void cutlass::device_kernel<Operator>(Operator::Params) [with Operator=cutlass::fmha::kernel::FmhaKernelTmaWarpSpecialized<cutlass::fmha::collective::FmhaMainloopTma<cutlass::float_e2m1_t, float, float, cute::tuple<cute::_64, cute::_128, cute::_64>, cute::tuple<int, cute::_1, cute::tuple<int32_t, int32_t>>, cute::tuple<int, cute::_1, cute::tuple<int32_t, int32_t>>, cute::tuple<cute::_1, int, cute::tuple<int32_t, int32_t>>, cutlass::fmha::collective::CausalFusion>, cutlass::fmha::collective::FmhaFwdEpilogue<cutlass::float_e2m1_t, float, cute::tuple<cute::_64, cute::_64, cute::_128>>, cutlass::fmha::kernel::IndividualTileScheduler>]" at line 177 of /home/yanwa/workspace/cutlass/examples/120_hopper_fmha_sm120/device/../device/device_universal.hpp
            instantiation of "cutlass::Status cutlass::device::Universal<Kernel_>::initialize(const cutlass::device::Universal<Kernel_>::Arguments &, void *, cudaStream_t) [with Kernel_=cutlass::fmha::kernel::FmhaKernelTmaWarpSpecialized<cutlass::fmha::collective::FmhaMainloopTma<cutlass::float_e2m1_t, float, float, cute::tuple<cute::_64, cute::_128, cute::_64>, cute::tuple<int, cute::_1, cute::tuple<int32_t, int32_t>>, cute::tuple<int, cute::_1, cute::tuple<int32_t, int32_t>>, cute::tuple<cute::_1, int, cute::tuple<int32_t, int32_t>>, cutlass::fmha::collective::CausalFusion>, cutlass::fmha::collective::FmhaFwdEpilogue<cutlass::float_e2m1_t, float, cute::tuple<cute::_64, cute::_64, cute::_128>>, cutlass::fmha::kernel::IndividualTileScheduler>]" at line 445 of /home/yanwa/workspace/cutlass/examples/120_hopper_fmha_sm120/88_hopper_fmha.cu
            instantiation of "ExampleResult FwdRunner<TileShape, DispatchPolicy, ActiveFusion, KernelOptions...>::run(const Options &, const cutlass::KernelHardwareInfo &) [with TileShape=cute::tuple<cute::_64, cute::_128, cute::_64>, DispatchPolicy=KernelCooperative, ActiveFusion=cutlass::fmha::collective::CausalFusion, KernelOptions=<>]" at line 976 of /home/yanwa/workspace/cutlass/examples/120_hopper_fmha_sm120/88_hopper_fmha.cu
            instantiation of "void run_fwd_64(Fusion, const Options &, const cutlass::KernelHardwareInfo &) [with Fusion=cutlass::fmha::collective::CausalFusion]" at line 1179 of /home/yanwa/workspace/cutlass/examples/120_hopper_fmha_sm120/88_hopper_fmha.cu

/home/yanwa/workspace/cutlass/examples/120_hopper_fmha_sm120/device/../kernel/fmha_kernel_tma_warpspecialized.hpp(375): error: no instance of function template "cutlass::fmha::collective::FmhaMainloopTma<Element_, ElementAccumulatorQK_, ElementAccumulatorPV_, TileShape_, LayoutQ_, LayoutK_, LayoutV_, Fusion, Options...>::compute [with Element_=cutlass::float_e2m1_t, ElementAccumulatorQK_=float, ElementAccumulatorPV_=float, TileShape_=cute::tuple<cute::_64, cute::_128, cute::_64>, LayoutQ_=cute::tuple<int, cute::_1, cute::tuple<int32_t, int32_t>>, LayoutK_=cute::tuple<int, cute::_1, cute::tuple<int32_t, int32_t>>, LayoutV_=cute::tuple<cute::_1, int, cute::tuple<int32_t, int32_t>>, Fusion=cutlass::fmha::collective::CausalFusion, Options=<>]" matches the argument list
            argument types are: (cute::tuple<unsigned int, cute::_0, cute::tuple<uint32_t, uint32_t>>, cute::tuple<unsigned int, cute::_0, cute::tuple<uint32_t, uint32_t>>, const cutlass::fmha::collective::FmhaMainloopTma<cutlass::float_e2m1_t, float, float, cute::tuple<cute::_64, cute::_128, cute::_64>, cute::tuple<int, cute::_1, cute::tuple<int32_t, int32_t>>, cute::tuple<int, cute::_1, cute::tuple<int32_t, int32_t>>, cute::tuple<cute::_1, int, cute::tuple<int32_t, int32_t>>, cutlass::fmha::collective::CausalFusion>::Params, const cute::tuple<int, int, int, int, int>, cutlass::PipelineTmaAsync<4>, cutlass::PipelineState<4U>, cutlass::PipelineTmaAsync<1>, cutlass::PipelineState<1U>, cutlass::PipelineAsync<2>, cutlass::PipelineState<2U>, cutlass::fmha::collective::FmhaMainloopTma<cutlass::float_e2m1_t, float, float, cute::tuple<cute::_64, cute::_128, cute::_64>, cute::tuple<int, cute::_1, cute::tuple<int32_t, int32_t>>, cute::tuple<int, cute::_1, cute::tuple<int32_t, int32_t>>, cute::tuple<cute::_1, int, cute::tuple<int32_t, int32_t>>, cutlass::fmha::collective::CausalFusion>::SharedStorage, cutlass::OrderedSequenceBarrier<2, <error-constant>>)
            object type is: cutlass::fmha::collective::FmhaMainloopTma<cutlass::float_e2m1_t, float, float, cute::tuple<cute::_64, cute::_128, cute::_64>, cute::tuple<int, cute::_1, cute::tuple<int32_t, int32_t>>, cute::tuple<int, cute::_1, cute::tuple<int32_t, int32_t>>, cute::tuple<cute::_1, int, cute::tuple<int32_t, int32_t>>, cutlass::fmha::collective::CausalFusion>
          auto result = collective_mainloop.compute(
                                            ^
/home/yanwa/workspace/cutlass/examples/120_hopper_fmha_sm120/kernel/../collective/fmha_collective_tma.hpp(273): note #3322-D: number of parameters of function template "cutlass::fmha::collective::FmhaMainloopTma<Element_, ElementAccumulatorQK_, ElementAccumulatorPV_, TileShape_, LayoutQ_, LayoutK_, LayoutV_, Fusion, Options...>::compute [with Element_=cutlass::float_e2m1_t, ElementAccumulatorQK_=float, ElementAccumulatorPV_=float, TileShape_=cute::tuple<cute::_64, cute::_128, cute::_64>, LayoutQ_=cute::tuple<int, cute::_1, cute::tuple<int32_t, int32_t>>, LayoutK_=cute::tuple<int, cute::_1, cute::tuple<int32_t, int32_t>>, LayoutV_=cute::tuple<cute::_1, int, cute::tuple<int32_t, int32_t>>, Fusion=cutlass::fmha::collective::CausalFusion, Options=<>]" does not match the call
    compute(
    ^
          detected during:
            instantiation of "void cutlass::fmha::kernel::FmhaKernelTmaWarpSpecialized<CollectiveMainloop, CollectiveEpilogue, TileScheduler, Options...>::operator()(const cutlass::fmha::kernel::FmhaKernelTmaWarpSpecialized<CollectiveMainloop, CollectiveEpilogue, TileScheduler, Options...>::Params &, char *) [with CollectiveMainloop=cutlass::fmha::collective::FmhaMainloopTma<cutlass::float_e2m1_t, float, float, cute::tuple<cute::_64, cute::_128, cute::_64>, cute::tuple<int, cute::_1, cute::tuple<int32_t, int32_t>>, cute::tuple<int, cute::_1, cute::tuple<int32_t, int32_t>>, cute::tuple<cute::_1, int, cute::tuple<int32_t, int32_t>>, cutlass::fmha::collective::CausalFusion>, CollectiveEpilogue=cutlass::fmha::collective::FmhaFwdEpilogue<cutlass::float_e2m1_t, float, cute::tuple<cute::_64, cute::_64, cute::_128>>, TileScheduler=cutlass::fmha::kernel::IndividualTileScheduler, Options=<>]" at line 123 of /home/yanwa/workspace/cutlass/include/cutlass/device_kernel.h
            instantiation of "void cutlass::device_kernel<Operator>(Operator::Params) [with Operator=cutlass::fmha::kernel::FmhaKernelTmaWarpSpecialized<cutlass::fmha::collective::FmhaMainloopTma<cutlass::float_e2m1_t, float, float, cute::tuple<cute::_64, cute::_128, cute::_64>, cute::tuple<int, cute::_1, cute::tuple<int32_t, int32_t>>, cute::tuple<int, cute::_1, cute::tuple<int32_t, int32_t>>, cute::tuple<cute::_1, int, cute::tuple<int32_t, int32_t>>, cutlass::fmha::collective::CausalFusion>, cutlass::fmha::collective::FmhaFwdEpilogue<cutlass::float_e2m1_t, float, cute::tuple<cute::_64, cute::_64, cute::_128>>, cutlass::fmha::kernel::IndividualTileScheduler>]" at line 177 of /home/yanwa/workspace/cutlass/examples/120_hopper_fmha_sm120/device/../device/device_universal.hpp
            instantiation of "cutlass::Status cutlass::device::Universal<Kernel_>::initialize(const cutlass::device::Universal<Kernel_>::Arguments &, void *, cudaStream_t) [with Kernel_=cutlass::fmha::kernel::FmhaKernelTmaWarpSpecialized<cutlass::fmha::collective::FmhaMainloopTma<cutlass::float_e2m1_t, float, float, cute::tuple<cute::_64, cute::_128, cute::_64>, cute::tuple<int, cute::_1, cute::tuple<int32_t, int32_t>>, cute::tuple<int, cute::_1, cute::tuple<int32_t, int32_t>>, cute::tuple<cute::_1, int, cute::tuple<int32_t, int32_t>>, cutlass::fmha::collective::CausalFusion>, cutlass::fmha::collective::FmhaFwdEpilogue<cutlass::float_e2m1_t, float, cute::tuple<cute::_64, cute::_64, cute::_128>>, cutlass::fmha::kernel::IndividualTileScheduler>]" at line 445 of /home/yanwa/workspace/cutlass/examples/120_hopper_fmha_sm120/88_hopper_fmha.cu
            instantiation of "ExampleResult FwdRunner<TileShape, DispatchPolicy, ActiveFusion, KernelOptions...>::run(const Options &, const cutlass::KernelHardwareInfo &) [with TileShape=cute::tuple<cute::_64, cute::_128, cute::_64>, DispatchPolicy=KernelCooperative, ActiveFusion=cutlass::fmha::collective::CausalFusion, KernelOptions=<>]" at line 976 of /home/yanwa/workspace/cutlass/examples/120_hopper_fmha_sm120/88_hopper_fmha.cu
            instantiation of "void run_fwd_64(Fusion, const Options &, const cutlass::KernelHardwareInfo &) [with Fusion=cutlass::fmha::collective::CausalFusion]" at line 1179 of /home/yanwa/workspace/cutlass/examples/120_hopper_fmha_sm120/88_hopper_fmha.cu

/home/yanwa/workspace/cutlass/examples/120_hopper_fmha_sm120/device/../kernel/fmha_kernel_tma_warpspecialized.hpp(59): error: class "cutlass::fmha::collective::FmhaMainloopTma<cutlass::float_e2m1_t, float, float, cute::tuple<cute::_128, cute::_64, cute::_64>, cute::tuple<int, cute::_1, cute::tuple<int32_t, int32_t>>, cute::tuple<int, cute::_1, cute::tuple<int32_t, int32_t>>, cute::tuple<cute::_1, int, cute::tuple<int32_t, int32_t>>, cutlass::fmha::collective::CausalFusion>" has no member "NumMmaWarpGroups"
    static constexpr int NumMmaWarpGroups = CollectiveMainloop::NumMmaWarpGroups;
                                                                ^
          detected during:
            instantiation of class "cutlass::fmha::kernel::FmhaKernelTmaWarpSpecialized<CollectiveMainloop, CollectiveEpilogue, TileScheduler, Options...> [with CollectiveMainloop=cutlass::fmha::collective::FmhaMainloopTma<cutlass::float_e2m1_t, float, float, cute::tuple<cute::_128, cute::_64, cute::_64>, cute::tuple<int, cute::_1, cute::tuple<int32_t, int32_t>>, cute::tuple<int, cute::_1, cute::tuple<int32_t, int32_t>>, cute::tuple<cute::_1, int, cute::tuple<int32_t, int32_t>>, cutlass::fmha::collective::CausalFusion>, CollectiveEpilogue=cutlass::fmha::collective::FmhaFwdEpilogue<cutlass::float_e2m1_t, float, cute::tuple<cute::_128, cute::_64, cute::_64>>, TileScheduler=cutlass::fmha::kernel::IndividualTileScheduler, Options=<>]" at line 70
            instantiation of class "cutlass::fmha::kernel::FmhaKernelTmaWarpSpecialized<CollectiveMainloop, CollectiveEpilogue, TileScheduler, Options...> [with CollectiveMainloop=cutlass::fmha::collective::FmhaMainloopTma<cutlass::float_e2m1_t, float, float, cute::tuple<cute::_128, cute::_64, cute::_64>, cute::tuple<int, cute::_1, cute::tuple<int32_t, int32_t>>, cute::tuple<int, cute::_1, cute::tuple<int32_t, int32_t>>, cute::tuple<cute::_1, int, cute::tuple<int32_t, int32_t>>, cutlass::fmha::collective::CausalFusion>, CollectiveEpilogue=cutlass::fmha::collective::FmhaFwdEpilogue<cutlass::float_e2m1_t, float, cute::tuple<cute::_128, cute::_64, cute::_64>>, TileScheduler=cutlass::fmha::kernel::IndividualTileScheduler, Options=<>]" at line 64 of /home/yanwa/workspace/cutlass/examples/120_hopper_fmha_sm120/device/../device/device_universal.hpp
            instantiation of class "cutlass::device::Universal<Kernel_> [with Kernel_=cutlass::fmha::kernel::FmhaKernelTmaWarpSpecialized<cutlass::fmha::collective::FmhaMainloopTma<cutlass::float_e2m1_t, float, float, cute::tuple<cute::_128, cute::_64, cute::_64>, cute::tuple<int, cute::_1, cute::tuple<int32_t, int32_t>>, cute::tuple<int, cute::_1, cute::tuple<int32_t, int32_t>>, cute::tuple<cute::_1, int, cute::tuple<int32_t, int32_t>>, cutlass::fmha::collective::CausalFusion>, cutlass::fmha::collective::FmhaFwdEpilogue<cutlass::float_e2m1_t, float, cute::tuple<cute::_128, cute::_64, cute::_64>>, cutlass::fmha::kernel::IndividualTileScheduler>]" at line 392 of /home/yanwa/workspace/cutlass/examples/120_hopper_fmha_sm120/88_hopper_fmha.cu
            instantiation of "void FwdRunner<TileShape, DispatchPolicy, ActiveFusion, KernelOptions...>::initialize(const FwdRunner<TileShape, DispatchPolicy, ActiveFusion, KernelOptions...>::ProblemShapeType &) [with TileShape=cute::tuple<cute::_128, cute::_64, cute::_64>, DispatchPolicy=KernelCooperative, ActiveFusion=cutlass::fmha::collective::CausalFusion, KernelOptions=<>]" at line 414 of /home/yanwa/workspace/cutlass/examples/120_hopper_fmha_sm120/88_hopper_fmha.cu
            instantiation of "ExampleResult FwdRunner<TileShape, DispatchPolicy, ActiveFusion, KernelOptions...>::run(const Options &, const cutlass::KernelHardwareInfo &) [with TileShape=cute::tuple<cute::_128, cute::_64, cute::_64>, DispatchPolicy=KernelCooperative, ActiveFusion=cutlass::fmha::collective::CausalFusion, KernelOptions=<>]" at line 977 of /home/yanwa/workspace/cutlass/examples/120_hopper_fmha_sm120/88_hopper_fmha.cu
            instantiation of "void run_fwd_64(Fusion, const Options &, const cutlass::KernelHardwareInfo &) [with Fusion=cutlass::fmha::collective::CausalFusion]" at line 1179 of /home/yanwa/workspace/cutlass/examples/120_hopper_fmha_sm120/88_hopper_fmha.cu

/home/yanwa/workspace/cutlass/examples/120_hopper_fmha_sm120/device/../kernel/fmha_kernel_tma_warpspecialized.hpp(80): error: class "cutlass::fmha::collective::FmhaMainloopTma<cutlass::float_e2m1_t, float, float, cute::tuple<cute::_128, cute::_64, cute::_64>, cute::tuple<int, cute::_1, cute::tuple<int32_t, int32_t>>, cute::tuple<int, cute::_1, cute::tuple<int32_t, int32_t>>, cute::tuple<cute::_1, int, cute::tuple<int32_t, int32_t>>, cutlass::fmha::collective::CausalFusion>" has no member "kIsPersistent"
    using TensorStorage = std::conditional_t<CollectiveMainloop::kIsPersistent, TensorStorageStruct, TensorStorageUnion>;
                                                                 ^
          detected during:
            instantiation of class "cutlass::fmha::kernel::FmhaKernelTmaWarpSpecialized<CollectiveMainloop, CollectiveEpilogue, TileScheduler, Options...> [with CollectiveMainloop=cutlass::fmha::collective::FmhaMainloopTma<cutlass::float_e2m1_t, float, float, cute::tuple<cute::_128, cute::_64, cute::_64>, cute::tuple<int, cute::_1, cute::tuple<int32_t, int32_t>>, cute::tuple<int, cute::_1, cute::tuple<int32_t, int32_t>>, cute::tuple<cute::_1, int, cute::tuple<int32_t, int32_t>>, cutlass::fmha::collective::CausalFusion>, CollectiveEpilogue=cutlass::fmha::collective::FmhaFwdEpilogue<cutlass::float_e2m1_t, float, cute::tuple<cute::_128, cute::_64, cute::_64>>, TileScheduler=cutlass::fmha::kernel::IndividualTileScheduler, Options=<>]" at line 64 of /home/yanwa/workspace/cutlass/examples/120_hopper_fmha_sm120/device/../device/device_universal.hpp
            instantiation of class "cutlass::device::Universal<Kernel_> [with Kernel_=cutlass::fmha::kernel::FmhaKernelTmaWarpSpecialized<cutlass::fmha::collective::FmhaMainloopTma<cutlass::float_e2m1_t, float, float, cute::tuple<cute::_128, cute::_64, cute::_64>, cute::tuple<int, cute::_1, cute::tuple<int32_t, int32_t>>, cute::tuple<int, cute::_1, cute::tuple<int32_t, int32_t>>, cute::tuple<cute::_1, int, cute::tuple<int32_t, int32_t>>, cutlass::fmha::collective::CausalFusion>, cutlass::fmha::collective::FmhaFwdEpilogue<cutlass::float_e2m1_t, float, cute::tuple<cute::_128, cute::_64, cute::_64>>, cutlass::fmha::kernel::IndividualTileScheduler>]" at line 392 of /home/yanwa/workspace/cutlass/examples/120_hopper_fmha_sm120/88_hopper_fmha.cu
            instantiation of "void FwdRunner<TileShape, DispatchPolicy, ActiveFusion, KernelOptions...>::initialize(const FwdRunner<TileShape, DispatchPolicy, ActiveFusion, KernelOptions...>::ProblemShapeType &) [with TileShape=cute::tuple<cute::_128, cute::_64, cute::_64>, DispatchPolicy=KernelCooperative, ActiveFusion=cutlass::fmha::collective::CausalFusion, KernelOptions=<>]" at line 414 of /home/yanwa/workspace/cutlass/examples/120_hopper_fmha_sm120/88_hopper_fmha.cu
            instantiation of "ExampleResult FwdRunner<TileShape, DispatchPolicy, ActiveFusion, KernelOptions...>::run(const Options &, const cutlass::KernelHardwareInfo &) [with TileShape=cute::tuple<cute::_128, cute::_64, cute::_64>, DispatchPolicy=KernelCooperative, ActiveFusion=cutlass::fmha::collective::CausalFusion, KernelOptions=<>]" at line 977 of /home/yanwa/workspace/cutlass/examples/120_hopper_fmha_sm120/88_hopper_fmha.cu
            instantiation of "void run_fwd_64(Fusion, const Options &, const cutlass::KernelHardwareInfo &) [with Fusion=cutlass::fmha::collective::CausalFusion]" at line 1179 of /home/yanwa/workspace/cutlass/examples/120_hopper_fmha_sm120/88_hopper_fmha.cu

/home/yanwa/workspace/cutlass/examples/120_hopper_fmha_sm120/88_hopper_fmha.cu(392): error: name followed by "::" must be a class or namespace name
      using Sm1xxBlkScaledConfig = typename Operation::GemmKernel::CollectiveMainloop::Sm1xxBlkScaledConfig;
                                                       ^
          detected during:
            instantiation of "void FwdRunner<TileShape, DispatchPolicy, ActiveFusion, KernelOptions...>::initialize(const FwdRunner<TileShape, DispatchPolicy, ActiveFusion, KernelOptions...>::ProblemShapeType &) [with TileShape=cute::tuple<cute::_128, cute::_64, cute::_64>, DispatchPolicy=KernelCooperative, ActiveFusion=cutlass::fmha::collective::CausalFusion, KernelOptions=<>]" at line 414
            instantiation of "ExampleResult FwdRunner<TileShape, DispatchPolicy, ActiveFusion, KernelOptions...>::run(const Options &, const cutlass::KernelHardwareInfo &) [with TileShape=cute::tuple<cute::_128, cute::_64, cute::_64>, DispatchPolicy=KernelCooperative, ActiveFusion=cutlass::fmha::collective::CausalFusion, KernelOptions=<>]" at line 977
            instantiation of "void run_fwd_64(Fusion, const Options &, const cutlass::KernelHardwareInfo &) [with Fusion=cutlass::fmha::collective::CausalFusion]" at line 1179

/home/yanwa/workspace/cutlass/examples/120_hopper_fmha_sm120/88_hopper_fmha.cu(393): error: name followed by "::" must be a class or namespace name
      auto layout_SFQ = Sm1xxBlkScaledConfig::tile_atom_to_shape_SFA(cute::make_shape(Q, K, D, 1));
                        ^
          detected during:
            instantiation of "void FwdRunner<TileShape, DispatchPolicy, ActiveFusion, KernelOptions...>::initialize(const FwdRunner<TileShape, DispatchPolicy, ActiveFusion, KernelOptions...>::ProblemShapeType &) [with TileShape=cute::tuple<cute::_128, cute::_64, cute::_64>, DispatchPolicy=KernelCooperative, ActiveFusion=cutlass::fmha::collective::CausalFusion, KernelOptions=<>]" at line 414
            instantiation of "ExampleResult FwdRunner<TileShape, DispatchPolicy, ActiveFusion, KernelOptions...>::run(const Options &, const cutlass::KernelHardwareInfo &) [with TileShape=cute::tuple<cute::_128, cute::_64, cute::_64>, DispatchPolicy=KernelCooperative, ActiveFusion=cutlass::fmha::collective::CausalFusion, KernelOptions=<>]" at line 977
            instantiation of "void run_fwd_64(Fusion, const Options &, const cutlass::KernelHardwareInfo &) [with Fusion=cutlass::fmha::collective::CausalFusion]" at line 1179

/home/yanwa/workspace/cutlass/examples/120_hopper_fmha_sm120/88_hopper_fmha.cu(394): error: name followed by "::" must be a class or namespace name
      auto layout_SFK = Sm1xxBlkScaledConfig::tile_atom_to_shape_SFB(cute::make_shape(Q, K, D, 1));
                        ^
          detected during:
            instantiation of "void FwdRunner<TileShape, DispatchPolicy, ActiveFusion, KernelOptions...>::initialize(const FwdRunner<TileShape, DispatchPolicy, ActiveFusion, KernelOptions...>::ProblemShapeType &) [with TileShape=cute::tuple<cute::_128, cute::_64, cute::_64>, DispatchPolicy=KernelCooperative, ActiveFusion=cutlass::fmha::collective::CausalFusion, KernelOptions=<>]" at line 414
            instantiation of "ExampleResult FwdRunner<TileShape, DispatchPolicy, ActiveFusion, KernelOptions...>::run(const Options &, const cutlass::KernelHardwareInfo &) [with TileShape=cute::tuple<cute::_128, cute::_64, cute::_64>, DispatchPolicy=KernelCooperative, ActiveFusion=cutlass::fmha::collective::CausalFusion, KernelOptions=<>]" at line 977
            instantiation of "void run_fwd_64(Fusion, const Options &, const cutlass::KernelHardwareInfo &) [with Fusion=cutlass::fmha::collective::CausalFusion]" at line 1179

/home/yanwa/workspace/cutlass/examples/120_hopper_fmha_sm120/88_hopper_fmha.cu(395): error: name followed by "::" must be a class or namespace name
      auto layout_SFV = Sm1xxBlkScaledConfig::tile_atom_to_shape_SFB(cute::make_shape(Q, K, D, 1));
                        ^
          detected during:
            instantiation of "void FwdRunner<TileShape, DispatchPolicy, ActiveFusion, KernelOptions...>::initialize(const FwdRunner<TileShape, DispatchPolicy, ActiveFusion, KernelOptions...>::ProblemShapeType &) [with TileShape=cute::tuple<cute::_128, cute::_64, cute::_64>, DispatchPolicy=KernelCooperative, ActiveFusion=cutlass::fmha::collective::CausalFusion, KernelOptions=<>]" at line 414
            instantiation of "ExampleResult FwdRunner<TileShape, DispatchPolicy, ActiveFusion, KernelOptions...>::run(const Options &, const cutlass::KernelHardwareInfo &) [with TileShape=cute::tuple<cute::_128, cute::_64, cute::_64>, DispatchPolicy=KernelCooperative, ActiveFusion=cutlass::fmha::collective::CausalFusion, KernelOptions=<>]" at line 977
            instantiation of "void run_fwd_64(Fusion, const Options &, const cutlass::KernelHardwareInfo &) [with Fusion=cutlass::fmha::collective::CausalFusion]" at line 1179

/home/yanwa/workspace/cutlass/examples/120_hopper_fmha_sm120/88_hopper_fmha.cu(421): error: a value of type "cutlass::nv_float4_t<cutlass::float_e2m1_t>::ScaleFactorType *" (aka "cutlass::float_ue4m3_t *") cannot be used to initialize an entity of type "float"
          block_SFQ.get(), stride_Q,
          ^
          detected during:
            instantiation of "ExampleResult FwdRunner<TileShape, DispatchPolicy, ActiveFusion, KernelOptions...>::run(const Options &, const cutlass::KernelHardwareInfo &) [with TileShape=cute::tuple<cute::_128, cute::_64, cute::_64>, DispatchPolicy=KernelCooperative, ActiveFusion=cutlass::fmha::collective::CausalFusion, KernelOptions=<>]" at line 977
            instantiation of "void run_fwd_64(Fusion, const Options &, const cutlass::KernelHardwareInfo &) [with Fusion=cutlass::fmha::collective::CausalFusion]" at line 1179

/home/yanwa/workspace/cutlass/examples/120_hopper_fmha_sm120/88_hopper_fmha.cu(421): error: no suitable conversion function from "FwdRunner<cute::Shape<cute::_128, cute::_64, cute::_64>, KernelCooperative, cutlass::fmha::collective::CausalFusion>::StrideQ" (aka "cute::tuple<int, cute::C<1>, cute::tuple<signed int, signed int>>") to "float" exists
          block_SFQ.get(), stride_Q,
                           ^
          detected during:
            instantiation of "ExampleResult FwdRunner<TileShape, DispatchPolicy, ActiveFusion, KernelOptions...>::run(const Options &, const cutlass::KernelHardwareInfo &) [with TileShape=cute::tuple<cute::_128, cute::_64, cute::_64>, DispatchPolicy=KernelCooperative, ActiveFusion=cutlass::fmha::collective::CausalFusion, KernelOptions=<>]" at line 977
            instantiation of "void run_fwd_64(Fusion, const Options &, const cutlass::KernelHardwareInfo &) [with Fusion=cutlass::fmha::collective::CausalFusion]" at line 1179

/home/yanwa/workspace/cutlass/examples/120_hopper_fmha_sm120/88_hopper_fmha.cu(422): error: a value of type "cutlass::nv_float4_t<cutlass::float_e2m1_t>::ScaleFactorType *" (aka "cutlass::float_ue4m3_t *") cannot be used to initialize an entity of type "float"
          block_SFK.get(), stride_K,
          ^
          detected during:
            instantiation of "ExampleResult FwdRunner<TileShape, DispatchPolicy, ActiveFusion, KernelOptions...>::run(const Options &, const cutlass::KernelHardwareInfo &) [with TileShape=cute::tuple<cute::_128, cute::_64, cute::_64>, DispatchPolicy=KernelCooperative, ActiveFusion=cutlass::fmha::collective::CausalFusion, KernelOptions=<>]" at line 977
            instantiation of "void run_fwd_64(Fusion, const Options &, const cutlass::KernelHardwareInfo &) [with Fusion=cutlass::fmha::collective::CausalFusion]" at line 1179

/home/yanwa/workspace/cutlass/examples/120_hopper_fmha_sm120/88_hopper_fmha.cu(422): error: too many initializer values
          block_SFK.get(), stride_K,
                           ^
          detected during:
            instantiation of "ExampleResult FwdRunner<TileShape, DispatchPolicy, ActiveFusion, KernelOptions...>::run(const Options &, const cutlass::KernelHardwareInfo &) [with TileShape=cute::tuple<cute::_128, cute::_64, cute::_64>, DispatchPolicy=KernelCooperative, ActiveFusion=cutlass::fmha::collective::CausalFusion, KernelOptions=<>]" at line 977
            instantiation of "void run_fwd_64(Fusion, const Options &, const cutlass::KernelHardwareInfo &) [with Fusion=cutlass::fmha::collective::CausalFusion]" at line 1179

/home/yanwa/workspace/cutlass/examples/120_hopper_fmha_sm120/device/../kernel/fmha_kernel_tma_warpspecialized.hpp(201): error: class "cutlass::fmha::collective::FmhaMainloopTma<cutlass::float_e2m1_t, float, float, cute::tuple<cute::_128, cute::_64, cute::_64>, cute::tuple<int, cute::_1, cute::tuple<int32_t, int32_t>>, cute::tuple<int, cute::_1, cute::tuple<int32_t, int32_t>>, cute::tuple<cute::_1, int, cute::tuple<int32_t, int32_t>>, cutlass::fmha::collective::CausalFusion>" has no member "kOuterLoadBytes"
      pipeline_params_outer.transaction_bytes = CollectiveMainloop::kOuterLoadBytes;
                                                                    ^
          detected during:
            instantiation of "void cutlass::fmha::kernel::FmhaKernelTmaWarpSpecialized<CollectiveMainloop, CollectiveEpilogue, TileScheduler, Options...>::operator()(const cutlass::fmha::kernel::FmhaKernelTmaWarpSpecialized<CollectiveMainloop, CollectiveEpilogue, TileScheduler, Options...>::Params &, char *) [with CollectiveMainloop=cutlass::fmha::collective::FmhaMainloopTma<cutlass::float_e2m1_t, float, float, cute::tuple<cute::_128, cute::_64, cute::_64>, cute::tuple<int, cute::_1, cute::tuple<int32_t, int32_t>>, cute::tuple<int, cute::_1, cute::tuple<int32_t, int32_t>>, cute::tuple<cute::_1, int, cute::tuple<int32_t, int32_t>>, cutlass::fmha::collective::CausalFusion>, CollectiveEpilogue=cutlass::fmha::collective::FmhaFwdEpilogue<cutlass::float_e2m1_t, float, cute::tuple<cute::_128, cute::_64, cute::_64>>, TileScheduler=cutlass::fmha::kernel::IndividualTileScheduler, Options=<>]" at line 123 of /home/yanwa/workspace/cutlass/include/cutlass/device_kernel.h
            instantiation of "void cutlass::device_kernel<Operator>(Operator::Params) [with Operator=cutlass::fmha::kernel::FmhaKernelTmaWarpSpecialized<cutlass::fmha::collective::FmhaMainloopTma<cutlass::float_e2m1_t, float, float, cute::tuple<cute::_128, cute::_64, cute::_64>, cute::tuple<int, cute::_1, cute::tuple<int32_t, int32_t>>, cute::tuple<int, cute::_1, cute::tuple<int32_t, int32_t>>, cute::tuple<cute::_1, int, cute::tuple<int32_t, int32_t>>, cutlass::fmha::collective::CausalFusion>, cutlass::fmha::collective::FmhaFwdEpilogue<cutlass::float_e2m1_t, float, cute::tuple<cute::_128, cute::_64, cute::_64>>, cutlass::fmha::kernel::IndividualTileScheduler>]" at line 177 of /home/yanwa/workspace/cutlass/examples/120_hopper_fmha_sm120/device/../device/device_universal.hpp
            instantiation of "cutlass::Status cutlass::device::Universal<Kernel_>::initialize(const cutlass::device::Universal<Kernel_>::Arguments &, void *, cudaStream_t) [with Kernel_=cutlass::fmha::kernel::FmhaKernelTmaWarpSpecialized<cutlass::fmha::collective::FmhaMainloopTma<cutlass::float_e2m1_t, float, float, cute::tuple<cute::_128, cute::_64, cute::_64>, cute::tuple<int, cute::_1, cute::tuple<int32_t, int32_t>>, cute::tuple<int, cute::_1, cute::tuple<int32_t, int32_t>>, cute::tuple<cute::_1, int, cute::tuple<int32_t, int32_t>>, cutlass::fmha::collective::CausalFusion>, cutlass::fmha::collective::FmhaFwdEpilogue<cutlass::float_e2m1_t, float, cute::tuple<cute::_128, cute::_64, cute::_64>>, cutlass::fmha::kernel::IndividualTileScheduler>]" at line 445 of /home/yanwa/workspace/cutlass/examples/120_hopper_fmha_sm120/88_hopper_fmha.cu
            instantiation of "ExampleResult FwdRunner<TileShape, DispatchPolicy, ActiveFusion, KernelOptions...>::run(const Options &, const cutlass::KernelHardwareInfo &) [with TileShape=cute::tuple<cute::_128, cute::_64, cute::_64>, DispatchPolicy=KernelCooperative, ActiveFusion=cutlass::fmha::collective::CausalFusion, KernelOptions=<>]" at line 977 of /home/yanwa/workspace/cutlass/examples/120_hopper_fmha_sm120/88_hopper_fmha.cu
            instantiation of "void run_fwd_64(Fusion, const Options &, const cutlass::KernelHardwareInfo &) [with Fusion=cutlass::fmha::collective::CausalFusion]" at line 1179 of /home/yanwa/workspace/cutlass/examples/120_hopper_fmha_sm120/88_hopper_fmha.cu

/home/yanwa/workspace/cutlass/examples/120_hopper_fmha_sm120/device/../kernel/fmha_kernel_tma_warpspecialized.hpp(206): error: class "cutlass::fmha::collective::FmhaMainloopTma<cutlass::float_e2m1_t, float, float, cute::tuple<cute::_128, cute::_64, cute::_64>, cute::tuple<int, cute::_1, cute::tuple<int32_t, int32_t>>, cute::tuple<int, cute::_1, cute::tuple<int32_t, int32_t>>, cute::tuple<cute::_1, int, cute::tuple<int32_t, int32_t>>, cutlass::fmha::collective::CausalFusion>" has no member "kInnerLoadBytes"
      pipeline_params_inner.transaction_bytes = CollectiveMainloop::kInnerLoadBytes;
                                                                    ^
          detected during:
            instantiation of "void cutlass::fmha::kernel::FmhaKernelTmaWarpSpecialized<CollectiveMainloop, CollectiveEpilogue, TileScheduler, Options...>::operator()(const cutlass::fmha::kernel::FmhaKernelTmaWarpSpecialized<CollectiveMainloop, CollectiveEpilogue, TileScheduler, Options...>::Params &, char *) [with CollectiveMainloop=cutlass::fmha::collective::FmhaMainloopTma<cutlass::float_e2m1_t, float, float, cute::tuple<cute::_128, cute::_64, cute::_64>, cute::tuple<int, cute::_1, cute::tuple<int32_t, int32_t>>, cute::tuple<int, cute::_1, cute::tuple<int32_t, int32_t>>, cute::tuple<cute::_1, int, cute::tuple<int32_t, int32_t>>, cutlass::fmha::collective::CausalFusion>, CollectiveEpilogue=cutlass::fmha::collective::FmhaFwdEpilogue<cutlass::float_e2m1_t, float, cute::tuple<cute::_128, cute::_64, cute::_64>>, TileScheduler=cutlass::fmha::kernel::IndividualTileScheduler, Options=<>]" at line 123 of /home/yanwa/workspace/cutlass/include/cutlass/device_kernel.h
            instantiation of "void cutlass::device_kernel<Operator>(Operator::Params) [with Operator=cutlass::fmha::kernel::FmhaKernelTmaWarpSpecialized<cutlass::fmha::collective::FmhaMainloopTma<cutlass::float_e2m1_t, float, float, cute::tuple<cute::_128, cute::_64, cute::_64>, cute::tuple<int, cute::_1, cute::tuple<int32_t, int32_t>>, cute::tuple<int, cute::_1, cute::tuple<int32_t, int32_t>>, cute::tuple<cute::_1, int, cute::tuple<int32_t, int32_t>>, cutlass::fmha::collective::CausalFusion>, cutlass::fmha::collective::FmhaFwdEpilogue<cutlass::float_e2m1_t, float, cute::tuple<cute::_128, cute::_64, cute::_64>>, cutlass::fmha::kernel::IndividualTileScheduler>]" at line 177 of /home/yanwa/workspace/cutlass/examples/120_hopper_fmha_sm120/device/../device/device_universal.hpp
            instantiation of "cutlass::Status cutlass::device::Universal<Kernel_>::initialize(const cutlass::device::Universal<Kernel_>::Arguments &, void *, cudaStream_t) [with Kernel_=cutlass::fmha::kernel::FmhaKernelTmaWarpSpecialized<cutlass::fmha::collective::FmhaMainloopTma<cutlass::float_e2m1_t, float, float, cute::tuple<cute::_128, cute::_64, cute::_64>, cute::tuple<int, cute::_1, cute::tuple<int32_t, int32_t>>, cute::tuple<int, cute::_1, cute::tuple<int32_t, int32_t>>, cute::tuple<cute::_1, int, cute::tuple<int32_t, int32_t>>, cutlass::fmha::collective::CausalFusion>, cutlass::fmha::collective::FmhaFwdEpilogue<cutlass::float_e2m1_t, float, cute::tuple<cute::_128, cute::_64, cute::_64>>, cutlass::fmha::kernel::IndividualTileScheduler>]" at line 445 of /home/yanwa/workspace/cutlass/examples/120_hopper_fmha_sm120/88_hopper_fmha.cu
            instantiation of "ExampleResult FwdRunner<TileShape, DispatchPolicy, ActiveFusion, KernelOptions...>::run(const Options &, const cutlass::KernelHardwareInfo &) [with TileShape=cute::tuple<cute::_128, cute::_64, cute::_64>, DispatchPolicy=KernelCooperative, ActiveFusion=cutlass::fmha::collective::CausalFusion, KernelOptions=<>]" at line 977 of /home/yanwa/workspace/cutlass/examples/120_hopper_fmha_sm120/88_hopper_fmha.cu
            instantiation of "void run_fwd_64(Fusion, const Options &, const cutlass::KernelHardwareInfo &) [with Fusion=cutlass::fmha::collective::CausalFusion]" at line 1179 of /home/yanwa/workspace/cutlass/examples/120_hopper_fmha_sm120/88_hopper_fmha.cu

/home/yanwa/workspace/cutlass/examples/120_hopper_fmha_sm120/device/../kernel/fmha_kernel_tma_warpspecialized.hpp(297): error: class "cutlass::fmha::collective::FmhaMainloopTma<cutlass::float_e2m1_t, float, float, cute::tuple<cute::_128, cute::_64, cute::_64>, cute::tuple<int, cute::_1, cute::tuple<int32_t, int32_t>>, cute::tuple<int, cute::_1, cute::tuple<int32_t, int32_t>>, cute::tuple<cute::_1, int, cute::tuple<int32_t, int32_t>>, cutlass::fmha::collective::CausalFusion>" has no member "load_kv_maybe_q"
            collective_mainloop.template load_kv_maybe_q<!kLoadsQSeparately>(
                                         ^
          detected during:
            instantiation of "void cutlass::fmha::kernel::FmhaKernelTmaWarpSpecialized<CollectiveMainloop, CollectiveEpilogue, TileScheduler, Options...>::operator()(const cutlass::fmha::kernel::FmhaKernelTmaWarpSpecialized<CollectiveMainloop, CollectiveEpilogue, TileScheduler, Options...>::Params &, char *) [with CollectiveMainloop=cutlass::fmha::collective::FmhaMainloopTma<cutlass::float_e2m1_t, float, float, cute::tuple<cute::_128, cute::_64, cute::_64>, cute::tuple<int, cute::_1, cute::tuple<int32_t, int32_t>>, cute::tuple<int, cute::_1, cute::tuple<int32_t, int32_t>>, cute::tuple<cute::_1, int, cute::tuple<int32_t, int32_t>>, cutlass::fmha::collective::CausalFusion>, CollectiveEpilogue=cutlass::fmha::collective::FmhaFwdEpilogue<cutlass::float_e2m1_t, float, cute::tuple<cute::_128, cute::_64, cute::_64>>, TileScheduler=cutlass::fmha::kernel::IndividualTileScheduler, Options=<>]" at line 123 of /home/yanwa/workspace/cutlass/include/cutlass/device_kernel.h
            instantiation of "void cutlass::device_kernel<Operator>(Operator::Params) [with Operator=cutlass::fmha::kernel::FmhaKernelTmaWarpSpecialized<cutlass::fmha::collective::FmhaMainloopTma<cutlass::float_e2m1_t, float, float, cute::tuple<cute::_128, cute::_64, cute::_64>, cute::tuple<int, cute::_1, cute::tuple<int32_t, int32_t>>, cute::tuple<int, cute::_1, cute::tuple<int32_t, int32_t>>, cute::tuple<cute::_1, int, cute::tuple<int32_t, int32_t>>, cutlass::fmha::collective::CausalFusion>, cutlass::fmha::collective::FmhaFwdEpilogue<cutlass::float_e2m1_t, float, cute::tuple<cute::_128, cute::_64, cute::_64>>, cutlass::fmha::kernel::IndividualTileScheduler>]" at line 177 of /home/yanwa/workspace/cutlass/examples/120_hopper_fmha_sm120/device/../device/device_universal.hpp
            instantiation of "cutlass::Status cutlass::device::Universal<Kernel_>::initialize(const cutlass::device::Universal<Kernel_>::Arguments &, void *, cudaStream_t) [with Kernel_=cutlass::fmha::kernel::FmhaKernelTmaWarpSpecialized<cutlass::fmha::collective::FmhaMainloopTma<cutlass::float_e2m1_t, float, float, cute::tuple<cute::_128, cute::_64, cute::_64>, cute::tuple<int, cute::_1, cute::tuple<int32_t, int32_t>>, cute::tuple<int, cute::_1, cute::tuple<int32_t, int32_t>>, cute::tuple<cute::_1, int, cute::tuple<int32_t, int32_t>>, cutlass::fmha::collective::CausalFusion>, cutlass::fmha::collective::FmhaFwdEpilogue<cutlass::float_e2m1_t, float, cute::tuple<cute::_128, cute::_64, cute::_64>>, cutlass::fmha::kernel::IndividualTileScheduler>]" at line 445 of /home/yanwa/workspace/cutlass/examples/120_hopper_fmha_sm120/88_hopper_fmha.cu
            instantiation of "ExampleResult FwdRunner<TileShape, DispatchPolicy, ActiveFusion, KernelOptions...>::run(const Options &, const cutlass::KernelHardwareInfo &) [with TileShape=cute::tuple<cute::_128, cute::_64, cute::_64>, DispatchPolicy=KernelCooperative, ActiveFusion=cutlass::fmha::collective::CausalFusion, KernelOptions=<>]" at line 977 of /home/yanwa/workspace/cutlass/examples/120_hopper_fmha_sm120/88_hopper_fmha.cu
            instantiation of "void run_fwd_64(Fusion, const Options &, const cutlass::KernelHardwareInfo &) [with Fusion=cutlass::fmha::collective::CausalFusion]" at line 1179 of /home/yanwa/workspace/cutlass/examples/120_hopper_fmha_sm120/88_hopper_fmha.cu

/home/yanwa/workspace/cutlass/examples/120_hopper_fmha_sm120/device/../kernel/fmha_kernel_tma_warpspecialized.hpp(298): warning #174-D: expression has no effect
              block_rank_in_cluster,
              ^
          detected during:
            instantiation of "void cutlass::fmha::kernel::FmhaKernelTmaWarpSpecialized<CollectiveMainloop, CollectiveEpilogue, TileScheduler, Options...>::operator()(const cutlass::fmha::kernel::FmhaKernelTmaWarpSpecialized<CollectiveMainloop, CollectiveEpilogue, TileScheduler, Options...>::Params &, char *) [with CollectiveMainloop=cutlass::fmha::collective::FmhaMainloopTma<cutlass::float_e2m1_t, float, float, cute::tuple<cute::_128, cute::_64, cute::_64>, cute::tuple<int, cute::_1, cute::tuple<int32_t, int32_t>>, cute::tuple<int, cute::_1, cute::tuple<int32_t, int32_t>>, cute::tuple<cute::_1, int, cute::tuple<int32_t, int32_t>>, cutlass::fmha::collective::CausalFusion>, CollectiveEpilogue=cutlass::fmha::collective::FmhaFwdEpilogue<cutlass::float_e2m1_t, float, cute::tuple<cute::_128, cute::_64, cute::_64>>, TileScheduler=cutlass::fmha::kernel::IndividualTileScheduler, Options=<>]" at line 123 of /home/yanwa/workspace/cutlass/include/cutlass/device_kernel.h
            instantiation of "void cutlass::device_kernel<Operator>(Operator::Params) [with Operator=cutlass::fmha::kernel::FmhaKernelTmaWarpSpecialized<cutlass::fmha::collective::FmhaMainloopTma<cutlass::float_e2m1_t, float, float, cute::tuple<cute::_128, cute::_64, cute::_64>, cute::tuple<int, cute::_1, cute::tuple<int32_t, int32_t>>, cute::tuple<int, cute::_1, cute::tuple<int32_t, int32_t>>, cute::tuple<cute::_1, int, cute::tuple<int32_t, int32_t>>, cutlass::fmha::collective::CausalFusion>, cutlass::fmha::collective::FmhaFwdEpilogue<cutlass::float_e2m1_t, float, cute::tuple<cute::_128, cute::_64, cute::_64>>, cutlass::fmha::kernel::IndividualTileScheduler>]" at line 177 of /home/yanwa/workspace/cutlass/examples/120_hopper_fmha_sm120/device/../device/device_universal.hpp
            instantiation of "cutlass::Status cutlass::device::Universal<Kernel_>::initialize(const cutlass::device::Universal<Kernel_>::Arguments &, void *, cudaStream_t) [with Kernel_=cutlass::fmha::kernel::FmhaKernelTmaWarpSpecialized<cutlass::fmha::collective::FmhaMainloopTma<cutlass::float_e2m1_t, float, float, cute::tuple<cute::_128, cute::_64, cute::_64>, cute::tuple<int, cute::_1, cute::tuple<int32_t, int32_t>>, cute::tuple<int, cute::_1, cute::tuple<int32_t, int32_t>>, cute::tuple<cute::_1, int, cute::tuple<int32_t, int32_t>>, cutlass::fmha::collective::CausalFusion>, cutlass::fmha::collective::FmhaFwdEpilogue<cutlass::float_e2m1_t, float, cute::tuple<cute::_128, cute::_64, cute::_64>>, cutlass::fmha::kernel::IndividualTileScheduler>]" at line 445 of /home/yanwa/workspace/cutlass/examples/120_hopper_fmha_sm120/88_hopper_fmha.cu
            instantiation of "ExampleResult FwdRunner<TileShape, DispatchPolicy, ActiveFusion, KernelOptions...>::run(const Options &, const cutlass::KernelHardwareInfo &) [with TileShape=cute::tuple<cute::_128, cute::_64, cute::_64>, DispatchPolicy=KernelCooperative, ActiveFusion=cutlass::fmha::collective::CausalFusion, KernelOptions=<>]" at line 977 of /home/yanwa/workspace/cutlass/examples/120_hopper_fmha_sm120/88_hopper_fmha.cu
            instantiation of "void run_fwd_64(Fusion, const Options &, const cutlass::KernelHardwareInfo &) [with Fusion=cutlass::fmha::collective::CausalFusion]" at line 1179 of /home/yanwa/workspace/cutlass/examples/120_hopper_fmha_sm120/88_hopper_fmha.cu

/home/yanwa/workspace/cutlass/examples/120_hopper_fmha_sm120/device/../kernel/fmha_kernel_tma_warpspecialized.hpp(298): warning #174-D: expression has no effect
              block_rank_in_cluster,
              ^
          detected during:
            instantiation of "void cutlass::fmha::kernel::FmhaKernelTmaWarpSpecialized<CollectiveMainloop, CollectiveEpilogue, TileScheduler, Options...>::operator()(const cutlass::fmha::kernel::FmhaKernelTmaWarpSpecialized<CollectiveMainloop, CollectiveEpilogue, TileScheduler, Options...>::Params &, char *) [with CollectiveMainloop=cutlass::fmha::collective::FmhaMainloopTma<cutlass::float_e2m1_t, float, float, cute::tuple<cute::_128, cute::_64, cute::_64>, cute::tuple<int, cute::_1, cute::tuple<int32_t, int32_t>>, cute::tuple<int, cute::_1, cute::tuple<int32_t, int32_t>>, cute::tuple<cute::_1, int, cute::tuple<int32_t, int32_t>>, cutlass::fmha::collective::CausalFusion>, CollectiveEpilogue=cutlass::fmha::collective::FmhaFwdEpilogue<cutlass::float_e2m1_t, float, cute::tuple<cute::_128, cute::_64, cute::_64>>, TileScheduler=cutlass::fmha::kernel::IndividualTileScheduler, Options=<>]" at line 123 of /home/yanwa/workspace/cutlass/include/cutlass/device_kernel.h
            instantiation of "void cutlass::device_kernel<Operator>(Operator::Params) [with Operator=cutlass::fmha::kernel::FmhaKernelTmaWarpSpecialized<cutlass::fmha::collective::FmhaMainloopTma<cutlass::float_e2m1_t, float, float, cute::tuple<cute::_128, cute::_64, cute::_64>, cute::tuple<int, cute::_1, cute::tuple<int32_t, int32_t>>, cute::tuple<int, cute::_1, cute::tuple<int32_t, int32_t>>, cute::tuple<cute::_1, int, cute::tuple<int32_t, int32_t>>, cutlass::fmha::collective::CausalFusion>, cutlass::fmha::collective::FmhaFwdEpilogue<cutlass::float_e2m1_t, float, cute::tuple<cute::_128, cute::_64, cute::_64>>, cutlass::fmha::kernel::IndividualTileScheduler>]" at line 177 of /home/yanwa/workspace/cutlass/examples/120_hopper_fmha_sm120/device/../device/device_universal.hpp
            instantiation of "cutlass::Status cutlass::device::Universal<Kernel_>::initialize(const cutlass::device::Universal<Kernel_>::Arguments &, void *, cudaStream_t) [with Kernel_=cutlass::fmha::kernel::FmhaKernelTmaWarpSpecialized<cutlass::fmha::collective::FmhaMainloopTma<cutlass::float_e2m1_t, float, float, cute::tuple<cute::_128, cute::_64, cute::_64>, cute::tuple<int, cute::_1, cute::tuple<int32_t, int32_t>>, cute::tuple<int, cute::_1, cute::tuple<int32_t, int32_t>>, cute::tuple<cute::_1, int, cute::tuple<int32_t, int32_t>>, cutlass::fmha::collective::CausalFusion>, cutlass::fmha::collective::FmhaFwdEpilogue<cutlass::float_e2m1_t, float, cute::tuple<cute::_128, cute::_64, cute::_64>>, cutlass::fmha::kernel::IndividualTileScheduler>]" at line 445 of /home/yanwa/workspace/cutlass/examples/120_hopper_fmha_sm120/88_hopper_fmha.cu
            instantiation of "ExampleResult FwdRunner<TileShape, DispatchPolicy, ActiveFusion, KernelOptions...>::run(const Options &, const cutlass::KernelHardwareInfo &) [with TileShape=cute::tuple<cute::_128, cute::_64, cute::_64>, DispatchPolicy=KernelCooperative, ActiveFusion=cutlass::fmha::collective::CausalFusion, KernelOptions=<>]" at line 977 of /home/yanwa/workspace/cutlass/examples/120_hopper_fmha_sm120/88_hopper_fmha.cu
            instantiation of "void run_fwd_64(Fusion, const Options &, const cutlass::KernelHardwareInfo &) [with Fusion=cutlass::fmha::collective::CausalFusion]" at line 1179 of /home/yanwa/workspace/cutlass/examples/120_hopper_fmha_sm120/88_hopper_fmha.cu

/home/yanwa/workspace/cutlass/examples/120_hopper_fmha_sm120/device/../kernel/fmha_kernel_tma_warpspecialized.hpp(298): warning #174-D: expression has no effect
              block_rank_in_cluster,
              ^
          detected during:
            instantiation of "void cutlass::fmha::kernel::FmhaKernelTmaWarpSpecialized<CollectiveMainloop, CollectiveEpilogue, TileScheduler, Options...>::operator()(const cutlass::fmha::kernel::FmhaKernelTmaWarpSpecialized<CollectiveMainloop, CollectiveEpilogue, TileScheduler, Options...>::Params &, char *) [with CollectiveMainloop=cutlass::fmha::collective::FmhaMainloopTma<cutlass::float_e2m1_t, float, float, cute::tuple<cute::_128, cute::_64, cute::_64>, cute::tuple<int, cute::_1, cute::tuple<int32_t, int32_t>>, cute::tuple<int, cute::_1, cute::tuple<int32_t, int32_t>>, cute::tuple<cute::_1, int, cute::tuple<int32_t, int32_t>>, cutlass::fmha::collective::CausalFusion>, CollectiveEpilogue=cutlass::fmha::collective::FmhaFwdEpilogue<cutlass::float_e2m1_t, float, cute::tuple<cute::_128, cute::_64, cute::_64>>, TileScheduler=cutlass::fmha::kernel::IndividualTileScheduler, Options=<>]" at line 123 of /home/yanwa/workspace/cutlass/include/cutlass/device_kernel.h
            instantiation of "void cutlass::device_kernel<Operator>(Operator::Params) [with Operator=cutlass::fmha::kernel::FmhaKernelTmaWarpSpecialized<cutlass::fmha::collective::FmhaMainloopTma<cutlass::float_e2m1_t, float, float, cute::tuple<cute::_128, cute::_64, cute::_64>, cute::tuple<int, cute::_1, cute::tuple<int32_t, int32_t>>, cute::tuple<int, cute::_1, cute::tuple<int32_t, int32_t>>, cute::tuple<cute::_1, int, cute::tuple<int32_t, int32_t>>, cutlass::fmha::collective::CausalFusion>, cutlass::fmha::collective::FmhaFwdEpilogue<cutlass::float_e2m1_t, float, cute::tuple<cute::_128, cute::_64, cute::_64>>, cutlass::fmha::kernel::IndividualTileScheduler>]" at line 177 of /home/yanwa/workspace/cutlass/examples/120_hopper_fmha_sm120/device/../device/device_universal.hpp
            instantiation of "cutlass::Status cutlass::device::Universal<Kernel_>::initialize(const cutlass::device::Universal<Kernel_>::Arguments &, void *, cudaStream_t) [with Kernel_=cutlass::fmha::kernel::FmhaKernelTmaWarpSpecialized<cutlass::fmha::collective::FmhaMainloopTma<cutlass::float_e2m1_t, float, float, cute::tuple<cute::_128, cute::_64, cute::_64>, cute::tuple<int, cute::_1, cute::tuple<int32_t, int32_t>>, cute::tuple<int, cute::_1, cute::tuple<int32_t, int32_t>>, cute::tuple<cute::_1, int, cute::tuple<int32_t, int32_t>>, cutlass::fmha::collective::CausalFusion>, cutlass::fmha::collective::FmhaFwdEpilogue<cutlass::float_e2m1_t, float, cute::tuple<cute::_128, cute::_64, cute::_64>>, cutlass::fmha::kernel::IndividualTileScheduler>]" at line 445 of /home/yanwa/workspace/cutlass/examples/120_hopper_fmha_sm120/88_hopper_fmha.cu
            instantiation of "ExampleResult FwdRunner<TileShape, DispatchPolicy, ActiveFusion, KernelOptions...>::run(const Options &, const cutlass::KernelHardwareInfo &) [with TileShape=cute::tuple<cute::_128, cute::_64, cute::_64>, DispatchPolicy=KernelCooperative, ActiveFusion=cutlass::fmha::collective::CausalFusion, KernelOptions=<>]" at line 977 of /home/yanwa/workspace/cutlass/examples/120_hopper_fmha_sm120/88_hopper_fmha.cu
            instantiation of "void run_fwd_64(Fusion, const Options &, const cutlass::KernelHardwareInfo &) [with Fusion=cutlass::fmha::collective::CausalFusion]" at line 1179 of /home/yanwa/workspace/cutlass/examples/120_hopper_fmha_sm120/88_hopper_fmha.cu

/home/yanwa/workspace/cutlass/examples/120_hopper_fmha_sm120/device/../kernel/fmha_kernel_tma_warpspecialized.hpp(298): warning #174-D: expression has no effect
              block_rank_in_cluster,
              ^
          detected during:
            instantiation of "void cutlass::fmha::kernel::FmhaKernelTmaWarpSpecialized<CollectiveMainloop, CollectiveEpilogue, TileScheduler, Options...>::operator()(const cutlass::fmha::kernel::FmhaKernelTmaWarpSpecialized<CollectiveMainloop, CollectiveEpilogue, TileScheduler, Options...>::Params &, char *) [with CollectiveMainloop=cutlass::fmha::collective::FmhaMainloopTma<cutlass::float_e2m1_t, float, float, cute::tuple<cute::_128, cute::_64, cute::_64>, cute::tuple<int, cute::_1, cute::tuple<int32_t, int32_t>>, cute::tuple<int, cute::_1, cute::tuple<int32_t, int32_t>>, cute::tuple<cute::_1, int, cute::tuple<int32_t, int32_t>>, cutlass::fmha::collective::CausalFusion>, CollectiveEpilogue=cutlass::fmha::collective::FmhaFwdEpilogue<cutlass::float_e2m1_t, float, cute::tuple<cute::_128, cute::_64, cute::_64>>, TileScheduler=cutlass::fmha::kernel::IndividualTileScheduler, Options=<>]" at line 123 of /home/yanwa/workspace/cutlass/include/cutlass/device_kernel.h
            instantiation of "void cutlass::device_kernel<Operator>(Operator::Params) [with Operator=cutlass::fmha::kernel::FmhaKernelTmaWarpSpecialized<cutlass::fmha::collective::FmhaMainloopTma<cutlass::float_e2m1_t, float, float, cute::tuple<cute::_128, cute::_64, cute::_64>, cute::tuple<int, cute::_1, cute::tuple<int32_t, int32_t>>, cute::tuple<int, cute::_1, cute::tuple<int32_t, int32_t>>, cute::tuple<cute::_1, int, cute::tuple<int32_t, int32_t>>, cutlass::fmha::collective::CausalFusion>, cutlass::fmha::collective::FmhaFwdEpilogue<cutlass::float_e2m1_t, float, cute::tuple<cute::_128, cute::_64, cute::_64>>, cutlass::fmha::kernel::IndividualTileScheduler>]" at line 177 of /home/yanwa/workspace/cutlass/examples/120_hopper_fmha_sm120/device/../device/device_universal.hpp
            instantiation of "cutlass::Status cutlass::device::Universal<Kernel_>::initialize(const cutlass::device::Universal<Kernel_>::Arguments &, void *, cudaStream_t) [with Kernel_=cutlass::fmha::kernel::FmhaKernelTmaWarpSpecialized<cutlass::fmha::collective::FmhaMainloopTma<cutlass::float_e2m1_t, float, float, cute::tuple<cute::_128, cute::_64, cute::_64>, cute::tuple<int, cute::_1, cute::tuple<int32_t, int32_t>>, cute::tuple<int, cute::_1, cute::tuple<int32_t, int32_t>>, cute::tuple<cute::_1, int, cute::tuple<int32_t, int32_t>>, cutlass::fmha::collective::CausalFusion>, cutlass::fmha::collective::FmhaFwdEpilogue<cutlass::float_e2m1_t, float, cute::tuple<cute::_128, cute::_64, cute::_64>>, cutlass::fmha::kernel::IndividualTileScheduler>]" at line 445 of /home/yanwa/workspace/cutlass/examples/120_hopper_fmha_sm120/88_hopper_fmha.cu
            instantiation of "ExampleResult FwdRunner<TileShape, DispatchPolicy, ActiveFusion, KernelOptions...>::run(const Options &, const cutlass::KernelHardwareInfo &) [with TileShape=cute::tuple<cute::_128, cute::_64, cute::_64>, DispatchPolicy=KernelCooperative, ActiveFusion=cutlass::fmha::collective::CausalFusion, KernelOptions=<>]" at line 977 of /home/yanwa/workspace/cutlass/examples/120_hopper_fmha_sm120/88_hopper_fmha.cu
            instantiation of "void run_fwd_64(Fusion, const Options &, const cutlass::KernelHardwareInfo &) [with Fusion=cutlass::fmha::collective::CausalFusion]" at line 1179 of /home/yanwa/workspace/cutlass/examples/120_hopper_fmha_sm120/88_hopper_fmha.cu

/home/yanwa/workspace/cutlass/examples/120_hopper_fmha_sm120/device/../kernel/fmha_kernel_tma_warpspecialized.hpp(298): warning #174-D: expression has no effect
              block_rank_in_cluster,
              ^
          detected during:
            instantiation of "void cutlass::fmha::kernel::FmhaKernelTmaWarpSpecialized<CollectiveMainloop, CollectiveEpilogue, TileScheduler, Options...>::operator()(const cutlass::fmha::kernel::FmhaKernelTmaWarpSpecialized<CollectiveMainloop, CollectiveEpilogue, TileScheduler, Options...>::Params &, char *) [with CollectiveMainloop=cutlass::fmha::collective::FmhaMainloopTma<cutlass::float_e2m1_t, float, float, cute::tuple<cute::_128, cute::_64, cute::_64>, cute::tuple<int, cute::_1, cute::tuple<int32_t, int32_t>>, cute::tuple<int, cute::_1, cute::tuple<int32_t, int32_t>>, cute::tuple<cute::_1, int, cute::tuple<int32_t, int32_t>>, cutlass::fmha::collective::CausalFusion>, CollectiveEpilogue=cutlass::fmha::collective::FmhaFwdEpilogue<cutlass::float_e2m1_t, float, cute::tuple<cute::_128, cute::_64, cute::_64>>, TileScheduler=cutlass::fmha::kernel::IndividualTileScheduler, Options=<>]" at line 123 of /home/yanwa/workspace/cutlass/include/cutlass/device_kernel.h
            instantiation of "void cutlass::device_kernel<Operator>(Operator::Params) [with Operator=cutlass::fmha::kernel::FmhaKernelTmaWarpSpecialized<cutlass::fmha::collective::FmhaMainloopTma<cutlass::float_e2m1_t, float, float, cute::tuple<cute::_128, cute::_64, cute::_64>, cute::tuple<int, cute::_1, cute::tuple<int32_t, int32_t>>, cute::tuple<int, cute::_1, cute::tuple<int32_t, int32_t>>, cute::tuple<cute::_1, int, cute::tuple<int32_t, int32_t>>, cutlass::fmha::collective::CausalFusion>, cutlass::fmha::collective::FmhaFwdEpilogue<cutlass::float_e2m1_t, float, cute::tuple<cute::_128, cute::_64, cute::_64>>, cutlass::fmha::kernel::IndividualTileScheduler>]" at line 177 of /home/yanwa/workspace/cutlass/examples/120_hopper_fmha_sm120/device/../device/device_universal.hpp
            instantiation of "cutlass::Status cutlass::device::Universal<Kernel_>::initialize(const cutlass::device::Universal<Kernel_>::Arguments &, void *, cudaStream_t) [with Kernel_=cutlass::fmha::kernel::FmhaKernelTmaWarpSpecialized<cutlass::fmha::collective::FmhaMainloopTma<cutlass::float_e2m1_t, float, float, cute::tuple<cute::_128, cute::_64, cute::_64>, cute::tuple<int, cute::_1, cute::tuple<int32_t, int32_t>>, cute::tuple<int, cute::_1, cute::tuple<int32_t, int32_t>>, cute::tuple<cute::_1, int, cute::tuple<int32_t, int32_t>>, cutlass::fmha::collective::CausalFusion>, cutlass::fmha::collective::FmhaFwdEpilogue<cutlass::float_e2m1_t, float, cute::tuple<cute::_128, cute::_64, cute::_64>>, cutlass::fmha::kernel::IndividualTileScheduler>]" at line 445 of /home/yanwa/workspace/cutlass/examples/120_hopper_fmha_sm120/88_hopper_fmha.cu
            instantiation of "ExampleResult FwdRunner<TileShape, DispatchPolicy, ActiveFusion, KernelOptions...>::run(const Options &, const cutlass::KernelHardwareInfo &) [with TileShape=cute::tuple<cute::_128, cute::_64, cute::_64>, DispatchPolicy=KernelCooperative, ActiveFusion=cutlass::fmha::collective::CausalFusion, KernelOptions=<>]" at line 977 of /home/yanwa/workspace/cutlass/examples/120_hopper_fmha_sm120/88_hopper_fmha.cu
            instantiation of "void run_fwd_64(Fusion, const Options &, const cutlass::KernelHardwareInfo &) [with Fusion=cutlass::fmha::collective::CausalFusion]" at line 1179 of /home/yanwa/workspace/cutlass/examples/120_hopper_fmha_sm120/88_hopper_fmha.cu

/home/yanwa/workspace/cutlass/examples/120_hopper_fmha_sm120/device/../kernel/fmha_kernel_tma_warpspecialized.hpp(298): warning #174-D: expression has no effect
              block_rank_in_cluster,
              ^
          detected during:
            instantiation of "void cutlass::fmha::kernel::FmhaKernelTmaWarpSpecialized<CollectiveMainloop, CollectiveEpilogue, TileScheduler, Options...>::operator()(const cutlass::fmha::kernel::FmhaKernelTmaWarpSpecialized<CollectiveMainloop, CollectiveEpilogue, TileScheduler, Options...>::Params &, char *) [with CollectiveMainloop=cutlass::fmha::collective::FmhaMainloopTma<cutlass::float_e2m1_t, float, float, cute::tuple<cute::_128, cute::_64, cute::_64>, cute::tuple<int, cute::_1, cute::tuple<int32_t, int32_t>>, cute::tuple<int, cute::_1, cute::tuple<int32_t, int32_t>>, cute::tuple<cute::_1, int, cute::tuple<int32_t, int32_t>>, cutlass::fmha::collective::CausalFusion>, CollectiveEpilogue=cutlass::fmha::collective::FmhaFwdEpilogue<cutlass::float_e2m1_t, float, cute::tuple<cute::_128, cute::_64, cute::_64>>, TileScheduler=cutlass::fmha::kernel::IndividualTileScheduler, Options=<>]" at line 123 of /home/yanwa/workspace/cutlass/include/cutlass/device_kernel.h
            instantiation of "void cutlass::device_kernel<Operator>(Operator::Params) [with Operator=cutlass::fmha::kernel::FmhaKernelTmaWarpSpecialized<cutlass::fmha::collective::FmhaMainloopTma<cutlass::float_e2m1_t, float, float, cute::tuple<cute::_128, cute::_64, cute::_64>, cute::tuple<int, cute::_1, cute::tuple<int32_t, int32_t>>, cute::tuple<int, cute::_1, cute::tuple<int32_t, int32_t>>, cute::tuple<cute::_1, int, cute::tuple<int32_t, int32_t>>, cutlass::fmha::collective::CausalFusion>, cutlass::fmha::collective::FmhaFwdEpilogue<cutlass::float_e2m1_t, float, cute::tuple<cute::_128, cute::_64, cute::_64>>, cutlass::fmha::kernel::IndividualTileScheduler>]" at line 177 of /home/yanwa/workspace/cutlass/examples/120_hopper_fmha_sm120/device/../device/device_universal.hpp
            instantiation of "cutlass::Status cutlass::device::Universal<Kernel_>::initialize(const cutlass::device::Universal<Kernel_>::Arguments &, void *, cudaStream_t) [with Kernel_=cutlass::fmha::kernel::FmhaKernelTmaWarpSpecialized<cutlass::fmha::collective::FmhaMainloopTma<cutlass::float_e2m1_t, float, float, cute::tuple<cute::_128, cute::_64, cute::_64>, cute::tuple<int, cute::_1, cute::tuple<int32_t, int32_t>>, cute::tuple<int, cute::_1, cute::tuple<int32_t, int32_t>>, cute::tuple<cute::_1, int, cute::tuple<int32_t, int32_t>>, cutlass::fmha::collective::CausalFusion>, cutlass::fmha::collective::FmhaFwdEpilogue<cutlass::float_e2m1_t, float, cute::tuple<cute::_128, cute::_64, cute::_64>>, cutlass::fmha::kernel::IndividualTileScheduler>]" at line 445 of /home/yanwa/workspace/cutlass/examples/120_hopper_fmha_sm120/88_hopper_fmha.cu
            instantiation of "ExampleResult FwdRunner<TileShape, DispatchPolicy, ActiveFusion, KernelOptions...>::run(const Options &, const cutlass::KernelHardwareInfo &) [with TileShape=cute::tuple<cute::_128, cute::_64, cute::_64>, DispatchPolicy=KernelCooperative, ActiveFusion=cutlass::fmha::collective::CausalFusion, KernelOptions=<>]" at line 977 of /home/yanwa/workspace/cutlass/examples/120_hopper_fmha_sm120/88_hopper_fmha.cu
            instantiation of "void run_fwd_64(Fusion, const Options &, const cutlass::KernelHardwareInfo &) [with Fusion=cutlass::fmha::collective::CausalFusion]" at line 1179 of /home/yanwa/workspace/cutlass/examples/120_hopper_fmha_sm120/88_hopper_fmha.cu

/home/yanwa/workspace/cutlass/examples/120_hopper_fmha_sm120/device/../kernel/fmha_kernel_tma_warpspecialized.hpp(298): warning #174-D: expression has no effect
              block_rank_in_cluster,
              ^
          detected during:
            instantiation of "void cutlass::fmha::kernel::FmhaKernelTmaWarpSpecialized<CollectiveMainloop, CollectiveEpilogue, TileScheduler, Options...>::operator()(const cutlass::fmha::kernel::FmhaKernelTmaWarpSpecialized<CollectiveMainloop, CollectiveEpilogue, TileScheduler, Options...>::Params &, char *) [with CollectiveMainloop=cutlass::fmha::collective::FmhaMainloopTma<cutlass::float_e2m1_t, float, float, cute::tuple<cute::_128, cute::_64, cute::_64>, cute::tuple<int, cute::_1, cute::tuple<int32_t, int32_t>>, cute::tuple<int, cute::_1, cute::tuple<int32_t, int32_t>>, cute::tuple<cute::_1, int, cute::tuple<int32_t, int32_t>>, cutlass::fmha::collective::CausalFusion>, CollectiveEpilogue=cutlass::fmha::collective::FmhaFwdEpilogue<cutlass::float_e2m1_t, float, cute::tuple<cute::_128, cute::_64, cute::_64>>, TileScheduler=cutlass::fmha::kernel::IndividualTileScheduler, Options=<>]" at line 123 of /home/yanwa/workspace/cutlass/include/cutlass/device_kernel.h
            instantiation of "void cutlass::device_kernel<Operator>(Operator::Params) [with Operator=cutlass::fmha::kernel::FmhaKernelTmaWarpSpecialized<cutlass::fmha::collective::FmhaMainloopTma<cutlass::float_e2m1_t, float, float, cute::tuple<cute::_128, cute::_64, cute::_64>, cute::tuple<int, cute::_1, cute::tuple<int32_t, int32_t>>, cute::tuple<int, cute::_1, cute::tuple<int32_t, int32_t>>, cute::tuple<cute::_1, int, cute::tuple<int32_t, int32_t>>, cutlass::fmha::collective::CausalFusion>, cutlass::fmha::collective::FmhaFwdEpilogue<cutlass::float_e2m1_t, float, cute::tuple<cute::_128, cute::_64, cute::_64>>, cutlass::fmha::kernel::IndividualTileScheduler>]" at line 177 of /home/yanwa/workspace/cutlass/examples/120_hopper_fmha_sm120/device/../device/device_universal.hpp
            instantiation of "cutlass::Status cutlass::device::Universal<Kernel_>::initialize(const cutlass::device::Universal<Kernel_>::Arguments &, void *, cudaStream_t) [with Kernel_=cutlass::fmha::kernel::FmhaKernelTmaWarpSpecialized<cutlass::fmha::collective::FmhaMainloopTma<cutlass::float_e2m1_t, float, float, cute::tuple<cute::_128, cute::_64, cute::_64>, cute::tuple<int, cute::_1, cute::tuple<int32_t, int32_t>>, cute::tuple<int, cute::_1, cute::tuple<int32_t, int32_t>>, cute::tuple<cute::_1, int, cute::tuple<int32_t, int32_t>>, cutlass::fmha::collective::CausalFusion>, cutlass::fmha::collective::FmhaFwdEpilogue<cutlass::float_e2m1_t, float, cute::tuple<cute::_128, cute::_64, cute::_64>>, cutlass::fmha::kernel::IndividualTileScheduler>]" at line 445 of /home/yanwa/workspace/cutlass/examples/120_hopper_fmha_sm120/88_hopper_fmha.cu
            instantiation of "ExampleResult FwdRunner<TileShape, DispatchPolicy, ActiveFusion, KernelOptions...>::run(const Options &, const cutlass::KernelHardwareInfo &) [with TileShape=cute::tuple<cute::_128, cute::_64, cute::_64>, DispatchPolicy=KernelCooperative, ActiveFusion=cutlass::fmha::collective::CausalFusion, KernelOptions=<>]" at line 977 of /home/yanwa/workspace/cutlass/examples/120_hopper_fmha_sm120/88_hopper_fmha.cu
            instantiation of "void run_fwd_64(Fusion, const Options &, const cutlass::KernelHardwareInfo &) [with Fusion=cutlass::fmha::collective::CausalFusion]" at line 1179 of /home/yanwa/workspace/cutlass/examples/120_hopper_fmha_sm120/88_hopper_fmha.cu

/home/yanwa/workspace/cutlass/examples/120_hopper_fmha_sm120/device/../kernel/fmha_kernel_tma_warpspecialized.hpp(298): warning #174-D: expression has no effect
              block_rank_in_cluster,
              ^
          detected during:
            instantiation of "void cutlass::fmha::kernel::FmhaKernelTmaWarpSpecialized<CollectiveMainloop, CollectiveEpilogue, TileScheduler, Options...>::operator()(const cutlass::fmha::kernel::FmhaKernelTmaWarpSpecialized<CollectiveMainloop, CollectiveEpilogue, TileScheduler, Options...>::Params &, char *) [with CollectiveMainloop=cutlass::fmha::collective::FmhaMainloopTma<cutlass::float_e2m1_t, float, float, cute::tuple<cute::_128, cute::_64, cute::_64>, cute::tuple<int, cute::_1, cute::tuple<int32_t, int32_t>>, cute::tuple<int, cute::_1, cute::tuple<int32_t, int32_t>>, cute::tuple<cute::_1, int, cute::tuple<int32_t, int32_t>>, cutlass::fmha::collective::CausalFusion>, CollectiveEpilogue=cutlass::fmha::collective::FmhaFwdEpilogue<cutlass::float_e2m1_t, float, cute::tuple<cute::_128, cute::_64, cute::_64>>, TileScheduler=cutlass::fmha::kernel::IndividualTileScheduler, Options=<>]" at line 123 of /home/yanwa/workspace/cutlass/include/cutlass/device_kernel.h
            instantiation of "void cutlass::device_kernel<Operator>(Operator::Params) [with Operator=cutlass::fmha::kernel::FmhaKernelTmaWarpSpecialized<cutlass::fmha::collective::FmhaMainloopTma<cutlass::float_e2m1_t, float, float, cute::tuple<cute::_128, cute::_64, cute::_64>, cute::tuple<int, cute::_1, cute::tuple<int32_t, int32_t>>, cute::tuple<int, cute::_1, cute::tuple<int32_t, int32_t>>, cute::tuple<cute::_1, int, cute::tuple<int32_t, int32_t>>, cutlass::fmha::collective::CausalFusion>, cutlass::fmha::collective::FmhaFwdEpilogue<cutlass::float_e2m1_t, float, cute::tuple<cute::_128, cute::_64, cute::_64>>, cutlass::fmha::kernel::IndividualTileScheduler>]" at line 177 of /home/yanwa/workspace/cutlass/examples/120_hopper_fmha_sm120/device/../device/device_universal.hpp
            instantiation of "cutlass::Status cutlass::device::Universal<Kernel_>::initialize(const cutlass::device::Universal<Kernel_>::Arguments &, void *, cudaStream_t) [with Kernel_=cutlass::fmha::kernel::FmhaKernelTmaWarpSpecialized<cutlass::fmha::collective::FmhaMainloopTma<cutlass::float_e2m1_t, float, float, cute::tuple<cute::_128, cute::_64, cute::_64>, cute::tuple<int, cute::_1, cute::tuple<int32_t, int32_t>>, cute::tuple<int, cute::_1, cute::tuple<int32_t, int32_t>>, cute::tuple<cute::_1, int, cute::tuple<int32_t, int32_t>>, cutlass::fmha::collective::CausalFusion>, cutlass::fmha::collective::FmhaFwdEpilogue<cutlass::float_e2m1_t, float, cute::tuple<cute::_128, cute::_64, cute::_64>>, cutlass::fmha::kernel::IndividualTileScheduler>]" at line 445 of /home/yanwa/workspace/cutlass/examples/120_hopper_fmha_sm120/88_hopper_fmha.cu
            instantiation of "ExampleResult FwdRunner<TileShape, DispatchPolicy, ActiveFusion, KernelOptions...>::run(const Options &, const cutlass::KernelHardwareInfo &) [with TileShape=cute::tuple<cute::_128, cute::_64, cute::_64>, DispatchPolicy=KernelCooperative, ActiveFusion=cutlass::fmha::collective::CausalFusion, KernelOptions=<>]" at line 977 of /home/yanwa/workspace/cutlass/examples/120_hopper_fmha_sm120/88_hopper_fmha.cu
            instantiation of "void run_fwd_64(Fusion, const Options &, const cutlass::KernelHardwareInfo &) [with Fusion=cutlass::fmha::collective::CausalFusion]" at line 1179 of /home/yanwa/workspace/cutlass/examples/120_hopper_fmha_sm120/88_hopper_fmha.cu

/home/yanwa/workspace/cutlass/examples/120_hopper_fmha_sm120/device/../kernel/fmha_kernel_tma_warpspecialized.hpp(298): warning #174-D: expression has no effect
              block_rank_in_cluster,
              ^
          detected during:
            instantiation of "void cutlass::fmha::kernel::FmhaKernelTmaWarpSpecialized<CollectiveMainloop, CollectiveEpilogue, TileScheduler, Options...>::operator()(const cutlass::fmha::kernel::FmhaKernelTmaWarpSpecialized<CollectiveMainloop, CollectiveEpilogue, TileScheduler, Options...>::Params &, char *) [with CollectiveMainloop=cutlass::fmha::collective::FmhaMainloopTma<cutlass::float_e2m1_t, float, float, cute::tuple<cute::_128, cute::_64, cute::_64>, cute::tuple<int, cute::_1, cute::tuple<int32_t, int32_t>>, cute::tuple<int, cute::_1, cute::tuple<int32_t, int32_t>>, cute::tuple<cute::_1, int, cute::tuple<int32_t, int32_t>>, cutlass::fmha::collective::CausalFusion>, CollectiveEpilogue=cutlass::fmha::collective::FmhaFwdEpilogue<cutlass::float_e2m1_t, float, cute::tuple<cute::_128, cute::_64, cute::_64>>, TileScheduler=cutlass::fmha::kernel::IndividualTileScheduler, Options=<>]" at line 123 of /home/yanwa/workspace/cutlass/include/cutlass/device_kernel.h
            instantiation of "void cutlass::device_kernel<Operator>(Operator::Params) [with Operator=cutlass::fmha::kernel::FmhaKernelTmaWarpSpecialized<cutlass::fmha::collective::FmhaMainloopTma<cutlass::float_e2m1_t, float, float, cute::tuple<cute::_128, cute::_64, cute::_64>, cute::tuple<int, cute::_1, cute::tuple<int32_t, int32_t>>, cute::tuple<int, cute::_1, cute::tuple<int32_t, int32_t>>, cute::tuple<cute::_1, int, cute::tuple<int32_t, int32_t>>, cutlass::fmha::collective::CausalFusion>, cutlass::fmha::collective::FmhaFwdEpilogue<cutlass::float_e2m1_t, float, cute::tuple<cute::_128, cute::_64, cute::_64>>, cutlass::fmha::kernel::IndividualTileScheduler>]" at line 177 of /home/yanwa/workspace/cutlass/examples/120_hopper_fmha_sm120/device/../device/device_universal.hpp
            instantiation of "cutlass::Status cutlass::device::Universal<Kernel_>::initialize(const cutlass::device::Universal<Kernel_>::Arguments &, void *, cudaStream_t) [with Kernel_=cutlass::fmha::kernel::FmhaKernelTmaWarpSpecialized<cutlass::fmha::collective::FmhaMainloopTma<cutlass::float_e2m1_t, float, float, cute::tuple<cute::_128, cute::_64, cute::_64>, cute::tuple<int, cute::_1, cute::tuple<int32_t, int32_t>>, cute::tuple<int, cute::_1, cute::tuple<int32_t, int32_t>>, cute::tuple<cute::_1, int, cute::tuple<int32_t, int32_t>>, cutlass::fmha::collective::CausalFusion>, cutlass::fmha::collective::FmhaFwdEpilogue<cutlass::float_e2m1_t, float, cute::tuple<cute::_128, cute::_64, cute::_64>>, cutlass::fmha::kernel::IndividualTileScheduler>]" at line 445 of /home/yanwa/workspace/cutlass/examples/120_hopper_fmha_sm120/88_hopper_fmha.cu
            instantiation of "ExampleResult FwdRunner<TileShape, DispatchPolicy, ActiveFusion, KernelOptions...>::run(const Options &, const cutlass::KernelHardwareInfo &) [with TileShape=cute::tuple<cute::_128, cute::_64, cute::_64>, DispatchPolicy=KernelCooperative, ActiveFusion=cutlass::fmha::collective::CausalFusion, KernelOptions=<>]" at line 977 of /home/yanwa/workspace/cutlass/examples/120_hopper_fmha_sm120/88_hopper_fmha.cu
            instantiation of "void run_fwd_64(Fusion, const Options &, const cutlass::KernelHardwareInfo &) [with Fusion=cutlass::fmha::collective::CausalFusion]" at line 1179 of /home/yanwa/workspace/cutlass/examples/120_hopper_fmha_sm120/88_hopper_fmha.cu

/home/yanwa/workspace/cutlass/examples/120_hopper_fmha_sm120/device/../kernel/fmha_kernel_tma_warpspecialized.hpp(298): warning #174-D: expression has no effect
              block_rank_in_cluster,
              ^
          detected during:
            instantiation of "void cutlass::fmha::kernel::FmhaKernelTmaWarpSpecialized<CollectiveMainloop, CollectiveEpilogue, TileScheduler, Options...>::operator()(const cutlass::fmha::kernel::FmhaKernelTmaWarpSpecialized<CollectiveMainloop, CollectiveEpilogue, TileScheduler, Options...>::Params &, char *) [with CollectiveMainloop=cutlass::fmha::collective::FmhaMainloopTma<cutlass::float_e2m1_t, float, float, cute::tuple<cute::_128, cute::_64, cute::_64>, cute::tuple<int, cute::_1, cute::tuple<int32_t, int32_t>>, cute::tuple<int, cute::_1, cute::tuple<int32_t, int32_t>>, cute::tuple<cute::_1, int, cute::tuple<int32_t, int32_t>>, cutlass::fmha::collective::CausalFusion>, CollectiveEpilogue=cutlass::fmha::collective::FmhaFwdEpilogue<cutlass::float_e2m1_t, float, cute::tuple<cute::_128, cute::_64, cute::_64>>, TileScheduler=cutlass::fmha::kernel::IndividualTileScheduler, Options=<>]" at line 123 of /home/yanwa/workspace/cutlass/include/cutlass/device_kernel.h
            instantiation of "void cutlass::device_kernel<Operator>(Operator::Params) [with Operator=cutlass::fmha::kernel::FmhaKernelTmaWarpSpecialized<cutlass::fmha::collective::FmhaMainloopTma<cutlass::float_e2m1_t, float, float, cute::tuple<cute::_128, cute::_64, cute::_64>, cute::tuple<int, cute::_1, cute::tuple<int32_t, int32_t>>, cute::tuple<int, cute::_1, cute::tuple<int32_t, int32_t>>, cute::tuple<cute::_1, int, cute::tuple<int32_t, int32_t>>, cutlass::fmha::collective::CausalFusion>, cutlass::fmha::collective::FmhaFwdEpilogue<cutlass::float_e2m1_t, float, cute::tuple<cute::_128, cute::_64, cute::_64>>, cutlass::fmha::kernel::IndividualTileScheduler>]" at line 177 of /home/yanwa/workspace/cutlass/examples/120_hopper_fmha_sm120/device/../device/device_universal.hpp
            instantiation of "cutlass::Status cutlass::device::Universal<Kernel_>::initialize(const cutlass::device::Universal<Kernel_>::Arguments &, void *, cudaStream_t) [with Kernel_=cutlass::fmha::kernel::FmhaKernelTmaWarpSpecialized<cutlass::fmha::collective::FmhaMainloopTma<cutlass::float_e2m1_t, float, float, cute::tuple<cute::_128, cute::_64, cute::_64>, cute::tuple<int, cute::_1, cute::tuple<int32_t, int32_t>>, cute::tuple<int, cute::_1, cute::tuple<int32_t, int32_t>>, cute::tuple<cute::_1, int, cute::tuple<int32_t, int32_t>>, cutlass::fmha::collective::CausalFusion>, cutlass::fmha::collective::FmhaFwdEpilogue<cutlass::float_e2m1_t, float, cute::tuple<cute::_128, cute::_64, cute::_64>>, cutlass::fmha::kernel::IndividualTileScheduler>]" at line 445 of /home/yanwa/workspace/cutlass/examples/120_hopper_fmha_sm120/88_hopper_fmha.cu
            instantiation of "ExampleResult FwdRunner<TileShape, DispatchPolicy, ActiveFusion, KernelOptions...>::run(const Options &, const cutlass::KernelHardwareInfo &) [with TileShape=cute::tuple<cute::_128, cute::_64, cute::_64>, DispatchPolicy=KernelCooperative, ActiveFusion=cutlass::fmha::collective::CausalFusion, KernelOptions=<>]" at line 977 of /home/yanwa/workspace/cutlass/examples/120_hopper_fmha_sm120/88_hopper_fmha.cu
            instantiation of "void run_fwd_64(Fusion, const Options &, const cutlass::KernelHardwareInfo &) [with Fusion=cutlass::fmha::collective::CausalFusion]" at line 1179 of /home/yanwa/workspace/cutlass/examples/120_hopper_fmha_sm120/88_hopper_fmha.cu

/home/yanwa/workspace/cutlass/examples/120_hopper_fmha_sm120/device/../kernel/fmha_kernel_tma_warpspecialized.hpp(314): error: class "cutlass::fmha::collective::FmhaMainloopTma<cutlass::float_e2m1_t, float, float, cute::tuple<cute::_128, cute::_64, cute::_64>, cute::tuple<int, cute::_1, cute::tuple<int32_t, int32_t>>, cute::tuple<int, cute::_1, cute::tuple<int32_t, int32_t>>, cute::tuple<cute::_1, int, cute::tuple<int32_t, int32_t>>, cutlass::fmha::collective::CausalFusion>" has no member "load_maybe_q"
            collective_mainloop.load_maybe_q(
                                ^
          detected during:
            instantiation of "void cutlass::fmha::kernel::FmhaKernelTmaWarpSpecialized<CollectiveMainloop, CollectiveEpilogue, TileScheduler, Options...>::operator()(const cutlass::fmha::kernel::FmhaKernelTmaWarpSpecialized<CollectiveMainloop, CollectiveEpilogue, TileScheduler, Options...>::Params &, char *) [with CollectiveMainloop=cutlass::fmha::collective::FmhaMainloopTma<cutlass::float_e2m1_t, float, float, cute::tuple<cute::_128, cute::_64, cute::_64>, cute::tuple<int, cute::_1, cute::tuple<int32_t, int32_t>>, cute::tuple<int, cute::_1, cute::tuple<int32_t, int32_t>>, cute::tuple<cute::_1, int, cute::tuple<int32_t, int32_t>>, cutlass::fmha::collective::CausalFusion>, CollectiveEpilogue=cutlass::fmha::collective::FmhaFwdEpilogue<cutlass::float_e2m1_t, float, cute::tuple<cute::_128, cute::_64, cute::_64>>, TileScheduler=cutlass::fmha::kernel::IndividualTileScheduler, Options=<>]" at line 123 of /home/yanwa/workspace/cutlass/include/cutlass/device_kernel.h
            instantiation of "void cutlass::device_kernel<Operator>(Operator::Params) [with Operator=cutlass::fmha::kernel::FmhaKernelTmaWarpSpecialized<cutlass::fmha::collective::FmhaMainloopTma<cutlass::float_e2m1_t, float, float, cute::tuple<cute::_128, cute::_64, cute::_64>, cute::tuple<int, cute::_1, cute::tuple<int32_t, int32_t>>, cute::tuple<int, cute::_1, cute::tuple<int32_t, int32_t>>, cute::tuple<cute::_1, int, cute::tuple<int32_t, int32_t>>, cutlass::fmha::collective::CausalFusion>, cutlass::fmha::collective::FmhaFwdEpilogue<cutlass::float_e2m1_t, float, cute::tuple<cute::_128, cute::_64, cute::_64>>, cutlass::fmha::kernel::IndividualTileScheduler>]" at line 177 of /home/yanwa/workspace/cutlass/examples/120_hopper_fmha_sm120/device/../device/device_universal.hpp
            instantiation of "cutlass::Status cutlass::device::Universal<Kernel_>::initialize(const cutlass::device::Universal<Kernel_>::Arguments &, void *, cudaStream_t) [with Kernel_=cutlass::fmha::kernel::FmhaKernelTmaWarpSpecialized<cutlass::fmha::collective::FmhaMainloopTma<cutlass::float_e2m1_t, float, float, cute::tuple<cute::_128, cute::_64, cute::_64>, cute::tuple<int, cute::_1, cute::tuple<int32_t, int32_t>>, cute::tuple<int, cute::_1, cute::tuple<int32_t, int32_t>>, cute::tuple<cute::_1, int, cute::tuple<int32_t, int32_t>>, cutlass::fmha::collective::CausalFusion>, cutlass::fmha::collective::FmhaFwdEpilogue<cutlass::float_e2m1_t, float, cute::tuple<cute::_128, cute::_64, cute::_64>>, cutlass::fmha::kernel::IndividualTileScheduler>]" at line 445 of /home/yanwa/workspace/cutlass/examples/120_hopper_fmha_sm120/88_hopper_fmha.cu
            instantiation of "ExampleResult FwdRunner<TileShape, DispatchPolicy, ActiveFusion, KernelOptions...>::run(const Options &, const cutlass::KernelHardwareInfo &) [with TileShape=cute::tuple<cute::_128, cute::_64, cute::_64>, DispatchPolicy=KernelCooperative, ActiveFusion=cutlass::fmha::collective::CausalFusion, KernelOptions=<>]" at line 977 of /home/yanwa/workspace/cutlass/examples/120_hopper_fmha_sm120/88_hopper_fmha.cu
            instantiation of "void run_fwd_64(Fusion, const Options &, const cutlass::KernelHardwareInfo &) [with Fusion=cutlass::fmha::collective::CausalFusion]" at line 1179 of /home/yanwa/workspace/cutlass/examples/120_hopper_fmha_sm120/88_hopper_fmha.cu

/home/yanwa/workspace/cutlass/examples/120_hopper_fmha_sm120/device/../kernel/fmha_kernel_tma_warpspecialized.hpp(325): error: class "cutlass::fmha::collective::FmhaMainloopTma<cutlass::float_e2m1_t, float, float, cute::tuple<cute::_128, cute::_64, cute::_64>, cute::tuple<int, cute::_1, cute::tuple<int32_t, int32_t>>, cute::tuple<int, cute::_1, cute::tuple<int32_t, int32_t>>, cute::tuple<cute::_1, int, cute::tuple<int32_t, int32_t>>, cutlass::fmha::collective::CausalFusion>" has no member "reduce"
            collective_mainloop.reduce(
                                ^
          detected during:
            instantiation of "void cutlass::fmha::kernel::FmhaKernelTmaWarpSpecialized<CollectiveMainloop, CollectiveEpilogue, TileScheduler, Options...>::operator()(const cutlass::fmha::kernel::FmhaKernelTmaWarpSpecialized<CollectiveMainloop, CollectiveEpilogue, TileScheduler, Options...>::Params &, char *) [with CollectiveMainloop=cutlass::fmha::collective::FmhaMainloopTma<cutlass::float_e2m1_t, float, float, cute::tuple<cute::_128, cute::_64, cute::_64>, cute::tuple<int, cute::_1, cute::tuple<int32_t, int32_t>>, cute::tuple<int, cute::_1, cute::tuple<int32_t, int32_t>>, cute::tuple<cute::_1, int, cute::tuple<int32_t, int32_t>>, cutlass::fmha::collective::CausalFusion>, CollectiveEpilogue=cutlass::fmha::collective::FmhaFwdEpilogue<cutlass::float_e2m1_t, float, cute::tuple<cute::_128, cute::_64, cute::_64>>, TileScheduler=cutlass::fmha::kernel::IndividualTileScheduler, Options=<>]" at line 123 of /home/yanwa/workspace/cutlass/include/cutlass/device_kernel.h
            instantiation of "void cutlass::device_kernel<Operator>(Operator::Params) [with Operator=cutlass::fmha::kernel::FmhaKernelTmaWarpSpecialized<cutlass::fmha::collective::FmhaMainloopTma<cutlass::float_e2m1_t, float, float, cute::tuple<cute::_128, cute::_64, cute::_64>, cute::tuple<int, cute::_1, cute::tuple<int32_t, int32_t>>, cute::tuple<int, cute::_1, cute::tuple<int32_t, int32_t>>, cute::tuple<cute::_1, int, cute::tuple<int32_t, int32_t>>, cutlass::fmha::collective::CausalFusion>, cutlass::fmha::collective::FmhaFwdEpilogue<cutlass::float_e2m1_t, float, cute::tuple<cute::_128, cute::_64, cute::_64>>, cutlass::fmha::kernel::IndividualTileScheduler>]" at line 177 of /home/yanwa/workspace/cutlass/examples/120_hopper_fmha_sm120/device/../device/device_universal.hpp
            instantiation of "cutlass::Status cutlass::device::Universal<Kernel_>::initialize(const cutlass::device::Universal<Kernel_>::Arguments &, void *, cudaStream_t) [with Kernel_=cutlass::fmha::kernel::FmhaKernelTmaWarpSpecialized<cutlass::fmha::collective::FmhaMainloopTma<cutlass::float_e2m1_t, float, float, cute::tuple<cute::_128, cute::_64, cute::_64>, cute::tuple<int, cute::_1, cute::tuple<int32_t, int32_t>>, cute::tuple<int, cute::_1, cute::tuple<int32_t, int32_t>>, cute::tuple<cute::_1, int, cute::tuple<int32_t, int32_t>>, cutlass::fmha::collective::CausalFusion>, cutlass::fmha::collective::FmhaFwdEpilogue<cutlass::float_e2m1_t, float, cute::tuple<cute::_128, cute::_64, cute::_64>>, cutlass::fmha::kernel::IndividualTileScheduler>]" at line 445 of /home/yanwa/workspace/cutlass/examples/120_hopper_fmha_sm120/88_hopper_fmha.cu
            instantiation of "ExampleResult FwdRunner<TileShape, DispatchPolicy, ActiveFusion, KernelOptions...>::run(const Options &, const cutlass::KernelHardwareInfo &) [with TileShape=cute::tuple<cute::_128, cute::_64, cute::_64>, DispatchPolicy=KernelCooperative, ActiveFusion=cutlass::fmha::collective::CausalFusion, KernelOptions=<>]" at line 977 of /home/yanwa/workspace/cutlass/examples/120_hopper_fmha_sm120/88_hopper_fmha.cu
            instantiation of "void run_fwd_64(Fusion, const Options &, const cutlass::KernelHardwareInfo &) [with Fusion=cutlass::fmha::collective::CausalFusion]" at line 1179 of /home/yanwa/workspace/cutlass/examples/120_hopper_fmha_sm120/88_hopper_fmha.cu

/home/yanwa/workspace/cutlass/examples/120_hopper_fmha_sm120/device/../kernel/fmha_kernel_tma_warpspecialized.hpp(339): error: no instance of function template "cutlass::arch::warpgroup_reg_alloc" matches the argument list
        cutlass::arch::warpgroup_reg_alloc<MmaRegisterRequirement>();
        ^
/home/yanwa/workspace/cutlass/include/cutlass/arch/reg_reconfig.h(74): note #3323-D: substituting explicit template arguments "<<expression>>" for function template "cutlass::arch::warpgroup_reg_alloc" failed
  void warpgroup_reg_alloc(){
       ^
          detected during:
            instantiation of "void cutlass::fmha::kernel::FmhaKernelTmaWarpSpecialized<CollectiveMainloop, CollectiveEpilogue, TileScheduler, Options...>::operator()(const cutlass::fmha::kernel::FmhaKernelTmaWarpSpecialized<CollectiveMainloop, CollectiveEpilogue, TileScheduler, Options...>::Params &, char *) [with CollectiveMainloop=cutlass::fmha::collective::FmhaMainloopTma<cutlass::float_e2m1_t, float, float, cute::tuple<cute::_128, cute::_64, cute::_64>, cute::tuple<int, cute::_1, cute::tuple<int32_t, int32_t>>, cute::tuple<int, cute::_1, cute::tuple<int32_t, int32_t>>, cute::tuple<cute::_1, int, cute::tuple<int32_t, int32_t>>, cutlass::fmha::collective::CausalFusion>, CollectiveEpilogue=cutlass::fmha::collective::FmhaFwdEpilogue<cutlass::float_e2m1_t, float, cute::tuple<cute::_128, cute::_64, cute::_64>>, TileScheduler=cutlass::fmha::kernel::IndividualTileScheduler, Options=<>]" at line 123 of /home/yanwa/workspace/cutlass/include/cutlass/device_kernel.h
            instantiation of "void cutlass::device_kernel<Operator>(Operator::Params) [with Operator=cutlass::fmha::kernel::FmhaKernelTmaWarpSpecialized<cutlass::fmha::collective::FmhaMainloopTma<cutlass::float_e2m1_t, float, float, cute::tuple<cute::_128, cute::_64, cute::_64>, cute::tuple<int, cute::_1, cute::tuple<int32_t, int32_t>>, cute::tuple<int, cute::_1, cute::tuple<int32_t, int32_t>>, cute::tuple<cute::_1, int, cute::tuple<int32_t, int32_t>>, cutlass::fmha::collective::CausalFusion>, cutlass::fmha::collective::FmhaFwdEpilogue<cutlass::float_e2m1_t, float, cute::tuple<cute::_128, cute::_64, cute::_64>>, cutlass::fmha::kernel::IndividualTileScheduler>]" at line 177 of /home/yanwa/workspace/cutlass/examples/120_hopper_fmha_sm120/device/../device/device_universal.hpp
            instantiation of "cutlass::Status cutlass::device::Universal<Kernel_>::initialize(const cutlass::device::Universal<Kernel_>::Arguments &, void *, cudaStream_t) [with Kernel_=cutlass::fmha::kernel::FmhaKernelTmaWarpSpecialized<cutlass::fmha::collective::FmhaMainloopTma<cutlass::float_e2m1_t, float, float, cute::tuple<cute::_128, cute::_64, cute::_64>, cute::tuple<int, cute::_1, cute::tuple<int32_t, int32_t>>, cute::tuple<int, cute::_1, cute::tuple<int32_t, int32_t>>, cute::tuple<cute::_1, int, cute::tuple<int32_t, int32_t>>, cutlass::fmha::collective::CausalFusion>, cutlass::fmha::collective::FmhaFwdEpilogue<cutlass::float_e2m1_t, float, cute::tuple<cute::_128, cute::_64, cute::_64>>, cutlass::fmha::kernel::IndividualTileScheduler>]" at line 445 of /home/yanwa/workspace/cutlass/examples/120_hopper_fmha_sm120/88_hopper_fmha.cu
            instantiation of "ExampleResult FwdRunner<TileShape, DispatchPolicy, ActiveFusion, KernelOptions...>::run(const Options &, const cutlass::KernelHardwareInfo &) [with TileShape=cute::tuple<cute::_128, cute::_64, cute::_64>, DispatchPolicy=KernelCooperative, ActiveFusion=cutlass::fmha::collective::CausalFusion, KernelOptions=<>]" at line 977 of /home/yanwa/workspace/cutlass/examples/120_hopper_fmha_sm120/88_hopper_fmha.cu
            instantiation of "void run_fwd_64(Fusion, const Options &, const cutlass::KernelHardwareInfo &) [with Fusion=cutlass::fmha::collective::CausalFusion]" at line 1179 of /home/yanwa/workspace/cutlass/examples/120_hopper_fmha_sm120/88_hopper_fmha.cu

/home/yanwa/workspace/cutlass/examples/120_hopper_fmha_sm120/device/../kernel/fmha_kernel_tma_warpspecialized.hpp(345): error: class "cutlass::fmha::collective::FmhaMainloopTma<cutlass::float_e2m1_t, float, float, cute::tuple<cute::_128, cute::_64, cute::_64>, cute::tuple<int, cute::_1, cute::tuple<int32_t, int32_t>>, cute::tuple<int, cute::_1, cute::tuple<int32_t, int32_t>>, cute::tuple<cute::_1, int, cute::tuple<int32_t, int32_t>>, cutlass::fmha::collective::CausalFusion>" has no member "kOuterLoads"
          constexpr int kOuterLoads = CollectiveMainloop::kOuterLoads;
                                                          ^
          detected during:
            instantiation of "void cutlass::fmha::kernel::FmhaKernelTmaWarpSpecialized<CollectiveMainloop, CollectiveEpilogue, TileScheduler, Options...>::operator()(const cutlass::fmha::kernel::FmhaKernelTmaWarpSpecialized<CollectiveMainloop, CollectiveEpilogue, TileScheduler, Options...>::Params &, char *) [with CollectiveMainloop=cutlass::fmha::collective::FmhaMainloopTma<cutlass::float_e2m1_t, float, float, cute::tuple<cute::_128, cute::_64, cute::_64>, cute::tuple<int, cute::_1, cute::tuple<int32_t, int32_t>>, cute::tuple<int, cute::_1, cute::tuple<int32_t, int32_t>>, cute::tuple<cute::_1, int, cute::tuple<int32_t, int32_t>>, cutlass::fmha::collective::CausalFusion>, CollectiveEpilogue=cutlass::fmha::collective::FmhaFwdEpilogue<cutlass::float_e2m1_t, float, cute::tuple<cute::_128, cute::_64, cute::_64>>, TileScheduler=cutlass::fmha::kernel::IndividualTileScheduler, Options=<>]" at line 123 of /home/yanwa/workspace/cutlass/include/cutlass/device_kernel.h
            instantiation of "void cutlass::device_kernel<Operator>(Operator::Params) [with Operator=cutlass::fmha::kernel::FmhaKernelTmaWarpSpecialized<cutlass::fmha::collective::FmhaMainloopTma<cutlass::float_e2m1_t, float, float, cute::tuple<cute::_128, cute::_64, cute::_64>, cute::tuple<int, cute::_1, cute::tuple<int32_t, int32_t>>, cute::tuple<int, cute::_1, cute::tuple<int32_t, int32_t>>, cute::tuple<cute::_1, int, cute::tuple<int32_t, int32_t>>, cutlass::fmha::collective::CausalFusion>, cutlass::fmha::collective::FmhaFwdEpilogue<cutlass::float_e2m1_t, float, cute::tuple<cute::_128, cute::_64, cute::_64>>, cutlass::fmha::kernel::IndividualTileScheduler>]" at line 177 of /home/yanwa/workspace/cutlass/examples/120_hopper_fmha_sm120/device/../device/device_universal.hpp
            instantiation of "cutlass::Status cutlass::device::Universal<Kernel_>::initialize(const cutlass::device::Universal<Kernel_>::Arguments &, void *, cudaStream_t) [with Kernel_=cutlass::fmha::kernel::FmhaKernelTmaWarpSpecialized<cutlass::fmha::collective::FmhaMainloopTma<cutlass::float_e2m1_t, float, float, cute::tuple<cute::_128, cute::_64, cute::_64>, cute::tuple<int, cute::_1, cute::tuple<int32_t, int32_t>>, cute::tuple<int, cute::_1, cute::tuple<int32_t, int32_t>>, cute::tuple<cute::_1, int, cute::tuple<int32_t, int32_t>>, cutlass::fmha::collective::CausalFusion>, cutlass::fmha::collective::FmhaFwdEpilogue<cutlass::float_e2m1_t, float, cute::tuple<cute::_128, cute::_64, cute::_64>>, cutlass::fmha::kernel::IndividualTileScheduler>]" at line 445 of /home/yanwa/workspace/cutlass/examples/120_hopper_fmha_sm120/88_hopper_fmha.cu
            instantiation of "ExampleResult FwdRunner<TileShape, DispatchPolicy, ActiveFusion, KernelOptions...>::run(const Options &, const cutlass::KernelHardwareInfo &) [with TileShape=cute::tuple<cute::_128, cute::_64, cute::_64>, DispatchPolicy=KernelCooperative, ActiveFusion=cutlass::fmha::collective::CausalFusion, KernelOptions=<>]" at line 977 of /home/yanwa/workspace/cutlass/examples/120_hopper_fmha_sm120/88_hopper_fmha.cu
            instantiation of "void run_fwd_64(Fusion, const Options &, const cutlass::KernelHardwareInfo &) [with Fusion=cutlass::fmha::collective::CausalFusion]" at line 1179 of /home/yanwa/workspace/cutlass/examples/120_hopper_fmha_sm120/88_hopper_fmha.cu

/home/yanwa/workspace/cutlass/examples/120_hopper_fmha_sm120/device/../kernel/fmha_kernel_tma_warpspecialized.hpp(375): error: no instance of function template "cutlass::fmha::collective::FmhaMainloopTma<Element_, ElementAccumulatorQK_, ElementAccumulatorPV_, TileShape_, LayoutQ_, LayoutK_, LayoutV_, Fusion, Options...>::compute [with Element_=cutlass::float_e2m1_t, ElementAccumulatorQK_=float, ElementAccumulatorPV_=float, TileShape_=cute::tuple<cute::_128, cute::_64, cute::_64>, LayoutQ_=cute::tuple<int, cute::_1, cute::tuple<int32_t, int32_t>>, LayoutK_=cute::tuple<int, cute::_1, cute::tuple<int32_t, int32_t>>, LayoutV_=cute::tuple<cute::_1, int, cute::tuple<int32_t, int32_t>>, Fusion=cutlass::fmha::collective::CausalFusion, Options=<>]" matches the argument list
            argument types are: (cute::tuple<unsigned int, cute::_0, cute::tuple<uint32_t, uint32_t>>, cute::tuple<unsigned int, cute::_0, cute::tuple<uint32_t, uint32_t>>, const cutlass::fmha::collective::FmhaMainloopTma<cutlass::float_e2m1_t, float, float, cute::tuple<cute::_128, cute::_64, cute::_64>, cute::tuple<int, cute::_1, cute::tuple<int32_t, int32_t>>, cute::tuple<int, cute::_1, cute::tuple<int32_t, int32_t>>, cute::tuple<cute::_1, int, cute::tuple<int32_t, int32_t>>, cutlass::fmha::collective::CausalFusion>::Params, const cute::tuple<int, int, int, int, int>, cutlass::PipelineTmaAsync<4>, cutlass::PipelineState<4U>, cutlass::PipelineTmaAsync<1>, cutlass::PipelineState<1U>, cutlass::PipelineAsync<2>, cutlass::PipelineState<2U>, cutlass::fmha::collective::FmhaMainloopTma<cutlass::float_e2m1_t, float, float, cute::tuple<cute::_128, cute::_64, cute::_64>, cute::tuple<int, cute::_1, cute::tuple<int32_t, int32_t>>, cute::tuple<int, cute::_1, cute::tuple<int32_t, int32_t>>, cute::tuple<cute::_1, int, cute::tuple<int32_t, int32_t>>, cutlass::fmha::collective::CausalFusion>::SharedStorage, cutlass::OrderedSequenceBarrier<2, <error-constant>>)
            object type is: cutlass::fmha::collective::FmhaMainloopTma<cutlass::float_e2m1_t, float, float, cute::tuple<cute::_128, cute::_64, cute::_64>, cute::tuple<int, cute::_1, cute::tuple<int32_t, int32_t>>, cute::tuple<int, cute::_1, cute::tuple<int32_t, int32_t>>, cute::tuple<cute::_1, int, cute::tuple<int32_t, int32_t>>, cutlass::fmha::collective::CausalFusion>
          auto result = collective_mainloop.compute(
                                            ^
/home/yanwa/workspace/cutlass/examples/120_hopper_fmha_sm120/kernel/../collective/fmha_collective_tma.hpp(273): note #3322-D: number of parameters of function template "cutlass::fmha::collective::FmhaMainloopTma<Element_, ElementAccumulatorQK_, ElementAccumulatorPV_, TileShape_, LayoutQ_, LayoutK_, LayoutV_, Fusion, Options...>::compute [with Element_=cutlass::float_e2m1_t, ElementAccumulatorQK_=float, ElementAccumulatorPV_=float, TileShape_=cute::tuple<cute::_128, cute::_64, cute::_64>, LayoutQ_=cute::tuple<int, cute::_1, cute::tuple<int32_t, int32_t>>, LayoutK_=cute::tuple<int, cute::_1, cute::tuple<int32_t, int32_t>>, LayoutV_=cute::tuple<cute::_1, int, cute::tuple<int32_t, int32_t>>, Fusion=cutlass::fmha::collective::CausalFusion, Options=<>]" does not match the call
    compute(
    ^
          detected during:
            instantiation of "void cutlass::fmha::kernel::FmhaKernelTmaWarpSpecialized<CollectiveMainloop, CollectiveEpilogue, TileScheduler, Options...>::operator()(const cutlass::fmha::kernel::FmhaKernelTmaWarpSpecialized<CollectiveMainloop, CollectiveEpilogue, TileScheduler, Options...>::Params &, char *) [with CollectiveMainloop=cutlass::fmha::collective::FmhaMainloopTma<cutlass::float_e2m1_t, float, float, cute::tuple<cute::_128, cute::_64, cute::_64>, cute::tuple<int, cute::_1, cute::tuple<int32_t, int32_t>>, cute::tuple<int, cute::_1, cute::tuple<int32_t, int32_t>>, cute::tuple<cute::_1, int, cute::tuple<int32_t, int32_t>>, cutlass::fmha::collective::CausalFusion>, CollectiveEpilogue=cutlass::fmha::collective::FmhaFwdEpilogue<cutlass::float_e2m1_t, float, cute::tuple<cute::_128, cute::_64, cute::_64>>, TileScheduler=cutlass::fmha::kernel::IndividualTileScheduler, Options=<>]" at line 123 of /home/yanwa/workspace/cutlass/include/cutlass/device_kernel.h
            instantiation of "void cutlass::device_kernel<Operator>(Operator::Params) [with Operator=cutlass::fmha::kernel::FmhaKernelTmaWarpSpecialized<cutlass::fmha::collective::FmhaMainloopTma<cutlass::float_e2m1_t, float, float, cute::tuple<cute::_128, cute::_64, cute::_64>, cute::tuple<int, cute::_1, cute::tuple<int32_t, int32_t>>, cute::tuple<int, cute::_1, cute::tuple<int32_t, int32_t>>, cute::tuple<cute::_1, int, cute::tuple<int32_t, int32_t>>, cutlass::fmha::collective::CausalFusion>, cutlass::fmha::collective::FmhaFwdEpilogue<cutlass::float_e2m1_t, float, cute::tuple<cute::_128, cute::_64, cute::_64>>, cutlass::fmha::kernel::IndividualTileScheduler>]" at line 177 of /home/yanwa/workspace/cutlass/examples/120_hopper_fmha_sm120/device/../device/device_universal.hpp
            instantiation of "cutlass::Status cutlass::device::Universal<Kernel_>::initialize(const cutlass::device::Universal<Kernel_>::Arguments &, void *, cudaStream_t) [with Kernel_=cutlass::fmha::kernel::FmhaKernelTmaWarpSpecialized<cutlass::fmha::collective::FmhaMainloopTma<cutlass::float_e2m1_t, float, float, cute::tuple<cute::_128, cute::_64, cute::_64>, cute::tuple<int, cute::_1, cute::tuple<int32_t, int32_t>>, cute::tuple<int, cute::_1, cute::tuple<int32_t, int32_t>>, cute::tuple<cute::_1, int, cute::tuple<int32_t, int32_t>>, cutlass::fmha::collective::CausalFusion>, cutlass::fmha::collective::FmhaFwdEpilogue<cutlass::float_e2m1_t, float, cute::tuple<cute::_128, cute::_64, cute::_64>>, cutlass::fmha::kernel::IndividualTileScheduler>]" at line 445 of /home/yanwa/workspace/cutlass/examples/120_hopper_fmha_sm120/88_hopper_fmha.cu
            instantiation of "ExampleResult FwdRunner<TileShape, DispatchPolicy, ActiveFusion, KernelOptions...>::run(const Options &, const cutlass::KernelHardwareInfo &) [with TileShape=cute::tuple<cute::_128, cute::_64, cute::_64>, DispatchPolicy=KernelCooperative, ActiveFusion=cutlass::fmha::collective::CausalFusion, KernelOptions=<>]" at line 977 of /home/yanwa/workspace/cutlass/examples/120_hopper_fmha_sm120/88_hopper_fmha.cu
            instantiation of "void run_fwd_64(Fusion, const Options &, const cutlass::KernelHardwareInfo &) [with Fusion=cutlass::fmha::collective::CausalFusion]" at line 1179 of /home/yanwa/workspace/cutlass/examples/120_hopper_fmha_sm120/88_hopper_fmha.cu

/home/yanwa/workspace/cutlass/examples/120_hopper_fmha_sm120/device/../kernel/fmha_kernel_tma_warpspecialized.hpp(59): error: class "cutlass::fmha::collective::FmhaMainloopTma<cutlass::float_e2m1_t, float, float, cute::tuple<cute::_128, cute::_64, cute::_64>, cute::tuple<int, cute::_1, cute::tuple<int32_t, int32_t>>, cute::tuple<int, cute::_1, cute::tuple<int32_t, int32_t>>, cute::tuple<cute::_1, int, cute::tuple<int32_t, int32_t>>, cutlass::fmha::collective::CausalFusion, cutlass::fmha::kernel::Option<cutlass::fmha::kernel::Tag::kIsPersistent, cute::true_type>, cutlass::fmha::kernel::Option<cutlass::fmha::kernel::Tag::kLoadsQSeparately, cute::true_type>>" has no member "NumMmaWarpGroups"
    static constexpr int NumMmaWarpGroups = CollectiveMainloop::NumMmaWarpGroups;
                                                                ^
          detected during:
            instantiation of class "cutlass::fmha::kernel::FmhaKernelTmaWarpSpecialized<CollectiveMainloop, CollectiveEpilogue, TileScheduler, Options...> [with CollectiveMainloop=cutlass::fmha::collective::FmhaMainloopTma<cutlass::float_e2m1_t, float, float, cute::tuple<cute::_128, cute::_64, cute::_64>, cute::tuple<int, cute::_1, cute::tuple<int32_t, int32_t>>, cute::tuple<int, cute::_1, cute::tuple<int32_t, int32_t>>, cute::tuple<cute::_1, int, cute::tuple<int32_t, int32_t>>, cutlass::fmha::collective::CausalFusion, cutlass::fmha::kernel::Option<cutlass::fmha::kernel::Tag::kIsPersistent, cute::true_type>, cutlass::fmha::kernel::Option<cutlass::fmha::kernel::Tag::kLoadsQSeparately, cute::true_type>>, CollectiveEpilogue=cutlass::fmha::collective::FmhaFwdEpilogue<cutlass::float_e2m1_t, float, cute::tuple<cute::_128, cute::_64, cute::_64>>, TileScheduler=cutlass::fmha::kernel::PersistentTileScheduler, Options=<cutlass::fmha::kernel::Option<cutlass::fmha::kernel::Tag::kIsPersistent, cute::true_type>, cutlass::fmha::kernel::Option<cutlass::fmha::kernel::Tag::kLoadsQSeparately, cute::true_type>>]" at line 70
            instantiation of class "cutlass::fmha::kernel::FmhaKernelTmaWarpSpecialized<CollectiveMainloop, CollectiveEpilogue, TileScheduler, Options...> [with CollectiveMainloop=cutlass::fmha::collective::FmhaMainloopTma<cutlass::float_e2m1_t, float, float, cute::tuple<cute::_128, cute::_64, cute::_64>, cute::tuple<int, cute::_1, cute::tuple<int32_t, int32_t>>, cute::tuple<int, cute::_1, cute::tuple<int32_t, int32_t>>, cute::tuple<cute::_1, int, cute::tuple<int32_t, int32_t>>, cutlass::fmha::collective::CausalFusion, cutlass::fmha::kernel::Option<cutlass::fmha::kernel::Tag::kIsPersistent, cute::true_type>, cutlass::fmha::kernel::Option<cutlass::fmha::kernel::Tag::kLoadsQSeparately, cute::true_type>>, CollectiveEpilogue=cutlass::fmha::collective::FmhaFwdEpilogue<cutlass::float_e2m1_t, float, cute::tuple<cute::_128, cute::_64, cute::_64>>, TileScheduler=cutlass::fmha::kernel::PersistentTileScheduler, Options=<cutlass::fmha::kernel::Option<cutlass::fmha::kernel::Tag::kIsPersistent, cute::true_type>, cutlass::fmha::kernel::Option<cutlass::fmha::kernel::Tag::kLoadsQSeparately, cute::true_type>>]" at line 64 of /home/yanwa/workspace/cutlass/examples/120_hopper_fmha_sm120/device/../device/device_universal.hpp
            instantiation of class "cutlass::device::Universal<Kernel_> [with Kernel_=cutlass::fmha::kernel::FmhaKernelTmaWarpSpecialized<cutlass::fmha::collective::FmhaMainloopTma<cutlass::float_e2m1_t, float, float, cute::tuple<cute::_128, cute::_64, cute::_64>, cute::tuple<int, cute::_1, cute::tuple<int32_t, int32_t>>, cute::tuple<int, cute::_1, cute::tuple<int32_t, int32_t>>, cute::tuple<cute::_1, int, cute::tuple<int32_t, int32_t>>, cutlass::fmha::collective::CausalFusion, cutlass::fmha::kernel::Option<cutlass::fmha::kernel::Tag::kIsPersistent, cute::true_type>, cutlass::fmha::kernel::Option<cutlass::fmha::kernel::Tag::kLoadsQSeparately, cute::true_type>>, cutlass::fmha::collective::FmhaFwdEpilogue<cutlass::float_e2m1_t, float, cute::tuple<cute::_128, cute::_64, cute::_64>>, cutlass::fmha::kernel::PersistentTileScheduler, cutlass::fmha::kernel::Option<cutlass::fmha::kernel::Tag::kIsPersistent, cute::true_type>, cutlass::fmha::kernel::Option<cutlass::fmha::kernel::Tag::kLoadsQSeparately, cute::true_type>>]" at line 392 of /home/yanwa/workspace/cutlass/examples/120_hopper_fmha_sm120/88_hopper_fmha.cu
            instantiation of "void FwdRunner<TileShape, DispatchPolicy, ActiveFusion, KernelOptions...>::initialize(const FwdRunner<TileShape, DispatchPolicy, ActiveFusion, KernelOptions...>::ProblemShapeType &) [with TileShape=cute::tuple<cute::_128, cute::_64, cute::_64>, DispatchPolicy=KernelPingpong, ActiveFusion=cutlass::fmha::collective::CausalFusion, KernelOptions=<>]" at line 414 of /home/yanwa/workspace/cutlass/examples/120_hopper_fmha_sm120/88_hopper_fmha.cu
            instantiation of "ExampleResult FwdRunner<TileShape, DispatchPolicy, ActiveFusion, KernelOptions...>::run(const Options &, const cutlass::KernelHardwareInfo &) [with TileShape=cute::tuple<cute::_128, cute::_64, cute::_64>, DispatchPolicy=KernelPingpong, ActiveFusion=cutlass::fmha::collective::CausalFusion, KernelOptions=<>]" at line 978 of /home/yanwa/workspace/cutlass/examples/120_hopper_fmha_sm120/88_hopper_fmha.cu
            instantiation of "void run_fwd_64(Fusion, const Options &, const cutlass::KernelHardwareInfo &) [with Fusion=cutlass::fmha::collective::CausalFusion]" at line 1179 of /home/yanwa/workspace/cutlass/examples/120_hopper_fmha_sm120/88_hopper_fmha.cu

/home/yanwa/workspace/cutlass/examples/120_hopper_fmha_sm120/device/../kernel/fmha_kernel_tma_warpspecialized.hpp(80): error: class "cutlass::fmha::collective::FmhaMainloopTma<cutlass::float_e2m1_t, float, float, cute::tuple<cute::_128, cute::_64, cute::_64>, cute::tuple<int, cute::_1, cute::tuple<int32_t, int32_t>>, cute::tuple<int, cute::_1, cute::tuple<int32_t, int32_t>>, cute::tuple<cute::_1, int, cute::tuple<int32_t, int32_t>>, cutlass::fmha::collective::CausalFusion, cutlass::fmha::kernel::Option<cutlass::fmha::kernel::Tag::kIsPersistent, cute::true_type>, cutlass::fmha::kernel::Option<cutlass::fmha::kernel::Tag::kLoadsQSeparately, cute::true_type>>" has no member "kIsPersistent"
    using TensorStorage = std::conditional_t<CollectiveMainloop::kIsPersistent, TensorStorageStruct, TensorStorageUnion>;
                                                                 ^
          detected during:
            instantiation of class "cutlass::fmha::kernel::FmhaKernelTmaWarpSpecialized<CollectiveMainloop, CollectiveEpilogue, TileScheduler, Options...> [with CollectiveMainloop=cutlass::fmha::collective::FmhaMainloopTma<cutlass::float_e2m1_t, float, float, cute::tuple<cute::_128, cute::_64, cute::_64>, cute::tuple<int, cute::_1, cute::tuple<int32_t, int32_t>>, cute::tuple<int, cute::_1, cute::tuple<int32_t, int32_t>>, cute::tuple<cute::_1, int, cute::tuple<int32_t, int32_t>>, cutlass::fmha::collective::CausalFusion, cutlass::fmha::kernel::Option<cutlass::fmha::kernel::Tag::kIsPersistent, cute::true_type>, cutlass::fmha::kernel::Option<cutlass::fmha::kernel::Tag::kLoadsQSeparately, cute::true_type>>, CollectiveEpilogue=cutlass::fmha::collective::FmhaFwdEpilogue<cutlass::float_e2m1_t, float, cute::tuple<cute::_128, cute::_64, cute::_64>>, TileScheduler=cutlass::fmha::kernel::PersistentTileScheduler, Options=<cutlass::fmha::kernel::Option<cutlass::fmha::kernel::Tag::kIsPersistent, cute::true_type>, cutlass::fmha::kernel::Option<cutlass::fmha::kernel::Tag::kLoadsQSeparately, cute::true_type>>]" at line 64 of /home/yanwa/workspace/cutlass/examples/120_hopper_fmha_sm120/device/../device/device_universal.hpp
            instantiation of class "cutlass::device::Universal<Kernel_> [with Kernel_=cutlass::fmha::kernel::FmhaKernelTmaWarpSpecialized<cutlass::fmha::collective::FmhaMainloopTma<cutlass::float_e2m1_t, float, float, cute::tuple<cute::_128, cute::_64, cute::_64>, cute::tuple<int, cute::_1, cute::tuple<int32_t, int32_t>>, cute::tuple<int, cute::_1, cute::tuple<int32_t, int32_t>>, cute::tuple<cute::_1, int, cute::tuple<int32_t, int32_t>>, cutlass::fmha::collective::CausalFusion, cutlass::fmha::kernel::Option<cutlass::fmha::kernel::Tag::kIsPersistent, cute::true_type>, cutlass::fmha::kernel::Option<cutlass::fmha::kernel::Tag::kLoadsQSeparately, cute::true_type>>, cutlass::fmha::collective::FmhaFwdEpilogue<cutlass::float_e2m1_t, float, cute::tuple<cute::_128, cute::_64, cute::_64>>, cutlass::fmha::kernel::PersistentTileScheduler, cutlass::fmha::kernel::Option<cutlass::fmha::kernel::Tag::kIsPersistent, cute::true_type>, cutlass::fmha::kernel::Option<cutlass::fmha::kernel::Tag::kLoadsQSeparately, cute::true_type>>]" at line 392 of /home/yanwa/workspace/cutlass/examples/120_hopper_fmha_sm120/88_hopper_fmha.cu
            instantiation of "void FwdRunner<TileShape, DispatchPolicy, ActiveFusion, KernelOptions...>::initialize(const FwdRunner<TileShape, DispatchPolicy, ActiveFusion, KernelOptions...>::ProblemShapeType &) [with TileShape=cute::tuple<cute::_128, cute::_64, cute::_64>, DispatchPolicy=KernelPingpong, ActiveFusion=cutlass::fmha::collective::CausalFusion, KernelOptions=<>]" at line 414 of /home/yanwa/workspace/cutlass/examples/120_hopper_fmha_sm120/88_hopper_fmha.cu
            instantiation of "ExampleResult FwdRunner<TileShape, DispatchPolicy, ActiveFusion, KernelOptions...>::run(const Options &, const cutlass::KernelHardwareInfo &) [with TileShape=cute::tuple<cute::_128, cute::_64, cute::_64>, DispatchPolicy=KernelPingpong, ActiveFusion=cutlass::fmha::collective::CausalFusion, KernelOptions=<>]" at line 978 of /home/yanwa/workspace/cutlass/examples/120_hopper_fmha_sm120/88_hopper_fmha.cu
            instantiation of "void run_fwd_64(Fusion, const Options &, const cutlass::KernelHardwareInfo &) [with Fusion=cutlass::fmha::collective::CausalFusion]" at line 1179 of /home/yanwa/workspace/cutlass/examples/120_hopper_fmha_sm120/88_hopper_fmha.cu

/home/yanwa/workspace/cutlass/examples/120_hopper_fmha_sm120/88_hopper_fmha.cu(392): error: name followed by "::" must be a class or namespace name
      using Sm1xxBlkScaledConfig = typename Operation::GemmKernel::CollectiveMainloop::Sm1xxBlkScaledConfig;
                                                       ^
          detected during:
            instantiation of "void FwdRunner<TileShape, DispatchPolicy, ActiveFusion, KernelOptions...>::initialize(const FwdRunner<TileShape, DispatchPolicy, ActiveFusion, KernelOptions...>::ProblemShapeType &) [with TileShape=cute::tuple<cute::_128, cute::_64, cute::_64>, DispatchPolicy=KernelPingpong, ActiveFusion=cutlass::fmha::collective::CausalFusion, KernelOptions=<>]" at line 414
            instantiation of "ExampleResult FwdRunner<TileShape, DispatchPolicy, ActiveFusion, KernelOptions...>::run(const Options &, const cutlass::KernelHardwareInfo &) [with TileShape=cute::tuple<cute::_128, cute::_64, cute::_64>, DispatchPolicy=KernelPingpong, ActiveFusion=cutlass::fmha::collective::CausalFusion, KernelOptions=<>]" at line 978
            instantiation of "void run_fwd_64(Fusion, const Options &, const cutlass::KernelHardwareInfo &) [with Fusion=cutlass::fmha::collective::CausalFusion]" at line 1179

/home/yanwa/workspace/cutlass/examples/120_hopper_fmha_sm120/88_hopper_fmha.cu(393): error: name followed by "::" must be a class or namespace name
      auto layout_SFQ = Sm1xxBlkScaledConfig::tile_atom_to_shape_SFA(cute::make_shape(Q, K, D, 1));
                        ^
          detected during:
            instantiation of "void FwdRunner<TileShape, DispatchPolicy, ActiveFusion, KernelOptions...>::initialize(const FwdRunner<TileShape, DispatchPolicy, ActiveFusion, KernelOptions...>::ProblemShapeType &) [with TileShape=cute::tuple<cute::_128, cute::_64, cute::_64>, DispatchPolicy=KernelPingpong, ActiveFusion=cutlass::fmha::collective::CausalFusion, KernelOptions=<>]" at line 414
            instantiation of "ExampleResult FwdRunner<TileShape, DispatchPolicy, ActiveFusion, KernelOptions...>::run(const Options &, const cutlass::KernelHardwareInfo &) [with TileShape=cute::tuple<cute::_128, cute::_64, cute::_64>, DispatchPolicy=KernelPingpong, ActiveFusion=cutlass::fmha::collective::CausalFusion, KernelOptions=<>]" at line 978
            instantiation of "void run_fwd_64(Fusion, const Options &, const cutlass::KernelHardwareInfo &) [with Fusion=cutlass::fmha::collective::CausalFusion]" at line 1179

/home/yanwa/workspace/cutlass/examples/120_hopper_fmha_sm120/88_hopper_fmha.cu(394): error: name followed by "::" must be a class or namespace name
      auto layout_SFK = Sm1xxBlkScaledConfig::tile_atom_to_shape_SFB(cute::make_shape(Q, K, D, 1));
                        ^
          detected during:
            instantiation of "void FwdRunner<TileShape, DispatchPolicy, ActiveFusion, KernelOptions...>::initialize(const FwdRunner<TileShape, DispatchPolicy, ActiveFusion, KernelOptions...>::ProblemShapeType &) [with TileShape=cute::tuple<cute::_128, cute::_64, cute::_64>, DispatchPolicy=KernelPingpong, ActiveFusion=cutlass::fmha::collective::CausalFusion, KernelOptions=<>]" at line 414
            instantiation of "ExampleResult FwdRunner<TileShape, DispatchPolicy, ActiveFusion, KernelOptions...>::run(const Options &, const cutlass::KernelHardwareInfo &) [with TileShape=cute::tuple<cute::_128, cute::_64, cute::_64>, DispatchPolicy=KernelPingpong, ActiveFusion=cutlass::fmha::collective::CausalFusion, KernelOptions=<>]" at line 978
            instantiation of "void run_fwd_64(Fusion, const Options &, const cutlass::KernelHardwareInfo &) [with Fusion=cutlass::fmha::collective::CausalFusion]" at line 1179

/home/yanwa/workspace/cutlass/examples/120_hopper_fmha_sm120/88_hopper_fmha.cu(395): error: name followed by "::" must be a class or namespace name
      auto layout_SFV = Sm1xxBlkScaledConfig::tile_atom_to_shape_SFB(cute::make_shape(Q, K, D, 1));
                        ^
          detected during:
            instantiation of "void FwdRunner<TileShape, DispatchPolicy, ActiveFusion, KernelOptions...>::initialize(const FwdRunner<TileShape, DispatchPolicy, ActiveFusion, KernelOptions...>::ProblemShapeType &) [with TileShape=cute::tuple<cute::_128, cute::_64, cute::_64>, DispatchPolicy=KernelPingpong, ActiveFusion=cutlass::fmha::collective::CausalFusion, KernelOptions=<>]" at line 414
            instantiation of "ExampleResult FwdRunner<TileShape, DispatchPolicy, ActiveFusion, KernelOptions...>::run(const Options &, const cutlass::KernelHardwareInfo &) [with TileShape=cute::tuple<cute::_128, cute::_64, cute::_64>, DispatchPolicy=KernelPingpong, ActiveFusion=cutlass::fmha::collective::CausalFusion, KernelOptions=<>]" at line 978
            instantiation of "void run_fwd_64(Fusion, const Options &, const cutlass::KernelHardwareInfo &) [with Fusion=cutlass::fmha::collective::CausalFusion]" at line 1179

/home/yanwa/workspace/cutlass/examples/120_hopper_fmha_sm120/88_hopper_fmha.cu(421): error: a value of type "cutlass::nv_float4_t<cutlass::float_e2m1_t>::ScaleFactorType *" (aka "cutlass::float_ue4m3_t *") cannot be used to initialize an entity of type "float"
          block_SFQ.get(), stride_Q,
          ^
          detected during:
            instantiation of "ExampleResult FwdRunner<TileShape, DispatchPolicy, ActiveFusion, KernelOptions...>::run(const Options &, const cutlass::KernelHardwareInfo &) [with TileShape=cute::tuple<cute::_128, cute::_64, cute::_64>, DispatchPolicy=KernelPingpong, ActiveFusion=cutlass::fmha::collective::CausalFusion, KernelOptions=<>]" at line 978
            instantiation of "void run_fwd_64(Fusion, const Options &, const cutlass::KernelHardwareInfo &) [with Fusion=cutlass::fmha::collective::CausalFusion]" at line 1179

/home/yanwa/workspace/cutlass/examples/120_hopper_fmha_sm120/88_hopper_fmha.cu(421): error: no suitable conversion function from "FwdRunner<cute::Shape<cute::_128, cute::_64, cute::_64>, KernelPingpong, cutlass::fmha::collective::CausalFusion>::StrideQ" (aka "cute::tuple<int, cute::C<1>, cute::tuple<signed int, signed int>>") to "float" exists
          block_SFQ.get(), stride_Q,
                           ^
          detected during:
            instantiation of "ExampleResult FwdRunner<TileShape, DispatchPolicy, ActiveFusion, KernelOptions...>::run(const Options &, const cutlass::KernelHardwareInfo &) [with TileShape=cute::tuple<cute::_128, cute::_64, cute::_64>, DispatchPolicy=KernelPingpong, ActiveFusion=cutlass::fmha::collective::CausalFusion, KernelOptions=<>]" at line 978
            instantiation of "void run_fwd_64(Fusion, const Options &, const cutlass::KernelHardwareInfo &) [with Fusion=cutlass::fmha::collective::CausalFusion]" at line 1179

/home/yanwa/workspace/cutlass/examples/120_hopper_fmha_sm120/88_hopper_fmha.cu(422): error: a value of type "cutlass::nv_float4_t<cutlass::float_e2m1_t>::ScaleFactorType *" (aka "cutlass::float_ue4m3_t *") cannot be used to initialize an entity of type "float"
          block_SFK.get(), stride_K,
          ^
          detected during:
            instantiation of "ExampleResult FwdRunner<TileShape, DispatchPolicy, ActiveFusion, KernelOptions...>::run(const Options &, const cutlass::KernelHardwareInfo &) [with TileShape=cute::tuple<cute::_128, cute::_64, cute::_64>, DispatchPolicy=KernelPingpong, ActiveFusion=cutlass::fmha::collective::CausalFusion, KernelOptions=<>]" at line 978
            instantiation of "void run_fwd_64(Fusion, const Options &, const cutlass::KernelHardwareInfo &) [with Fusion=cutlass::fmha::collective::CausalFusion]" at line 1179

/home/yanwa/workspace/cutlass/examples/120_hopper_fmha_sm120/88_hopper_fmha.cu(422): error: too many initializer values
          block_SFK.get(), stride_K,
                           ^
          detected during:
            instantiation of "ExampleResult FwdRunner<TileShape, DispatchPolicy, ActiveFusion, KernelOptions...>::run(const Options &, const cutlass::KernelHardwareInfo &) [with TileShape=cute::tuple<cute::_128, cute::_64, cute::_64>, DispatchPolicy=KernelPingpong, ActiveFusion=cutlass::fmha::collective::CausalFusion, KernelOptions=<>]" at line 978
            instantiation of "void run_fwd_64(Fusion, const Options &, const cutlass::KernelHardwareInfo &) [with Fusion=cutlass::fmha::collective::CausalFusion]" at line 1179

/home/yanwa/workspace/cutlass/examples/120_hopper_fmha_sm120/device/../kernel/fmha_kernel_tma_warpspecialized.hpp(201): error: class "cutlass::fmha::collective::FmhaMainloopTma<cutlass::float_e2m1_t, float, float, cute::tuple<cute::_128, cute::_64, cute::_64>, cute::tuple<int, cute::_1, cute::tuple<int32_t, int32_t>>, cute::tuple<int, cute::_1, cute::tuple<int32_t, int32_t>>, cute::tuple<cute::_1, int, cute::tuple<int32_t, int32_t>>, cutlass::fmha::collective::CausalFusion, cutlass::fmha::kernel::Option<cutlass::fmha::kernel::Tag::kIsPersistent, cute::true_type>, cutlass::fmha::kernel::Option<cutlass::fmha::kernel::Tag::kLoadsQSeparately, cute::true_type>>" has no member "kOuterLoadBytes"
      pipeline_params_outer.transaction_bytes = CollectiveMainloop::kOuterLoadBytes;
                                                                    ^
          detected during:
            instantiation of "void cutlass::fmha::kernel::FmhaKernelTmaWarpSpecialized<CollectiveMainloop, CollectiveEpilogue, TileScheduler, Options...>::operator()(const cutlass::fmha::kernel::FmhaKernelTmaWarpSpecialized<CollectiveMainloop, CollectiveEpilogue, TileScheduler, Options...>::Params &, char *) [with CollectiveMainloop=cutlass::fmha::collective::FmhaMainloopTma<cutlass::float_e2m1_t, float, float, cute::tuple<cute::_128, cute::_64, cute::_64>, cute::tuple<int, cute::_1, cute::tuple<int32_t, int32_t>>, cute::tuple<int, cute::_1, cute::tuple<int32_t, int32_t>>, cute::tuple<cute::_1, int, cute::tuple<int32_t, int32_t>>, cutlass::fmha::collective::CausalFusion, cutlass::fmha::kernel::Option<cutlass::fmha::kernel::Tag::kIsPersistent, cute::true_type>, cutlass::fmha::kernel::Option<cutlass::fmha::kernel::Tag::kLoadsQSeparately, cute::true_type>>, CollectiveEpilogue=cutlass::fmha::collective::FmhaFwdEpilogue<cutlass::float_e2m1_t, float, cute::tuple<cute::_128, cute::_64, cute::_64>>, TileScheduler=cutlass::fmha::kernel::PersistentTileScheduler, Options=<cutlass::fmha::kernel::Option<cutlass::fmha::kernel::Tag::kIsPersistent, cute::true_type>, cutlass::fmha::kernel::Option<cutlass::fmha::kernel::Tag::kLoadsQSeparately, cute::true_type>>]" at line 123 of /home/yanwa/workspace/cutlass/include/cutlass/device_kernel.h
            instantiation of "void cutlass::device_kernel<Operator>(Operator::Params) [with Operator=cutlass::fmha::kernel::FmhaKernelTmaWarpSpecialized<cutlass::fmha::collective::FmhaMainloopTma<cutlass::float_e2m1_t, float, float, cute::tuple<cute::_128, cute::_64, cute::_64>, cute::tuple<int, cute::_1, cute::tuple<int32_t, int32_t>>, cute::tuple<int, cute::_1, cute::tuple<int32_t, int32_t>>, cute::tuple<cute::_1, int, cute::tuple<int32_t, int32_t>>, cutlass::fmha::collective::CausalFusion, cutlass::fmha::kernel::Option<cutlass::fmha::kernel::Tag::kIsPersistent, cute::true_type>, cutlass::fmha::kernel::Option<cutlass::fmha::kernel::Tag::kLoadsQSeparately, cute::true_type>>, cutlass::fmha::collective::FmhaFwdEpilogue<cutlass::float_e2m1_t, float, cute::tuple<cute::_128, cute::_64, cute::_64>>, cutlass::fmha::kernel::PersistentTileScheduler, cutlass::fmha::kernel::Option<cutlass::fmha::kernel::Tag::kIsPersistent, cute::true_type>, cutlass::fmha::kernel::Option<cutlass::fmha::kernel::Tag::kLoadsQSeparately, cute::true_type>>]" at line 177 of /home/yanwa/workspace/cutlass/examples/120_hopper_fmha_sm120/device/../device/device_universal.hpp
            instantiation of "cutlass::Status cutlass::device::Universal<Kernel_>::initialize(const cutlass::device::Universal<Kernel_>::Arguments &, void *, cudaStream_t) [with Kernel_=cutlass::fmha::kernel::FmhaKernelTmaWarpSpecialized<cutlass::fmha::collective::FmhaMainloopTma<cutlass::float_e2m1_t, float, float, cute::tuple<cute::_128, cute::_64, cute::_64>, cute::tuple<int, cute::_1, cute::tuple<int32_t, int32_t>>, cute::tuple<int, cute::_1, cute::tuple<int32_t, int32_t>>, cute::tuple<cute::_1, int, cute::tuple<int32_t, int32_t>>, cutlass::fmha::collective::CausalFusion, cutlass::fmha::kernel::Option<cutlass::fmha::kernel::Tag::kIsPersistent, cute::true_type>, cutlass::fmha::kernel::Option<cutlass::fmha::kernel::Tag::kLoadsQSeparately, cute::true_type>>, cutlass::fmha::collective::FmhaFwdEpilogue<cutlass::float_e2m1_t, float, cute::tuple<cute::_128, cute::_64, cute::_64>>, cutlass::fmha::kernel::PersistentTileScheduler, cutlass::fmha::kernel::Option<cutlass::fmha::kernel::Tag::kIsPersistent, cute::true_type>, cutlass::fmha::kernel::Option<cutlass::fmha::kernel::Tag::kLoadsQSeparately, cute::true_type>>]" at line 445 of /home/yanwa/workspace/cutlass/examples/120_hopper_fmha_sm120/88_hopper_fmha.cu
            instantiation of "ExampleResult FwdRunner<TileShape, DispatchPolicy, ActiveFusion, KernelOptions...>::run(const Options &, const cutlass::KernelHardwareInfo &) [with TileShape=cute::tuple<cute::_128, cute::_64, cute::_64>, DispatchPolicy=KernelPingpong, ActiveFusion=cutlass::fmha::collective::CausalFusion, KernelOptions=<>]" at line 978 of /home/yanwa/workspace/cutlass/examples/120_hopper_fmha_sm120/88_hopper_fmha.cu
            instantiation of "void run_fwd_64(Fusion, const Options &, const cutlass::KernelHardwareInfo &) [with Fusion=cutlass::fmha::collective::CausalFusion]" at line 1179 of /home/yanwa/workspace/cutlass/examples/120_hopper_fmha_sm120/88_hopper_fmha.cu

/home/yanwa/workspace/cutlass/examples/120_hopper_fmha_sm120/device/../kernel/fmha_kernel_tma_warpspecialized.hpp(206): error: class "cutlass::fmha::collective::FmhaMainloopTma<cutlass::float_e2m1_t, float, float, cute::tuple<cute::_128, cute::_64, cute::_64>, cute::tuple<int, cute::_1, cute::tuple<int32_t, int32_t>>, cute::tuple<int, cute::_1, cute::tuple<int32_t, int32_t>>, cute::tuple<cute::_1, int, cute::tuple<int32_t, int32_t>>, cutlass::fmha::collective::CausalFusion, cutlass::fmha::kernel::Option<cutlass::fmha::kernel::Tag::kIsPersistent, cute::true_type>, cutlass::fmha::kernel::Option<cutlass::fmha::kernel::Tag::kLoadsQSeparately, cute::true_type>>" has no member "kInnerLoadBytes"
      pipeline_params_inner.transaction_bytes = CollectiveMainloop::kInnerLoadBytes;
                                                                    ^
          detected during:
            instantiation of "void cutlass::fmha::kernel::FmhaKernelTmaWarpSpecialized<CollectiveMainloop, CollectiveEpilogue, TileScheduler, Options...>::operator()(const cutlass::fmha::kernel::FmhaKernelTmaWarpSpecialized<CollectiveMainloop, CollectiveEpilogue, TileScheduler, Options...>::Params &, char *) [with CollectiveMainloop=cutlass::fmha::collective::FmhaMainloopTma<cutlass::float_e2m1_t, float, float, cute::tuple<cute::_128, cute::_64, cute::_64>, cute::tuple<int, cute::_1, cute::tuple<int32_t, int32_t>>, cute::tuple<int, cute::_1, cute::tuple<int32_t, int32_t>>, cute::tuple<cute::_1, int, cute::tuple<int32_t, int32_t>>, cutlass::fmha::collective::CausalFusion, cutlass::fmha::kernel::Option<cutlass::fmha::kernel::Tag::kIsPersistent, cute::true_type>, cutlass::fmha::kernel::Option<cutlass::fmha::kernel::Tag::kLoadsQSeparately, cute::true_type>>, CollectiveEpilogue=cutlass::fmha::collective::FmhaFwdEpilogue<cutlass::float_e2m1_t, float, cute::tuple<cute::_128, cute::_64, cute::_64>>, TileScheduler=cutlass::fmha::kernel::PersistentTileScheduler, Options=<cutlass::fmha::kernel::Option<cutlass::fmha::kernel::Tag::kIsPersistent, cute::true_type>, cutlass::fmha::kernel::Option<cutlass::fmha::kernel::Tag::kLoadsQSeparately, cute::true_type>>]" at line 123 of /home/yanwa/workspace/cutlass/include/cutlass/device_kernel.h
            instantiation of "void cutlass::device_kernel<Operator>(Operator::Params) [with Operator=cutlass::fmha::kernel::FmhaKernelTmaWarpSpecialized<cutlass::fmha::collective::FmhaMainloopTma<cutlass::float_e2m1_t, float, float, cute::tuple<cute::_128, cute::_64, cute::_64>, cute::tuple<int, cute::_1, cute::tuple<int32_t, int32_t>>, cute::tuple<int, cute::_1, cute::tuple<int32_t, int32_t>>, cute::tuple<cute::_1, int, cute::tuple<int32_t, int32_t>>, cutlass::fmha::collective::CausalFusion, cutlass::fmha::kernel::Option<cutlass::fmha::kernel::Tag::kIsPersistent, cute::true_type>, cutlass::fmha::kernel::Option<cutlass::fmha::kernel::Tag::kLoadsQSeparately, cute::true_type>>, cutlass::fmha::collective::FmhaFwdEpilogue<cutlass::float_e2m1_t, float, cute::tuple<cute::_128, cute::_64, cute::_64>>, cutlass::fmha::kernel::PersistentTileScheduler, cutlass::fmha::kernel::Option<cutlass::fmha::kernel::Tag::kIsPersistent, cute::true_type>, cutlass::fmha::kernel::Option<cutlass::fmha::kernel::Tag::kLoadsQSeparately, cute::true_type>>]" at line 177 of /home/yanwa/workspace/cutlass/examples/120_hopper_fmha_sm120/device/../device/device_universal.hpp
            instantiation of "cutlass::Status cutlass::device::Universal<Kernel_>::initialize(const cutlass::device::Universal<Kernel_>::Arguments &, void *, cudaStream_t) [with Kernel_=cutlass::fmha::kernel::FmhaKernelTmaWarpSpecialized<cutlass::fmha::collective::FmhaMainloopTma<cutlass::float_e2m1_t, float, float, cute::tuple<cute::_128, cute::_64, cute::_64>, cute::tuple<int, cute::_1, cute::tuple<int32_t, int32_t>>, cute::tuple<int, cute::_1, cute::tuple<int32_t, int32_t>>, cute::tuple<cute::_1, int, cute::tuple<int32_t, int32_t>>, cutlass::fmha::collective::CausalFusion, cutlass::fmha::kernel::Option<cutlass::fmha::kernel::Tag::kIsPersistent, cute::true_type>, cutlass::fmha::kernel::Option<cutlass::fmha::kernel::Tag::kLoadsQSeparately, cute::true_type>>, cutlass::fmha::collective::FmhaFwdEpilogue<cutlass::float_e2m1_t, float, cute::tuple<cute::_128, cute::_64, cute::_64>>, cutlass::fmha::kernel::PersistentTileScheduler, cutlass::fmha::kernel::Option<cutlass::fmha::kernel::Tag::kIsPersistent, cute::true_type>, cutlass::fmha::kernel::Option<cutlass::fmha::kernel::Tag::kLoadsQSeparately, cute::true_type>>]" at line 445 of /home/yanwa/workspace/cutlass/examples/120_hopper_fmha_sm120/88_hopper_fmha.cu
            instantiation of "ExampleResult FwdRunner<TileShape, DispatchPolicy, ActiveFusion, KernelOptions...>::run(const Options &, const cutlass::KernelHardwareInfo &) [with TileShape=cute::tuple<cute::_128, cute::_64, cute::_64>, DispatchPolicy=KernelPingpong, ActiveFusion=cutlass::fmha::collective::CausalFusion, KernelOptions=<>]" at line 978 of /home/yanwa/workspace/cutlass/examples/120_hopper_fmha_sm120/88_hopper_fmha.cu
            instantiation of "void run_fwd_64(Fusion, const Options &, const cutlass::KernelHardwareInfo &) [with Fusion=cutlass::fmha::collective::CausalFusion]" at line 1179 of /home/yanwa/workspace/cutlass/examples/120_hopper_fmha_sm120/88_hopper_fmha.cu

/home/yanwa/workspace/cutlass/examples/120_hopper_fmha_sm120/device/../kernel/fmha_kernel_tma_warpspecialized.hpp(297): error: class "cutlass::fmha::collective::FmhaMainloopTma<cutlass::float_e2m1_t, float, float, cute::tuple<cute::_128, cute::_64, cute::_64>, cute::tuple<int, cute::_1, cute::tuple<int32_t, int32_t>>, cute::tuple<int, cute::_1, cute::tuple<int32_t, int32_t>>, cute::tuple<cute::_1, int, cute::tuple<int32_t, int32_t>>, cutlass::fmha::collective::CausalFusion, cutlass::fmha::kernel::Option<cutlass::fmha::kernel::Tag::kIsPersistent, cute::true_type>, cutlass::fmha::kernel::Option<cutlass::fmha::kernel::Tag::kLoadsQSeparately, cute::true_type>>" has no member "load_kv_maybe_q"
            collective_mainloop.template load_kv_maybe_q<!kLoadsQSeparately>(
                                         ^
          detected during:
            instantiation of "void cutlass::fmha::kernel::FmhaKernelTmaWarpSpecialized<CollectiveMainloop, CollectiveEpilogue, TileScheduler, Options...>::operator()(const cutlass::fmha::kernel::FmhaKernelTmaWarpSpecialized<CollectiveMainloop, CollectiveEpilogue, TileScheduler, Options...>::Params &, char *) [with CollectiveMainloop=cutlass::fmha::collective::FmhaMainloopTma<cutlass::float_e2m1_t, float, float, cute::tuple<cute::_128, cute::_64, cute::_64>, cute::tuple<int, cute::_1, cute::tuple<int32_t, int32_t>>, cute::tuple<int, cute::_1, cute::tuple<int32_t, int32_t>>, cute::tuple<cute::_1, int, cute::tuple<int32_t, int32_t>>, cutlass::fmha::collective::CausalFusion, cutlass::fmha::kernel::Option<cutlass::fmha::kernel::Tag::kIsPersistent, cute::true_type>, cutlass::fmha::kernel::Option<cutlass::fmha::kernel::Tag::kLoadsQSeparately, cute::true_type>>, CollectiveEpilogue=cutlass::fmha::collective::FmhaFwdEpilogue<cutlass::float_e2m1_t, float, cute::tuple<cute::_128, cute::_64, cute::_64>>, TileScheduler=cutlass::fmha::kernel::PersistentTileScheduler, Options=<cutlass::fmha::kernel::Option<cutlass::fmha::kernel::Tag::kIsPersistent, cute::true_type>, cutlass::fmha::kernel::Option<cutlass::fmha::kernel::Tag::kLoadsQSeparately, cute::true_type>>]" at line 123 of /home/yanwa/workspace/cutlass/include/cutlass/device_kernel.h
            instantiation of "void cutlass::device_kernel<Operator>(Operator::Params) [with Operator=cutlass::fmha::kernel::FmhaKernelTmaWarpSpecialized<cutlass::fmha::collective::FmhaMainloopTma<cutlass::float_e2m1_t, float, float, cute::tuple<cute::_128, cute::_64, cute::_64>, cute::tuple<int, cute::_1, cute::tuple<int32_t, int32_t>>, cute::tuple<int, cute::_1, cute::tuple<int32_t, int32_t>>, cute::tuple<cute::_1, int, cute::tuple<int32_t, int32_t>>, cutlass::fmha::collective::CausalFusion, cutlass::fmha::kernel::Option<cutlass::fmha::kernel::Tag::kIsPersistent, cute::true_type>, cutlass::fmha::kernel::Option<cutlass::fmha::kernel::Tag::kLoadsQSeparately, cute::true_type>>, cutlass::fmha::collective::FmhaFwdEpilogue<cutlass::float_e2m1_t, float, cute::tuple<cute::_128, cute::_64, cute::_64>>, cutlass::fmha::kernel::PersistentTileScheduler, cutlass::fmha::kernel::Option<cutlass::fmha::kernel::Tag::kIsPersistent, cute::true_type>, cutlass::fmha::kernel::Option<cutlass::fmha::kernel::Tag::kLoadsQSeparately, cute::true_type>>]" at line 177 of /home/yanwa/workspace/cutlass/examples/120_hopper_fmha_sm120/device/../device/device_universal.hpp
            instantiation of "cutlass::Status cutlass::device::Universal<Kernel_>::initialize(const cutlass::device::Universal<Kernel_>::Arguments &, void *, cudaStream_t) [with Kernel_=cutlass::fmha::kernel::FmhaKernelTmaWarpSpecialized<cutlass::fmha::collective::FmhaMainloopTma<cutlass::float_e2m1_t, float, float, cute::tuple<cute::_128, cute::_64, cute::_64>, cute::tuple<int, cute::_1, cute::tuple<int32_t, int32_t>>, cute::tuple<int, cute::_1, cute::tuple<int32_t, int32_t>>, cute::tuple<cute::_1, int, cute::tuple<int32_t, int32_t>>, cutlass::fmha::collective::CausalFusion, cutlass::fmha::kernel::Option<cutlass::fmha::kernel::Tag::kIsPersistent, cute::true_type>, cutlass::fmha::kernel::Option<cutlass::fmha::kernel::Tag::kLoadsQSeparately, cute::true_type>>, cutlass::fmha::collective::FmhaFwdEpilogue<cutlass::float_e2m1_t, float, cute::tuple<cute::_128, cute::_64, cute::_64>>, cutlass::fmha::kernel::PersistentTileScheduler, cutlass::fmha::kernel::Option<cutlass::fmha::kernel::Tag::kIsPersistent, cute::true_type>, cutlass::fmha::kernel::Option<cutlass::fmha::kernel::Tag::kLoadsQSeparately, cute::true_type>>]" at line 445 of /home/yanwa/workspace/cutlass/examples/120_hopper_fmha_sm120/88_hopper_fmha.cu
            instantiation of "ExampleResult FwdRunner<TileShape, DispatchPolicy, ActiveFusion, KernelOptions...>::run(const Options &, const cutlass::KernelHardwareInfo &) [with TileShape=cute::tuple<cute::_128, cute::_64, cute::_64>, DispatchPolicy=KernelPingpong, ActiveFusion=cutlass::fmha::collective::CausalFusion, KernelOptions=<>]" at line 978 of /home/yanwa/workspace/cutlass/examples/120_hopper_fmha_sm120/88_hopper_fmha.cu
            instantiation of "void run_fwd_64(Fusion, const Options &, const cutlass::KernelHardwareInfo &) [with Fusion=cutlass::fmha::collective::CausalFusion]" at line 1179 of /home/yanwa/workspace/cutlass/examples/120_hopper_fmha_sm120/88_hopper_fmha.cu

/home/yanwa/workspace/cutlass/examples/120_hopper_fmha_sm120/device/../kernel/fmha_kernel_tma_warpspecialized.hpp(298): warning #174-D: expression has no effect
              block_rank_in_cluster,
              ^
          detected during:
            instantiation of "void cutlass::fmha::kernel::FmhaKernelTmaWarpSpecialized<CollectiveMainloop, CollectiveEpilogue, TileScheduler, Options...>::operator()(const cutlass::fmha::kernel::FmhaKernelTmaWarpSpecialized<CollectiveMainloop, CollectiveEpilogue, TileScheduler, Options...>::Params &, char *) [with CollectiveMainloop=cutlass::fmha::collective::FmhaMainloopTma<cutlass::float_e2m1_t, float, float, cute::tuple<cute::_128, cute::_64, cute::_64>, cute::tuple<int, cute::_1, cute::tuple<int32_t, int32_t>>, cute::tuple<int, cute::_1, cute::tuple<int32_t, int32_t>>, cute::tuple<cute::_1, int, cute::tuple<int32_t, int32_t>>, cutlass::fmha::collective::CausalFusion, cutlass::fmha::kernel::Option<cutlass::fmha::kernel::Tag::kIsPersistent, cute::true_type>, cutlass::fmha::kernel::Option<cutlass::fmha::kernel::Tag::kLoadsQSeparately, cute::true_type>>, CollectiveEpilogue=cutlass::fmha::collective::FmhaFwdEpilogue<cutlass::float_e2m1_t, float, cute::tuple<cute::_128, cute::_64, cute::_64>>, TileScheduler=cutlass::fmha::kernel::PersistentTileScheduler, Options=<cutlass::fmha::kernel::Option<cutlass::fmha::kernel::Tag::kIsPersistent, cute::true_type>, cutlass::fmha::kernel::Option<cutlass::fmha::kernel::Tag::kLoadsQSeparately, cute::true_type>>]" at line 123 of /home/yanwa/workspace/cutlass/include/cutlass/device_kernel.h
            instantiation of "void cutlass::device_kernel<Operator>(Operator::Params) [with Operator=cutlass::fmha::kernel::FmhaKernelTmaWarpSpecialized<cutlass::fmha::collective::FmhaMainloopTma<cutlass::float_e2m1_t, float, float, cute::tuple<cute::_128, cute::_64, cute::_64>, cute::tuple<int, cute::_1, cute::tuple<int32_t, int32_t>>, cute::tuple<int, cute::_1, cute::tuple<int32_t, int32_t>>, cute::tuple<cute::_1, int, cute::tuple<int32_t, int32_t>>, cutlass::fmha::collective::CausalFusion, cutlass::fmha::kernel::Option<cutlass::fmha::kernel::Tag::kIsPersistent, cute::true_type>, cutlass::fmha::kernel::Option<cutlass::fmha::kernel::Tag::kLoadsQSeparately, cute::true_type>>, cutlass::fmha::collective::FmhaFwdEpilogue<cutlass::float_e2m1_t, float, cute::tuple<cute::_128, cute::_64, cute::_64>>, cutlass::fmha::kernel::PersistentTileScheduler, cutlass::fmha::kernel::Option<cutlass::fmha::kernel::Tag::kIsPersistent, cute::true_type>, cutlass::fmha::kernel::Option<cutlass::fmha::kernel::Tag::kLoadsQSeparately, cute::true_type>>]" at line 177 of /home/yanwa/workspace/cutlass/examples/120_hopper_fmha_sm120/device/../device/device_universal.hpp
            instantiation of "cutlass::Status cutlass::device::Universal<Kernel_>::initialize(const cutlass::device::Universal<Kernel_>::Arguments &, void *, cudaStream_t) [with Kernel_=cutlass::fmha::kernel::FmhaKernelTmaWarpSpecialized<cutlass::fmha::collective::FmhaMainloopTma<cutlass::float_e2m1_t, float, float, cute::tuple<cute::_128, cute::_64, cute::_64>, cute::tuple<int, cute::_1, cute::tuple<int32_t, int32_t>>, cute::tuple<int, cute::_1, cute::tuple<int32_t, int32_t>>, cute::tuple<cute::_1, int, cute::tuple<int32_t, int32_t>>, cutlass::fmha::collective::CausalFusion, cutlass::fmha::kernel::Option<cutlass::fmha::kernel::Tag::kIsPersistent, cute::true_type>, cutlass::fmha::kernel::Option<cutlass::fmha::kernel::Tag::kLoadsQSeparately, cute::true_type>>, cutlass::fmha::collective::FmhaFwdEpilogue<cutlass::float_e2m1_t, float, cute::tuple<cute::_128, cute::_64, cute::_64>>, cutlass::fmha::kernel::PersistentTileScheduler, cutlass::fmha::kernel::Option<cutlass::fmha::kernel::Tag::kIsPersistent, cute::true_type>, cutlass::fmha::kernel::Option<cutlass::fmha::kernel::Tag::kLoadsQSeparately, cute::true_type>>]" at line 445 of /home/yanwa/workspace/cutlass/examples/120_hopper_fmha_sm120/88_hopper_fmha.cu
            instantiation of "ExampleResult FwdRunner<TileShape, DispatchPolicy, ActiveFusion, KernelOptions...>::run(const Options &, const cutlass::KernelHardwareInfo &) [with TileShape=cute::tuple<cute::_128, cute::_64, cute::_64>, DispatchPolicy=KernelPingpong, ActiveFusion=cutlass::fmha::collective::CausalFusion, KernelOptions=<>]" at line 978 of /home/yanwa/workspace/cutlass/examples/120_hopper_fmha_sm120/88_hopper_fmha.cu
            instantiation of "void run_fwd_64(Fusion, const Options &, const cutlass::KernelHardwareInfo &) [with Fusion=cutlass::fmha::collective::CausalFusion]" at line 1179 of /home/yanwa/workspace/cutlass/examples/120_hopper_fmha_sm120/88_hopper_fmha.cu

/home/yanwa/workspace/cutlass/examples/120_hopper_fmha_sm120/device/../kernel/fmha_kernel_tma_warpspecialized.hpp(298): warning #174-D: expression has no effect
              block_rank_in_cluster,
              ^
          detected during:
            instantiation of "void cutlass::fmha::kernel::FmhaKernelTmaWarpSpecialized<CollectiveMainloop, CollectiveEpilogue, TileScheduler, Options...>::operator()(const cutlass::fmha::kernel::FmhaKernelTmaWarpSpecialized<CollectiveMainloop, CollectiveEpilogue, TileScheduler, Options...>::Params &, char *) [with CollectiveMainloop=cutlass::fmha::collective::FmhaMainloopTma<cutlass::float_e2m1_t, float, float, cute::tuple<cute::_128, cute::_64, cute::_64>, cute::tuple<int, cute::_1, cute::tuple<int32_t, int32_t>>, cute::tuple<int, cute::_1, cute::tuple<int32_t, int32_t>>, cute::tuple<cute::_1, int, cute::tuple<int32_t, int32_t>>, cutlass::fmha::collective::CausalFusion, cutlass::fmha::kernel::Option<cutlass::fmha::kernel::Tag::kIsPersistent, cute::true_type>, cutlass::fmha::kernel::Option<cutlass::fmha::kernel::Tag::kLoadsQSeparately, cute::true_type>>, CollectiveEpilogue=cutlass::fmha::collective::FmhaFwdEpilogue<cutlass::float_e2m1_t, float, cute::tuple<cute::_128, cute::_64, cute::_64>>, TileScheduler=cutlass::fmha::kernel::PersistentTileScheduler, Options=<cutlass::fmha::kernel::Option<cutlass::fmha::kernel::Tag::kIsPersistent, cute::true_type>, cutlass::fmha::kernel::Option<cutlass::fmha::kernel::Tag::kLoadsQSeparately, cute::true_type>>]" at line 123 of /home/yanwa/workspace/cutlass/include/cutlass/device_kernel.h
            instantiation of "void cutlass::device_kernel<Operator>(Operator::Params) [with Operator=cutlass::fmha::kernel::FmhaKernelTmaWarpSpecialized<cutlass::fmha::collective::FmhaMainloopTma<cutlass::float_e2m1_t, float, float, cute::tuple<cute::_128, cute::_64, cute::_64>, cute::tuple<int, cute::_1, cute::tuple<int32_t, int32_t>>, cute::tuple<int, cute::_1, cute::tuple<int32_t, int32_t>>, cute::tuple<cute::_1, int, cute::tuple<int32_t, int32_t>>, cutlass::fmha::collective::CausalFusion, cutlass::fmha::kernel::Option<cutlass::fmha::kernel::Tag::kIsPersistent, cute::true_type>, cutlass::fmha::kernel::Option<cutlass::fmha::kernel::Tag::kLoadsQSeparately, cute::true_type>>, cutlass::fmha::collective::FmhaFwdEpilogue<cutlass::float_e2m1_t, float, cute::tuple<cute::_128, cute::_64, cute::_64>>, cutlass::fmha::kernel::PersistentTileScheduler, cutlass::fmha::kernel::Option<cutlass::fmha::kernel::Tag::kIsPersistent, cute::true_type>, cutlass::fmha::kernel::Option<cutlass::fmha::kernel::Tag::kLoadsQSeparately, cute::true_type>>]" at line 177 of /home/yanwa/workspace/cutlass/examples/120_hopper_fmha_sm120/device/../device/device_universal.hpp
            instantiation of "cutlass::Status cutlass::device::Universal<Kernel_>::initialize(const cutlass::device::Universal<Kernel_>::Arguments &, void *, cudaStream_t) [with Kernel_=cutlass::fmha::kernel::FmhaKernelTmaWarpSpecialized<cutlass::fmha::collective::FmhaMainloopTma<cutlass::float_e2m1_t, float, float, cute::tuple<cute::_128, cute::_64, cute::_64>, cute::tuple<int, cute::_1, cute::tuple<int32_t, int32_t>>, cute::tuple<int, cute::_1, cute::tuple<int32_t, int32_t>>, cute::tuple<cute::_1, int, cute::tuple<int32_t, int32_t>>, cutlass::fmha::collective::CausalFusion, cutlass::fmha::kernel::Option<cutlass::fmha::kernel::Tag::kIsPersistent, cute::true_type>, cutlass::fmha::kernel::Option<cutlass::fmha::kernel::Tag::kLoadsQSeparately, cute::true_type>>, cutlass::fmha::collective::FmhaFwdEpilogue<cutlass::float_e2m1_t, float, cute::tuple<cute::_128, cute::_64, cute::_64>>, cutlass::fmha::kernel::PersistentTileScheduler, cutlass::fmha::kernel::Option<cutlass::fmha::kernel::Tag::kIsPersistent, cute::true_type>, cutlass::fmha::kernel::Option<cutlass::fmha::kernel::Tag::kLoadsQSeparately, cute::true_type>>]" at line 445 of /home/yanwa/workspace/cutlass/examples/120_hopper_fmha_sm120/88_hopper_fmha.cu
            instantiation of "ExampleResult FwdRunner<TileShape, DispatchPolicy, ActiveFusion, KernelOptions...>::run(const Options &, const cutlass::KernelHardwareInfo &) [with TileShape=cute::tuple<cute::_128, cute::_64, cute::_64>, DispatchPolicy=KernelPingpong, ActiveFusion=cutlass::fmha::collective::CausalFusion, KernelOptions=<>]" at line 978 of /home/yanwa/workspace/cutlass/examples/120_hopper_fmha_sm120/88_hopper_fmha.cu
            instantiation of "void run_fwd_64(Fusion, const Options &, const cutlass::KernelHardwareInfo &) [with Fusion=cutlass::fmha::collective::CausalFusion]" at line 1179 of /home/yanwa/workspace/cutlass/examples/120_hopper_fmha_sm120/88_hopper_fmha.cu

/home/yanwa/workspace/cutlass/examples/120_hopper_fmha_sm120/device/../kernel/fmha_kernel_tma_warpspecialized.hpp(298): warning #174-D: expression has no effect
              block_rank_in_cluster,
              ^
          detected during:
            instantiation of "void cutlass::fmha::kernel::FmhaKernelTmaWarpSpecialized<CollectiveMainloop, CollectiveEpilogue, TileScheduler, Options...>::operator()(const cutlass::fmha::kernel::FmhaKernelTmaWarpSpecialized<CollectiveMainloop, CollectiveEpilogue, TileScheduler, Options...>::Params &, char *) [with CollectiveMainloop=cutlass::fmha::collective::FmhaMainloopTma<cutlass::float_e2m1_t, float, float, cute::tuple<cute::_128, cute::_64, cute::_64>, cute::tuple<int, cute::_1, cute::tuple<int32_t, int32_t>>, cute::tuple<int, cute::_1, cute::tuple<int32_t, int32_t>>, cute::tuple<cute::_1, int, cute::tuple<int32_t, int32_t>>, cutlass::fmha::collective::CausalFusion, cutlass::fmha::kernel::Option<cutlass::fmha::kernel::Tag::kIsPersistent, cute::true_type>, cutlass::fmha::kernel::Option<cutlass::fmha::kernel::Tag::kLoadsQSeparately, cute::true_type>>, CollectiveEpilogue=cutlass::fmha::collective::FmhaFwdEpilogue<cutlass::float_e2m1_t, float, cute::tuple<cute::_128, cute::_64, cute::_64>>, TileScheduler=cutlass::fmha::kernel::PersistentTileScheduler, Options=<cutlass::fmha::kernel::Option<cutlass::fmha::kernel::Tag::kIsPersistent, cute::true_type>, cutlass::fmha::kernel::Option<cutlass::fmha::kernel::Tag::kLoadsQSeparately, cute::true_type>>]" at line 123 of /home/yanwa/workspace/cutlass/include/cutlass/device_kernel.h
            instantiation of "void cutlass::device_kernel<Operator>(Operator::Params) [with Operator=cutlass::fmha::kernel::FmhaKernelTmaWarpSpecialized<cutlass::fmha::collective::FmhaMainloopTma<cutlass::float_e2m1_t, float, float, cute::tuple<cute::_128, cute::_64, cute::_64>, cute::tuple<int, cute::_1, cute::tuple<int32_t, int32_t>>, cute::tuple<int, cute::_1, cute::tuple<int32_t, int32_t>>, cute::tuple<cute::_1, int, cute::tuple<int32_t, int32_t>>, cutlass::fmha::collective::CausalFusion, cutlass::fmha::kernel::Option<cutlass::fmha::kernel::Tag::kIsPersistent, cute::true_type>, cutlass::fmha::kernel::Option<cutlass::fmha::kernel::Tag::kLoadsQSeparately, cute::true_type>>, cutlass::fmha::collective::FmhaFwdEpilogue<cutlass::float_e2m1_t, float, cute::tuple<cute::_128, cute::_64, cute::_64>>, cutlass::fmha::kernel::PersistentTileScheduler, cutlass::fmha::kernel::Option<cutlass::fmha::kernel::Tag::kIsPersistent, cute::true_type>, cutlass::fmha::kernel::Option<cutlass::fmha::kernel::Tag::kLoadsQSeparately, cute::true_type>>]" at line 177 of /home/yanwa/workspace/cutlass/examples/120_hopper_fmha_sm120/device/../device/device_universal.hpp
            instantiation of "cutlass::Status cutlass::device::Universal<Kernel_>::initialize(const cutlass::device::Universal<Kernel_>::Arguments &, void *, cudaStream_t) [with Kernel_=cutlass::fmha::kernel::FmhaKernelTmaWarpSpecialized<cutlass::fmha::collective::FmhaMainloopTma<cutlass::float_e2m1_t, float, float, cute::tuple<cute::_128, cute::_64, cute::_64>, cute::tuple<int, cute::_1, cute::tuple<int32_t, int32_t>>, cute::tuple<int, cute::_1, cute::tuple<int32_t, int32_t>>, cute::tuple<cute::_1, int, cute::tuple<int32_t, int32_t>>, cutlass::fmha::collective::CausalFusion, cutlass::fmha::kernel::Option<cutlass::fmha::kernel::Tag::kIsPersistent, cute::true_type>, cutlass::fmha::kernel::Option<cutlass::fmha::kernel::Tag::kLoadsQSeparately, cute::true_type>>, cutlass::fmha::collective::FmhaFwdEpilogue<cutlass::float_e2m1_t, float, cute::tuple<cute::_128, cute::_64, cute::_64>>, cutlass::fmha::kernel::PersistentTileScheduler, cutlass::fmha::kernel::Option<cutlass::fmha::kernel::Tag::kIsPersistent, cute::true_type>, cutlass::fmha::kernel::Option<cutlass::fmha::kernel::Tag::kLoadsQSeparately, cute::true_type>>]" at line 445 of /home/yanwa/workspace/cutlass/examples/120_hopper_fmha_sm120/88_hopper_fmha.cu
            instantiation of "ExampleResult FwdRunner<TileShape, DispatchPolicy, ActiveFusion, KernelOptions...>::run(const Options &, const cutlass::KernelHardwareInfo &) [with TileShape=cute::tuple<cute::_128, cute::_64, cute::_64>, DispatchPolicy=KernelPingpong, ActiveFusion=cutlass::fmha::collective::CausalFusion, KernelOptions=<>]" at line 978 of /home/yanwa/workspace/cutlass/examples/120_hopper_fmha_sm120/88_hopper_fmha.cu
            instantiation of "void run_fwd_64(Fusion, const Options &, const cutlass::KernelHardwareInfo &) [with Fusion=cutlass::fmha::collective::CausalFusion]" at line 1179 of /home/yanwa/workspace/cutlass/examples/120_hopper_fmha_sm120/88_hopper_fmha.cu

/home/yanwa/workspace/cutlass/examples/120_hopper_fmha_sm120/device/../kernel/fmha_kernel_tma_warpspecialized.hpp(298): warning #174-D: expression has no effect
              block_rank_in_cluster,
              ^
          detected during:
            instantiation of "void cutlass::fmha::kernel::FmhaKernelTmaWarpSpecialized<CollectiveMainloop, CollectiveEpilogue, TileScheduler, Options...>::operator()(const cutlass::fmha::kernel::FmhaKernelTmaWarpSpecialized<CollectiveMainloop, CollectiveEpilogue, TileScheduler, Options...>::Params &, char *) [with CollectiveMainloop=cutlass::fmha::collective::FmhaMainloopTma<cutlass::float_e2m1_t, float, float, cute::tuple<cute::_128, cute::_64, cute::_64>, cute::tuple<int, cute::_1, cute::tuple<int32_t, int32_t>>, cute::tuple<int, cute::_1, cute::tuple<int32_t, int32_t>>, cute::tuple<cute::_1, int, cute::tuple<int32_t, int32_t>>, cutlass::fmha::collective::CausalFusion, cutlass::fmha::kernel::Option<cutlass::fmha::kernel::Tag::kIsPersistent, cute::true_type>, cutlass::fmha::kernel::Option<cutlass::fmha::kernel::Tag::kLoadsQSeparately, cute::true_type>>, CollectiveEpilogue=cutlass::fmha::collective::FmhaFwdEpilogue<cutlass::float_e2m1_t, float, cute::tuple<cute::_128, cute::_64, cute::_64>>, TileScheduler=cutlass::fmha::kernel::PersistentTileScheduler, Options=<cutlass::fmha::kernel::Option<cutlass::fmha::kernel::Tag::kIsPersistent, cute::true_type>, cutlass::fmha::kernel::Option<cutlass::fmha::kernel::Tag::kLoadsQSeparately, cute::true_type>>]" at line 123 of /home/yanwa/workspace/cutlass/include/cutlass/device_kernel.h
            instantiation of "void cutlass::device_kernel<Operator>(Operator::Params) [with Operator=cutlass::fmha::kernel::FmhaKernelTmaWarpSpecialized<cutlass::fmha::collective::FmhaMainloopTma<cutlass::float_e2m1_t, float, float, cute::tuple<cute::_128, cute::_64, cute::_64>, cute::tuple<int, cute::_1, cute::tuple<int32_t, int32_t>>, cute::tuple<int, cute::_1, cute::tuple<int32_t, int32_t>>, cute::tuple<cute::_1, int, cute::tuple<int32_t, int32_t>>, cutlass::fmha::collective::CausalFusion, cutlass::fmha::kernel::Option<cutlass::fmha::kernel::Tag::kIsPersistent, cute::true_type>, cutlass::fmha::kernel::Option<cutlass::fmha::kernel::Tag::kLoadsQSeparately, cute::true_type>>, cutlass::fmha::collective::FmhaFwdEpilogue<cutlass::float_e2m1_t, float, cute::tuple<cute::_128, cute::_64, cute::_64>>, cutlass::fmha::kernel::PersistentTileScheduler, cutlass::fmha::kernel::Option<cutlass::fmha::kernel::Tag::kIsPersistent, cute::true_type>, cutlass::fmha::kernel::Option<cutlass::fmha::kernel::Tag::kLoadsQSeparately, cute::true_type>>]" at line 177 of /home/yanwa/workspace/cutlass/examples/120_hopper_fmha_sm120/device/../device/device_universal.hpp
            instantiation of "cutlass::Status cutlass::device::Universal<Kernel_>::initialize(const cutlass::device::Universal<Kernel_>::Arguments &, void *, cudaStream_t) [with Kernel_=cutlass::fmha::kernel::FmhaKernelTmaWarpSpecialized<cutlass::fmha::collective::FmhaMainloopTma<cutlass::float_e2m1_t, float, float, cute::tuple<cute::_128, cute::_64, cute::_64>, cute::tuple<int, cute::_1, cute::tuple<int32_t, int32_t>>, cute::tuple<int, cute::_1, cute::tuple<int32_t, int32_t>>, cute::tuple<cute::_1, int, cute::tuple<int32_t, int32_t>>, cutlass::fmha::collective::CausalFusion, cutlass::fmha::kernel::Option<cutlass::fmha::kernel::Tag::kIsPersistent, cute::true_type>, cutlass::fmha::kernel::Option<cutlass::fmha::kernel::Tag::kLoadsQSeparately, cute::true_type>>, cutlass::fmha::collective::FmhaFwdEpilogue<cutlass::float_e2m1_t, float, cute::tuple<cute::_128, cute::_64, cute::_64>>, cutlass::fmha::kernel::PersistentTileScheduler, cutlass::fmha::kernel::Option<cutlass::fmha::kernel::Tag::kIsPersistent, cute::true_type>, cutlass::fmha::kernel::Option<cutlass::fmha::kernel::Tag::kLoadsQSeparately, cute::true_type>>]" at line 445 of /home/yanwa/workspace/cutlass/examples/120_hopper_fmha_sm120/88_hopper_fmha.cu
            instantiation of "ExampleResult FwdRunner<TileShape, DispatchPolicy, ActiveFusion, KernelOptions...>::run(const Options &, const cutlass::KernelHardwareInfo &) [with TileShape=cute::tuple<cute::_128, cute::_64, cute::_64>, DispatchPolicy=KernelPingpong, ActiveFusion=cutlass::fmha::collective::CausalFusion, KernelOptions=<>]" at line 978 of /home/yanwa/workspace/cutlass/examples/120_hopper_fmha_sm120/88_hopper_fmha.cu
            instantiation of "void run_fwd_64(Fusion, const Options &, const cutlass::KernelHardwareInfo &) [with Fusion=cutlass::fmha::collective::CausalFusion]" at line 1179 of /home/yanwa/workspace/cutlass/examples/120_hopper_fmha_sm120/88_hopper_fmha.cu

/home/yanwa/workspace/cutlass/examples/120_hopper_fmha_sm120/device/../kernel/fmha_kernel_tma_warpspecialized.hpp(298): warning #174-D: expression has no effect
              block_rank_in_cluster,
              ^
          detected during:
            instantiation of "void cutlass::fmha::kernel::FmhaKernelTmaWarpSpecialized<CollectiveMainloop, CollectiveEpilogue, TileScheduler, Options...>::operator()(const cutlass::fmha::kernel::FmhaKernelTmaWarpSpecialized<CollectiveMainloop, CollectiveEpilogue, TileScheduler, Options...>::Params &, char *) [with CollectiveMainloop=cutlass::fmha::collective::FmhaMainloopTma<cutlass::float_e2m1_t, float, float, cute::tuple<cute::_128, cute::_64, cute::_64>, cute::tuple<int, cute::_1, cute::tuple<int32_t, int32_t>>, cute::tuple<int, cute::_1, cute::tuple<int32_t, int32_t>>, cute::tuple<cute::_1, int, cute::tuple<int32_t, int32_t>>, cutlass::fmha::collective::CausalFusion, cutlass::fmha::kernel::Option<cutlass::fmha::kernel::Tag::kIsPersistent, cute::true_type>, cutlass::fmha::kernel::Option<cutlass::fmha::kernel::Tag::kLoadsQSeparately, cute::true_type>>, CollectiveEpilogue=cutlass::fmha::collective::FmhaFwdEpilogue<cutlass::float_e2m1_t, float, cute::tuple<cute::_128, cute::_64, cute::_64>>, TileScheduler=cutlass::fmha::kernel::PersistentTileScheduler, Options=<cutlass::fmha::kernel::Option<cutlass::fmha::kernel::Tag::kIsPersistent, cute::true_type>, cutlass::fmha::kernel::Option<cutlass::fmha::kernel::Tag::kLoadsQSeparately, cute::true_type>>]" at line 123 of /home/yanwa/workspace/cutlass/include/cutlass/device_kernel.h
            instantiation of "void cutlass::device_kernel<Operator>(Operator::Params) [with Operator=cutlass::fmha::kernel::FmhaKernelTmaWarpSpecialized<cutlass::fmha::collective::FmhaMainloopTma<cutlass::float_e2m1_t, float, float, cute::tuple<cute::_128, cute::_64, cute::_64>, cute::tuple<int, cute::_1, cute::tuple<int32_t, int32_t>>, cute::tuple<int, cute::_1, cute::tuple<int32_t, int32_t>>, cute::tuple<cute::_1, int, cute::tuple<int32_t, int32_t>>, cutlass::fmha::collective::CausalFusion, cutlass::fmha::kernel::Option<cutlass::fmha::kernel::Tag::kIsPersistent, cute::true_type>, cutlass::fmha::kernel::Option<cutlass::fmha::kernel::Tag::kLoadsQSeparately, cute::true_type>>, cutlass::fmha::collective::FmhaFwdEpilogue<cutlass::float_e2m1_t, float, cute::tuple<cute::_128, cute::_64, cute::_64>>, cutlass::fmha::kernel::PersistentTileScheduler, cutlass::fmha::kernel::Option<cutlass::fmha::kernel::Tag::kIsPersistent, cute::true_type>, cutlass::fmha::kernel::Option<cutlass::fmha::kernel::Tag::kLoadsQSeparately, cute::true_type>>]" at line 177 of /home/yanwa/workspace/cutlass/examples/120_hopper_fmha_sm120/device/../device/device_universal.hpp
            instantiation of "cutlass::Status cutlass::device::Universal<Kernel_>::initialize(const cutlass::device::Universal<Kernel_>::Arguments &, void *, cudaStream_t) [with Kernel_=cutlass::fmha::kernel::FmhaKernelTmaWarpSpecialized<cutlass::fmha::collective::FmhaMainloopTma<cutlass::float_e2m1_t, float, float, cute::tuple<cute::_128, cute::_64, cute::_64>, cute::tuple<int, cute::_1, cute::tuple<int32_t, int32_t>>, cute::tuple<int, cute::_1, cute::tuple<int32_t, int32_t>>, cute::tuple<cute::_1, int, cute::tuple<int32_t, int32_t>>, cutlass::fmha::collective::CausalFusion, cutlass::fmha::kernel::Option<cutlass::fmha::kernel::Tag::kIsPersistent, cute::true_type>, cutlass::fmha::kernel::Option<cutlass::fmha::kernel::Tag::kLoadsQSeparately, cute::true_type>>, cutlass::fmha::collective::FmhaFwdEpilogue<cutlass::float_e2m1_t, float, cute::tuple<cute::_128, cute::_64, cute::_64>>, cutlass::fmha::kernel::PersistentTileScheduler, cutlass::fmha::kernel::Option<cutlass::fmha::kernel::Tag::kIsPersistent, cute::true_type>, cutlass::fmha::kernel::Option<cutlass::fmha::kernel::Tag::kLoadsQSeparately, cute::true_type>>]" at line 445 of /home/yanwa/workspace/cutlass/examples/120_hopper_fmha_sm120/88_hopper_fmha.cu
            instantiation of "ExampleResult FwdRunner<TileShape, DispatchPolicy, ActiveFusion, KernelOptions...>::run(const Options &, const cutlass::KernelHardwareInfo &) [with TileShape=cute::tuple<cute::_128, cute::_64, cute::_64>, DispatchPolicy=KernelPingpong, ActiveFusion=cutlass::fmha::collective::CausalFusion, KernelOptions=<>]" at line 978 of /home/yanwa/workspace/cutlass/examples/120_hopper_fmha_sm120/88_hopper_fmha.cu
            instantiation of "void run_fwd_64(Fusion, const Options &, const cutlass::KernelHardwareInfo &) [with Fusion=cutlass::fmha::collective::CausalFusion]" at line 1179 of /home/yanwa/workspace/cutlass/examples/120_hopper_fmha_sm120/88_hopper_fmha.cu

/home/yanwa/workspace/cutlass/examples/120_hopper_fmha_sm120/device/../kernel/fmha_kernel_tma_warpspecialized.hpp(298): warning #174-D: expression has no effect
              block_rank_in_cluster,
              ^
          detected during:
            instantiation of "void cutlass::fmha::kernel::FmhaKernelTmaWarpSpecialized<CollectiveMainloop, CollectiveEpilogue, TileScheduler, Options...>::operator()(const cutlass::fmha::kernel::FmhaKernelTmaWarpSpecialized<CollectiveMainloop, CollectiveEpilogue, TileScheduler, Options...>::Params &, char *) [with CollectiveMainloop=cutlass::fmha::collective::FmhaMainloopTma<cutlass::float_e2m1_t, float, float, cute::tuple<cute::_128, cute::_64, cute::_64>, cute::tuple<int, cute::_1, cute::tuple<int32_t, int32_t>>, cute::tuple<int, cute::_1, cute::tuple<int32_t, int32_t>>, cute::tuple<cute::_1, int, cute::tuple<int32_t, int32_t>>, cutlass::fmha::collective::CausalFusion, cutlass::fmha::kernel::Option<cutlass::fmha::kernel::Tag::kIsPersistent, cute::true_type>, cutlass::fmha::kernel::Option<cutlass::fmha::kernel::Tag::kLoadsQSeparately, cute::true_type>>, CollectiveEpilogue=cutlass::fmha::collective::FmhaFwdEpilogue<cutlass::float_e2m1_t, float, cute::tuple<cute::_128, cute::_64, cute::_64>>, TileScheduler=cutlass::fmha::kernel::PersistentTileScheduler, Options=<cutlass::fmha::kernel::Option<cutlass::fmha::kernel::Tag::kIsPersistent, cute::true_type>, cutlass::fmha::kernel::Option<cutlass::fmha::kernel::Tag::kLoadsQSeparately, cute::true_type>>]" at line 123 of /home/yanwa/workspace/cutlass/include/cutlass/device_kernel.h
            instantiation of "void cutlass::device_kernel<Operator>(Operator::Params) [with Operator=cutlass::fmha::kernel::FmhaKernelTmaWarpSpecialized<cutlass::fmha::collective::FmhaMainloopTma<cutlass::float_e2m1_t, float, float, cute::tuple<cute::_128, cute::_64, cute::_64>, cute::tuple<int, cute::_1, cute::tuple<int32_t, int32_t>>, cute::tuple<int, cute::_1, cute::tuple<int32_t, int32_t>>, cute::tuple<cute::_1, int, cute::tuple<int32_t, int32_t>>, cutlass::fmha::collective::CausalFusion, cutlass::fmha::kernel::Option<cutlass::fmha::kernel::Tag::kIsPersistent, cute::true_type>, cutlass::fmha::kernel::Option<cutlass::fmha::kernel::Tag::kLoadsQSeparately, cute::true_type>>, cutlass::fmha::collective::FmhaFwdEpilogue<cutlass::float_e2m1_t, float, cute::tuple<cute::_128, cute::_64, cute::_64>>, cutlass::fmha::kernel::PersistentTileScheduler, cutlass::fmha::kernel::Option<cutlass::fmha::kernel::Tag::kIsPersistent, cute::true_type>, cutlass::fmha::kernel::Option<cutlass::fmha::kernel::Tag::kLoadsQSeparately, cute::true_type>>]" at line 177 of /home/yanwa/workspace/cutlass/examples/120_hopper_fmha_sm120/device/../device/device_universal.hpp
            instantiation of "cutlass::Status cutlass::device::Universal<Kernel_>::initialize(const cutlass::device::Universal<Kernel_>::Arguments &, void *, cudaStream_t) [with Kernel_=cutlass::fmha::kernel::FmhaKernelTmaWarpSpecialized<cutlass::fmha::collective::FmhaMainloopTma<cutlass::float_e2m1_t, float, float, cute::tuple<cute::_128, cute::_64, cute::_64>, cute::tuple<int, cute::_1, cute::tuple<int32_t, int32_t>>, cute::tuple<int, cute::_1, cute::tuple<int32_t, int32_t>>, cute::tuple<cute::_1, int, cute::tuple<int32_t, int32_t>>, cutlass::fmha::collective::CausalFusion, cutlass::fmha::kernel::Option<cutlass::fmha::kernel::Tag::kIsPersistent, cute::true_type>, cutlass::fmha::kernel::Option<cutlass::fmha::kernel::Tag::kLoadsQSeparately, cute::true_type>>, cutlass::fmha::collective::FmhaFwdEpilogue<cutlass::float_e2m1_t, float, cute::tuple<cute::_128, cute::_64, cute::_64>>, cutlass::fmha::kernel::PersistentTileScheduler, cutlass::fmha::kernel::Option<cutlass::fmha::kernel::Tag::kIsPersistent, cute::true_type>, cutlass::fmha::kernel::Option<cutlass::fmha::kernel::Tag::kLoadsQSeparately, cute::true_type>>]" at line 445 of /home/yanwa/workspace/cutlass/examples/120_hopper_fmha_sm120/88_hopper_fmha.cu
            instantiation of "ExampleResult FwdRunner<TileShape, DispatchPolicy, ActiveFusion, KernelOptions...>::run(const Options &, const cutlass::KernelHardwareInfo &) [with TileShape=cute::tuple<cute::_128, cute::_64, cute::_64>, DispatchPolicy=KernelPingpong, ActiveFusion=cutlass::fmha::collective::CausalFusion, KernelOptions=<>]" at line 978 of /home/yanwa/workspace/cutlass/examples/120_hopper_fmha_sm120/88_hopper_fmha.cu
            instantiation of "void run_fwd_64(Fusion, const Options &, const cutlass::KernelHardwareInfo &) [with Fusion=cutlass::fmha::collective::CausalFusion]" at line 1179 of /home/yanwa/workspace/cutlass/examples/120_hopper_fmha_sm120/88_hopper_fmha.cu

/home/yanwa/workspace/cutlass/examples/120_hopper_fmha_sm120/device/../kernel/fmha_kernel_tma_warpspecialized.hpp(298): warning #174-D: expression has no effect
              block_rank_in_cluster,
              ^
          detected during:
            instantiation of "void cutlass::fmha::kernel::FmhaKernelTmaWarpSpecialized<CollectiveMainloop, CollectiveEpilogue, TileScheduler, Options...>::operator()(const cutlass::fmha::kernel::FmhaKernelTmaWarpSpecialized<CollectiveMainloop, CollectiveEpilogue, TileScheduler, Options...>::Params &, char *) [with CollectiveMainloop=cutlass::fmha::collective::FmhaMainloopTma<cutlass::float_e2m1_t, float, float, cute::tuple<cute::_128, cute::_64, cute::_64>, cute::tuple<int, cute::_1, cute::tuple<int32_t, int32_t>>, cute::tuple<int, cute::_1, cute::tuple<int32_t, int32_t>>, cute::tuple<cute::_1, int, cute::tuple<int32_t, int32_t>>, cutlass::fmha::collective::CausalFusion, cutlass::fmha::kernel::Option<cutlass::fmha::kernel::Tag::kIsPersistent, cute::true_type>, cutlass::fmha::kernel::Option<cutlass::fmha::kernel::Tag::kLoadsQSeparately, cute::true_type>>, CollectiveEpilogue=cutlass::fmha::collective::FmhaFwdEpilogue<cutlass::float_e2m1_t, float, cute::tuple<cute::_128, cute::_64, cute::_64>>, TileScheduler=cutlass::fmha::kernel::PersistentTileScheduler, Options=<cutlass::fmha::kernel::Option<cutlass::fmha::kernel::Tag::kIsPersistent, cute::true_type>, cutlass::fmha::kernel::Option<cutlass::fmha::kernel::Tag::kLoadsQSeparately, cute::true_type>>]" at line 123 of /home/yanwa/workspace/cutlass/include/cutlass/device_kernel.h
            instantiation of "void cutlass::device_kernel<Operator>(Operator::Params) [with Operator=cutlass::fmha::kernel::FmhaKernelTmaWarpSpecialized<cutlass::fmha::collective::FmhaMainloopTma<cutlass::float_e2m1_t, float, float, cute::tuple<cute::_128, cute::_64, cute::_64>, cute::tuple<int, cute::_1, cute::tuple<int32_t, int32_t>>, cute::tuple<int, cute::_1, cute::tuple<int32_t, int32_t>>, cute::tuple<cute::_1, int, cute::tuple<int32_t, int32_t>>, cutlass::fmha::collective::CausalFusion, cutlass::fmha::kernel::Option<cutlass::fmha::kernel::Tag::kIsPersistent, cute::true_type>, cutlass::fmha::kernel::Option<cutlass::fmha::kernel::Tag::kLoadsQSeparately, cute::true_type>>, cutlass::fmha::collective::FmhaFwdEpilogue<cutlass::float_e2m1_t, float, cute::tuple<cute::_128, cute::_64, cute::_64>>, cutlass::fmha::kernel::PersistentTileScheduler, cutlass::fmha::kernel::Option<cutlass::fmha::kernel::Tag::kIsPersistent, cute::true_type>, cutlass::fmha::kernel::Option<cutlass::fmha::kernel::Tag::kLoadsQSeparately, cute::true_type>>]" at line 177 of /home/yanwa/workspace/cutlass/examples/120_hopper_fmha_sm120/device/../device/device_universal.hpp
            instantiation of "cutlass::Status cutlass::device::Universal<Kernel_>::initialize(const cutlass::device::Universal<Kernel_>::Arguments &, void *, cudaStream_t) [with Kernel_=cutlass::fmha::kernel::FmhaKernelTmaWarpSpecialized<cutlass::fmha::collective::FmhaMainloopTma<cutlass::float_e2m1_t, float, float, cute::tuple<cute::_128, cute::_64, cute::_64>, cute::tuple<int, cute::_1, cute::tuple<int32_t, int32_t>>, cute::tuple<int, cute::_1, cute::tuple<int32_t, int32_t>>, cute::tuple<cute::_1, int, cute::tuple<int32_t, int32_t>>, cutlass::fmha::collective::CausalFusion, cutlass::fmha::kernel::Option<cutlass::fmha::kernel::Tag::kIsPersistent, cute::true_type>, cutlass::fmha::kernel::Option<cutlass::fmha::kernel::Tag::kLoadsQSeparately, cute::true_type>>, cutlass::fmha::collective::FmhaFwdEpilogue<cutlass::float_e2m1_t, float, cute::tuple<cute::_128, cute::_64, cute::_64>>, cutlass::fmha::kernel::PersistentTileScheduler, cutlass::fmha::kernel::Option<cutlass::fmha::kernel::Tag::kIsPersistent, cute::true_type>, cutlass::fmha::kernel::Option<cutlass::fmha::kernel::Tag::kLoadsQSeparately, cute::true_type>>]" at line 445 of /home/yanwa/workspace/cutlass/examples/120_hopper_fmha_sm120/88_hopper_fmha.cu
            instantiation of "ExampleResult FwdRunner<TileShape, DispatchPolicy, ActiveFusion, KernelOptions...>::run(const Options &, const cutlass::KernelHardwareInfo &) [with TileShape=cute::tuple<cute::_128, cute::_64, cute::_64>, DispatchPolicy=KernelPingpong, ActiveFusion=cutlass::fmha::collective::CausalFusion, KernelOptions=<>]" at line 978 of /home/yanwa/workspace/cutlass/examples/120_hopper_fmha_sm120/88_hopper_fmha.cu
            instantiation of "void run_fwd_64(Fusion, const Options &, const cutlass::KernelHardwareInfo &) [with Fusion=cutlass::fmha::collective::CausalFusion]" at line 1179 of /home/yanwa/workspace/cutlass/examples/120_hopper_fmha_sm120/88_hopper_fmha.cu

/home/yanwa/workspace/cutlass/examples/120_hopper_fmha_sm120/device/../kernel/fmha_kernel_tma_warpspecialized.hpp(298): warning #174-D: expression has no effect
              block_rank_in_cluster,
              ^
          detected during:
            instantiation of "void cutlass::fmha::kernel::FmhaKernelTmaWarpSpecialized<CollectiveMainloop, CollectiveEpilogue, TileScheduler, Options...>::operator()(const cutlass::fmha::kernel::FmhaKernelTmaWarpSpecialized<CollectiveMainloop, CollectiveEpilogue, TileScheduler, Options...>::Params &, char *) [with CollectiveMainloop=cutlass::fmha::collective::FmhaMainloopTma<cutlass::float_e2m1_t, float, float, cute::tuple<cute::_128, cute::_64, cute::_64>, cute::tuple<int, cute::_1, cute::tuple<int32_t, int32_t>>, cute::tuple<int, cute::_1, cute::tuple<int32_t, int32_t>>, cute::tuple<cute::_1, int, cute::tuple<int32_t, int32_t>>, cutlass::fmha::collective::CausalFusion, cutlass::fmha::kernel::Option<cutlass::fmha::kernel::Tag::kIsPersistent, cute::true_type>, cutlass::fmha::kernel::Option<cutlass::fmha::kernel::Tag::kLoadsQSeparately, cute::true_type>>, CollectiveEpilogue=cutlass::fmha::collective::FmhaFwdEpilogue<cutlass::float_e2m1_t, float, cute::tuple<cute::_128, cute::_64, cute::_64>>, TileScheduler=cutlass::fmha::kernel::PersistentTileScheduler, Options=<cutlass::fmha::kernel::Option<cutlass::fmha::kernel::Tag::kIsPersistent, cute::true_type>, cutlass::fmha::kernel::Option<cutlass::fmha::kernel::Tag::kLoadsQSeparately, cute::true_type>>]" at line 123 of /home/yanwa/workspace/cutlass/include/cutlass/device_kernel.h
            instantiation of "void cutlass::device_kernel<Operator>(Operator::Params) [with Operator=cutlass::fmha::kernel::FmhaKernelTmaWarpSpecialized<cutlass::fmha::collective::FmhaMainloopTma<cutlass::float_e2m1_t, float, float, cute::tuple<cute::_128, cute::_64, cute::_64>, cute::tuple<int, cute::_1, cute::tuple<int32_t, int32_t>>, cute::tuple<int, cute::_1, cute::tuple<int32_t, int32_t>>, cute::tuple<cute::_1, int, cute::tuple<int32_t, int32_t>>, cutlass::fmha::collective::CausalFusion, cutlass::fmha::kernel::Option<cutlass::fmha::kernel::Tag::kIsPersistent, cute::true_type>, cutlass::fmha::kernel::Option<cutlass::fmha::kernel::Tag::kLoadsQSeparately, cute::true_type>>, cutlass::fmha::collective::FmhaFwdEpilogue<cutlass::float_e2m1_t, float, cute::tuple<cute::_128, cute::_64, cute::_64>>, cutlass::fmha::kernel::PersistentTileScheduler, cutlass::fmha::kernel::Option<cutlass::fmha::kernel::Tag::kIsPersistent, cute::true_type>, cutlass::fmha::kernel::Option<cutlass::fmha::kernel::Tag::kLoadsQSeparately, cute::true_type>>]" at line 177 of /home/yanwa/workspace/cutlass/examples/120_hopper_fmha_sm120/device/../device/device_universal.hpp
            instantiation of "cutlass::Status cutlass::device::Universal<Kernel_>::initialize(const cutlass::device::Universal<Kernel_>::Arguments &, void *, cudaStream_t) [with Kernel_=cutlass::fmha::kernel::FmhaKernelTmaWarpSpecialized<cutlass::fmha::collective::FmhaMainloopTma<cutlass::float_e2m1_t, float, float, cute::tuple<cute::_128, cute::_64, cute::_64>, cute::tuple<int, cute::_1, cute::tuple<int32_t, int32_t>>, cute::tuple<int, cute::_1, cute::tuple<int32_t, int32_t>>, cute::tuple<cute::_1, int, cute::tuple<int32_t, int32_t>>, cutlass::fmha::collective::CausalFusion, cutlass::fmha::kernel::Option<cutlass::fmha::kernel::Tag::kIsPersistent, cute::true_type>, cutlass::fmha::kernel::Option<cutlass::fmha::kernel::Tag::kLoadsQSeparately, cute::true_type>>, cutlass::fmha::collective::FmhaFwdEpilogue<cutlass::float_e2m1_t, float, cute::tuple<cute::_128, cute::_64, cute::_64>>, cutlass::fmha::kernel::PersistentTileScheduler, cutlass::fmha::kernel::Option<cutlass::fmha::kernel::Tag::kIsPersistent, cute::true_type>, cutlass::fmha::kernel::Option<cutlass::fmha::kernel::Tag::kLoadsQSeparately, cute::true_type>>]" at line 445 of /home/yanwa/workspace/cutlass/examples/120_hopper_fmha_sm120/88_hopper_fmha.cu
            instantiation of "ExampleResult FwdRunner<TileShape, DispatchPolicy, ActiveFusion, KernelOptions...>::run(const Options &, const cutlass::KernelHardwareInfo &) [with TileShape=cute::tuple<cute::_128, cute::_64, cute::_64>, DispatchPolicy=KernelPingpong, ActiveFusion=cutlass::fmha::collective::CausalFusion, KernelOptions=<>]" at line 978 of /home/yanwa/workspace/cutlass/examples/120_hopper_fmha_sm120/88_hopper_fmha.cu
            instantiation of "void run_fwd_64(Fusion, const Options &, const cutlass::KernelHardwareInfo &) [with Fusion=cutlass::fmha::collective::CausalFusion]" at line 1179 of /home/yanwa/workspace/cutlass/examples/120_hopper_fmha_sm120/88_hopper_fmha.cu

/home/yanwa/workspace/cutlass/examples/120_hopper_fmha_sm120/device/../kernel/fmha_kernel_tma_warpspecialized.hpp(298): warning #174-D: expression has no effect
              block_rank_in_cluster,
              ^
          detected during:
            instantiation of "void cutlass::fmha::kernel::FmhaKernelTmaWarpSpecialized<CollectiveMainloop, CollectiveEpilogue, TileScheduler, Options...>::operator()(const cutlass::fmha::kernel::FmhaKernelTmaWarpSpecialized<CollectiveMainloop, CollectiveEpilogue, TileScheduler, Options...>::Params &, char *) [with CollectiveMainloop=cutlass::fmha::collective::FmhaMainloopTma<cutlass::float_e2m1_t, float, float, cute::tuple<cute::_128, cute::_64, cute::_64>, cute::tuple<int, cute::_1, cute::tuple<int32_t, int32_t>>, cute::tuple<int, cute::_1, cute::tuple<int32_t, int32_t>>, cute::tuple<cute::_1, int, cute::tuple<int32_t, int32_t>>, cutlass::fmha::collective::CausalFusion, cutlass::fmha::kernel::Option<cutlass::fmha::kernel::Tag::kIsPersistent, cute::true_type>, cutlass::fmha::kernel::Option<cutlass::fmha::kernel::Tag::kLoadsQSeparately, cute::true_type>>, CollectiveEpilogue=cutlass::fmha::collective::FmhaFwdEpilogue<cutlass::float_e2m1_t, float, cute::tuple<cute::_128, cute::_64, cute::_64>>, TileScheduler=cutlass::fmha::kernel::PersistentTileScheduler, Options=<cutlass::fmha::kernel::Option<cutlass::fmha::kernel::Tag::kIsPersistent, cute::true_type>, cutlass::fmha::kernel::Option<cutlass::fmha::kernel::Tag::kLoadsQSeparately, cute::true_type>>]" at line 123 of /home/yanwa/workspace/cutlass/include/cutlass/device_kernel.h
            instantiation of "void cutlass::device_kernel<Operator>(Operator::Params) [with Operator=cutlass::fmha::kernel::FmhaKernelTmaWarpSpecialized<cutlass::fmha::collective::FmhaMainloopTma<cutlass::float_e2m1_t, float, float, cute::tuple<cute::_128, cute::_64, cute::_64>, cute::tuple<int, cute::_1, cute::tuple<int32_t, int32_t>>, cute::tuple<int, cute::_1, cute::tuple<int32_t, int32_t>>, cute::tuple<cute::_1, int, cute::tuple<int32_t, int32_t>>, cutlass::fmha::collective::CausalFusion, cutlass::fmha::kernel::Option<cutlass::fmha::kernel::Tag::kIsPersistent, cute::true_type>, cutlass::fmha::kernel::Option<cutlass::fmha::kernel::Tag::kLoadsQSeparately, cute::true_type>>, cutlass::fmha::collective::FmhaFwdEpilogue<cutlass::float_e2m1_t, float, cute::tuple<cute::_128, cute::_64, cute::_64>>, cutlass::fmha::kernel::PersistentTileScheduler, cutlass::fmha::kernel::Option<cutlass::fmha::kernel::Tag::kIsPersistent, cute::true_type>, cutlass::fmha::kernel::Option<cutlass::fmha::kernel::Tag::kLoadsQSeparately, cute::true_type>>]" at line 177 of /home/yanwa/workspace/cutlass/examples/120_hopper_fmha_sm120/device/../device/device_universal.hpp
            instantiation of "cutlass::Status cutlass::device::Universal<Kernel_>::initialize(const cutlass::device::Universal<Kernel_>::Arguments &, void *, cudaStream_t) [with Kernel_=cutlass::fmha::kernel::FmhaKernelTmaWarpSpecialized<cutlass::fmha::collective::FmhaMainloopTma<cutlass::float_e2m1_t, float, float, cute::tuple<cute::_128, cute::_64, cute::_64>, cute::tuple<int, cute::_1, cute::tuple<int32_t, int32_t>>, cute::tuple<int, cute::_1, cute::tuple<int32_t, int32_t>>, cute::tuple<cute::_1, int, cute::tuple<int32_t, int32_t>>, cutlass::fmha::collective::CausalFusion, cutlass::fmha::kernel::Option<cutlass::fmha::kernel::Tag::kIsPersistent, cute::true_type>, cutlass::fmha::kernel::Option<cutlass::fmha::kernel::Tag::kLoadsQSeparately, cute::true_type>>, cutlass::fmha::collective::FmhaFwdEpilogue<cutlass::float_e2m1_t, float, cute::tuple<cute::_128, cute::_64, cute::_64>>, cutlass::fmha::kernel::PersistentTileScheduler, cutlass::fmha::kernel::Option<cutlass::fmha::kernel::Tag::kIsPersistent, cute::true_type>, cutlass::fmha::kernel::Option<cutlass::fmha::kernel::Tag::kLoadsQSeparately, cute::true_type>>]" at line 445 of /home/yanwa/workspace/cutlass/examples/120_hopper_fmha_sm120/88_hopper_fmha.cu
            instantiation of "ExampleResult FwdRunner<TileShape, DispatchPolicy, ActiveFusion, KernelOptions...>::run(const Options &, const cutlass::KernelHardwareInfo &) [with TileShape=cute::tuple<cute::_128, cute::_64, cute::_64>, DispatchPolicy=KernelPingpong, ActiveFusion=cutlass::fmha::collective::CausalFusion, KernelOptions=<>]" at line 978 of /home/yanwa/workspace/cutlass/examples/120_hopper_fmha_sm120/88_hopper_fmha.cu
            instantiation of "void run_fwd_64(Fusion, const Options &, const cutlass::KernelHardwareInfo &) [with Fusion=cutlass::fmha::collective::CausalFusion]" at line 1179 of /home/yanwa/workspace/cutlass/examples/120_hopper_fmha_sm120/88_hopper_fmha.cu

/home/yanwa/workspace/cutlass/examples/120_hopper_fmha_sm120/device/../kernel/fmha_kernel_tma_warpspecialized.hpp(298): warning #174-D: expression has no effect
              block_rank_in_cluster,
              ^
          detected during:
            instantiation of "void cutlass::fmha::kernel::FmhaKernelTmaWarpSpecialized<CollectiveMainloop, CollectiveEpilogue, TileScheduler, Options...>::operator()(const cutlass::fmha::kernel::FmhaKernelTmaWarpSpecialized<CollectiveMainloop, CollectiveEpilogue, TileScheduler, Options...>::Params &, char *) [with CollectiveMainloop=cutlass::fmha::collective::FmhaMainloopTma<cutlass::float_e2m1_t, float, float, cute::tuple<cute::_128, cute::_64, cute::_64>, cute::tuple<int, cute::_1, cute::tuple<int32_t, int32_t>>, cute::tuple<int, cute::_1, cute::tuple<int32_t, int32_t>>, cute::tuple<cute::_1, int, cute::tuple<int32_t, int32_t>>, cutlass::fmha::collective::CausalFusion, cutlass::fmha::kernel::Option<cutlass::fmha::kernel::Tag::kIsPersistent, cute::true_type>, cutlass::fmha::kernel::Option<cutlass::fmha::kernel::Tag::kLoadsQSeparately, cute::true_type>>, CollectiveEpilogue=cutlass::fmha::collective::FmhaFwdEpilogue<cutlass::float_e2m1_t, float, cute::tuple<cute::_128, cute::_64, cute::_64>>, TileScheduler=cutlass::fmha::kernel::PersistentTileScheduler, Options=<cutlass::fmha::kernel::Option<cutlass::fmha::kernel::Tag::kIsPersistent, cute::true_type>, cutlass::fmha::kernel::Option<cutlass::fmha::kernel::Tag::kLoadsQSeparately, cute::true_type>>]" at line 123 of /home/yanwa/workspace/cutlass/include/cutlass/device_kernel.h
            instantiation of "void cutlass::device_kernel<Operator>(Operator::Params) [with Operator=cutlass::fmha::kernel::FmhaKernelTmaWarpSpecialized<cutlass::fmha::collective::FmhaMainloopTma<cutlass::float_e2m1_t, float, float, cute::tuple<cute::_128, cute::_64, cute::_64>, cute::tuple<int, cute::_1, cute::tuple<int32_t, int32_t>>, cute::tuple<int, cute::_1, cute::tuple<int32_t, int32_t>>, cute::tuple<cute::_1, int, cute::tuple<int32_t, int32_t>>, cutlass::fmha::collective::CausalFusion, cutlass::fmha::kernel::Option<cutlass::fmha::kernel::Tag::kIsPersistent, cute::true_type>, cutlass::fmha::kernel::Option<cutlass::fmha::kernel::Tag::kLoadsQSeparately, cute::true_type>>, cutlass::fmha::collective::FmhaFwdEpilogue<cutlass::float_e2m1_t, float, cute::tuple<cute::_128, cute::_64, cute::_64>>, cutlass::fmha::kernel::PersistentTileScheduler, cutlass::fmha::kernel::Option<cutlass::fmha::kernel::Tag::kIsPersistent, cute::true_type>, cutlass::fmha::kernel::Option<cutlass::fmha::kernel::Tag::kLoadsQSeparately, cute::true_type>>]" at line 177 of /home/yanwa/workspace/cutlass/examples/120_hopper_fmha_sm120/device/../device/device_universal.hpp
            instantiation of "cutlass::Status cutlass::device::Universal<Kernel_>::initialize(const cutlass::device::Universal<Kernel_>::Arguments &, void *, cudaStream_t) [with Kernel_=cutlass::fmha::kernel::FmhaKernelTmaWarpSpecialized<cutlass::fmha::collective::FmhaMainloopTma<cutlass::float_e2m1_t, float, float, cute::tuple<cute::_128, cute::_64, cute::_64>, cute::tuple<int, cute::_1, cute::tuple<int32_t, int32_t>>, cute::tuple<int, cute::_1, cute::tuple<int32_t, int32_t>>, cute::tuple<cute::_1, int, cute::tuple<int32_t, int32_t>>, cutlass::fmha::collective::CausalFusion, cutlass::fmha::kernel::Option<cutlass::fmha::kernel::Tag::kIsPersistent, cute::true_type>, cutlass::fmha::kernel::Option<cutlass::fmha::kernel::Tag::kLoadsQSeparately, cute::true_type>>, cutlass::fmha::collective::FmhaFwdEpilogue<cutlass::float_e2m1_t, float, cute::tuple<cute::_128, cute::_64, cute::_64>>, cutlass::fmha::kernel::PersistentTileScheduler, cutlass::fmha::kernel::Option<cutlass::fmha::kernel::Tag::kIsPersistent, cute::true_type>, cutlass::fmha::kernel::Option<cutlass::fmha::kernel::Tag::kLoadsQSeparately, cute::true_type>>]" at line 445 of /home/yanwa/workspace/cutlass/examples/120_hopper_fmha_sm120/88_hopper_fmha.cu
            instantiation of "ExampleResult FwdRunner<TileShape, DispatchPolicy, ActiveFusion, KernelOptions...>::run(const Options &, const cutlass::KernelHardwareInfo &) [with TileShape=cute::tuple<cute::_128, cute::_64, cute::_64>, DispatchPolicy=KernelPingpong, ActiveFusion=cutlass::fmha::collective::CausalFusion, KernelOptions=<>]" at line 978 of /home/yanwa/workspace/cutlass/examples/120_hopper_fmha_sm120/88_hopper_fmha.cu
            instantiation of "void run_fwd_64(Fusion, const Options &, const cutlass::KernelHardwareInfo &) [with Fusion=cutlass::fmha::collective::CausalFusion]" at line 1179 of /home/yanwa/workspace/cutlass/examples/120_hopper_fmha_sm120/88_hopper_fmha.cu

/home/yanwa/workspace/cutlass/examples/120_hopper_fmha_sm120/device/../kernel/fmha_kernel_tma_warpspecialized.hpp(314): error: class "cutlass::fmha::collective::FmhaMainloopTma<cutlass::float_e2m1_t, float, float, cute::tuple<cute::_128, cute::_64, cute::_64>, cute::tuple<int, cute::_1, cute::tuple<int32_t, int32_t>>, cute::tuple<int, cute::_1, cute::tuple<int32_t, int32_t>>, cute::tuple<cute::_1, int, cute::tuple<int32_t, int32_t>>, cutlass::fmha::collective::CausalFusion, cutlass::fmha::kernel::Option<cutlass::fmha::kernel::Tag::kIsPersistent, cute::true_type>, cutlass::fmha::kernel::Option<cutlass::fmha::kernel::Tag::kLoadsQSeparately, cute::true_type>>" has no member "load_maybe_q"
            collective_mainloop.load_maybe_q(
                                ^
          detected during:
            instantiation of "void cutlass::fmha::kernel::FmhaKernelTmaWarpSpecialized<CollectiveMainloop, CollectiveEpilogue, TileScheduler, Options...>::operator()(const cutlass::fmha::kernel::FmhaKernelTmaWarpSpecialized<CollectiveMainloop, CollectiveEpilogue, TileScheduler, Options...>::Params &, char *) [with CollectiveMainloop=cutlass::fmha::collective::FmhaMainloopTma<cutlass::float_e2m1_t, float, float, cute::tuple<cute::_128, cute::_64, cute::_64>, cute::tuple<int, cute::_1, cute::tuple<int32_t, int32_t>>, cute::tuple<int, cute::_1, cute::tuple<int32_t, int32_t>>, cute::tuple<cute::_1, int, cute::tuple<int32_t, int32_t>>, cutlass::fmha::collective::CausalFusion, cutlass::fmha::kernel::Option<cutlass::fmha::kernel::Tag::kIsPersistent, cute::true_type>, cutlass::fmha::kernel::Option<cutlass::fmha::kernel::Tag::kLoadsQSeparately, cute::true_type>>, CollectiveEpilogue=cutlass::fmha::collective::FmhaFwdEpilogue<cutlass::float_e2m1_t, float, cute::tuple<cute::_128, cute::_64, cute::_64>>, TileScheduler=cutlass::fmha::kernel::PersistentTileScheduler, Options=<cutlass::fmha::kernel::Option<cutlass::fmha::kernel::Tag::kIsPersistent, cute::true_type>, cutlass::fmha::kernel::Option<cutlass::fmha::kernel::Tag::kLoadsQSeparately, cute::true_type>>]" at line 123 of /home/yanwa/workspace/cutlass/include/cutlass/device_kernel.h
            instantiation of "void cutlass::device_kernel<Operator>(Operator::Params) [with Operator=cutlass::fmha::kernel::FmhaKernelTmaWarpSpecialized<cutlass::fmha::collective::FmhaMainloopTma<cutlass::float_e2m1_t, float, float, cute::tuple<cute::_128, cute::_64, cute::_64>, cute::tuple<int, cute::_1, cute::tuple<int32_t, int32_t>>, cute::tuple<int, cute::_1, cute::tuple<int32_t, int32_t>>, cute::tuple<cute::_1, int, cute::tuple<int32_t, int32_t>>, cutlass::fmha::collective::CausalFusion, cutlass::fmha::kernel::Option<cutlass::fmha::kernel::Tag::kIsPersistent, cute::true_type>, cutlass::fmha::kernel::Option<cutlass::fmha::kernel::Tag::kLoadsQSeparately, cute::true_type>>, cutlass::fmha::collective::FmhaFwdEpilogue<cutlass::float_e2m1_t, float, cute::tuple<cute::_128, cute::_64, cute::_64>>, cutlass::fmha::kernel::PersistentTileScheduler, cutlass::fmha::kernel::Option<cutlass::fmha::kernel::Tag::kIsPersistent, cute::true_type>, cutlass::fmha::kernel::Option<cutlass::fmha::kernel::Tag::kLoadsQSeparately, cute::true_type>>]" at line 177 of /home/yanwa/workspace/cutlass/examples/120_hopper_fmha_sm120/device/../device/device_universal.hpp
            instantiation of "cutlass::Status cutlass::device::Universal<Kernel_>::initialize(const cutlass::device::Universal<Kernel_>::Arguments &, void *, cudaStream_t) [with Kernel_=cutlass::fmha::kernel::FmhaKernelTmaWarpSpecialized<cutlass::fmha::collective::FmhaMainloopTma<cutlass::float_e2m1_t, float, float, cute::tuple<cute::_128, cute::_64, cute::_64>, cute::tuple<int, cute::_1, cute::tuple<int32_t, int32_t>>, cute::tuple<int, cute::_1, cute::tuple<int32_t, int32_t>>, cute::tuple<cute::_1, int, cute::tuple<int32_t, int32_t>>, cutlass::fmha::collective::CausalFusion, cutlass::fmha::kernel::Option<cutlass::fmha::kernel::Tag::kIsPersistent, cute::true_type>, cutlass::fmha::kernel::Option<cutlass::fmha::kernel::Tag::kLoadsQSeparately, cute::true_type>>, cutlass::fmha::collective::FmhaFwdEpilogue<cutlass::float_e2m1_t, float, cute::tuple<cute::_128, cute::_64, cute::_64>>, cutlass::fmha::kernel::PersistentTileScheduler, cutlass::fmha::kernel::Option<cutlass::fmha::kernel::Tag::kIsPersistent, cute::true_type>, cutlass::fmha::kernel::Option<cutlass::fmha::kernel::Tag::kLoadsQSeparately, cute::true_type>>]" at line 445 of /home/yanwa/workspace/cutlass/examples/120_hopper_fmha_sm120/88_hopper_fmha.cu
            instantiation of "ExampleResult FwdRunner<TileShape, DispatchPolicy, ActiveFusion, KernelOptions...>::run(const Options &, const cutlass::KernelHardwareInfo &) [with TileShape=cute::tuple<cute::_128, cute::_64, cute::_64>, DispatchPolicy=KernelPingpong, ActiveFusion=cutlass::fmha::collective::CausalFusion, KernelOptions=<>]" at line 978 of /home/yanwa/workspace/cutlass/examples/120_hopper_fmha_sm120/88_hopper_fmha.cu
            instantiation of "void run_fwd_64(Fusion, const Options &, const cutlass::KernelHardwareInfo &) [with Fusion=cutlass::fmha::collective::CausalFusion]" at line 1179 of /home/yanwa/workspace/cutlass/examples/120_hopper_fmha_sm120/88_hopper_fmha.cu

/home/yanwa/workspace/cutlass/examples/120_hopper_fmha_sm120/device/../kernel/fmha_kernel_tma_warpspecialized.hpp(325): error: class "cutlass::fmha::collective::FmhaMainloopTma<cutlass::float_e2m1_t, float, float, cute::tuple<cute::_128, cute::_64, cute::_64>, cute::tuple<int, cute::_1, cute::tuple<int32_t, int32_t>>, cute::tuple<int, cute::_1, cute::tuple<int32_t, int32_t>>, cute::tuple<cute::_1, int, cute::tuple<int32_t, int32_t>>, cutlass::fmha::collective::CausalFusion, cutlass::fmha::kernel::Option<cutlass::fmha::kernel::Tag::kIsPersistent, cute::true_type>, cutlass::fmha::kernel::Option<cutlass::fmha::kernel::Tag::kLoadsQSeparately, cute::true_type>>" has no member "reduce"
            collective_mainloop.reduce(
                                ^
          detected during:
            instantiation of "void cutlass::fmha::kernel::FmhaKernelTmaWarpSpecialized<CollectiveMainloop, CollectiveEpilogue, TileScheduler, Options...>::operator()(const cutlass::fmha::kernel::FmhaKernelTmaWarpSpecialized<CollectiveMainloop, CollectiveEpilogue, TileScheduler, Options...>::Params &, char *) [with CollectiveMainloop=cutlass::fmha::collective::FmhaMainloopTma<cutlass::float_e2m1_t, float, float, cute::tuple<cute::_128, cute::_64, cute::_64>, cute::tuple<int, cute::_1, cute::tuple<int32_t, int32_t>>, cute::tuple<int, cute::_1, cute::tuple<int32_t, int32_t>>, cute::tuple<cute::_1, int, cute::tuple<int32_t, int32_t>>, cutlass::fmha::collective::CausalFusion, cutlass::fmha::kernel::Option<cutlass::fmha::kernel::Tag::kIsPersistent, cute::true_type>, cutlass::fmha::kernel::Option<cutlass::fmha::kernel::Tag::kLoadsQSeparately, cute::true_type>>, CollectiveEpilogue=cutlass::fmha::collective::FmhaFwdEpilogue<cutlass::float_e2m1_t, float, cute::tuple<cute::_128, cute::_64, cute::_64>>, TileScheduler=cutlass::fmha::kernel::PersistentTileScheduler, Options=<cutlass::fmha::kernel::Option<cutlass::fmha::kernel::Tag::kIsPersistent, cute::true_type>, cutlass::fmha::kernel::Option<cutlass::fmha::kernel::Tag::kLoadsQSeparately, cute::true_type>>]" at line 123 of /home/yanwa/workspace/cutlass/include/cutlass/device_kernel.h
            instantiation of "void cutlass::device_kernel<Operator>(Operator::Params) [with Operator=cutlass::fmha::kernel::FmhaKernelTmaWarpSpecialized<cutlass::fmha::collective::FmhaMainloopTma<cutlass::float_e2m1_t, float, float, cute::tuple<cute::_128, cute::_64, cute::_64>, cute::tuple<int, cute::_1, cute::tuple<int32_t, int32_t>>, cute::tuple<int, cute::_1, cute::tuple<int32_t, int32_t>>, cute::tuple<cute::_1, int, cute::tuple<int32_t, int32_t>>, cutlass::fmha::collective::CausalFusion, cutlass::fmha::kernel::Option<cutlass::fmha::kernel::Tag::kIsPersistent, cute::true_type>, cutlass::fmha::kernel::Option<cutlass::fmha::kernel::Tag::kLoadsQSeparately, cute::true_type>>, cutlass::fmha::collective::FmhaFwdEpilogue<cutlass::float_e2m1_t, float, cute::tuple<cute::_128, cute::_64, cute::_64>>, cutlass::fmha::kernel::PersistentTileScheduler, cutlass::fmha::kernel::Option<cutlass::fmha::kernel::Tag::kIsPersistent, cute::true_type>, cutlass::fmha::kernel::Option<cutlass::fmha::kernel::Tag::kLoadsQSeparately, cute::true_type>>]" at line 177 of /home/yanwa/workspace/cutlass/examples/120_hopper_fmha_sm120/device/../device/device_universal.hpp
            instantiation of "cutlass::Status cutlass::device::Universal<Kernel_>::initialize(const cutlass::device::Universal<Kernel_>::Arguments &, void *, cudaStream_t) [with Kernel_=cutlass::fmha::kernel::FmhaKernelTmaWarpSpecialized<cutlass::fmha::collective::FmhaMainloopTma<cutlass::float_e2m1_t, float, float, cute::tuple<cute::_128, cute::_64, cute::_64>, cute::tuple<int, cute::_1, cute::tuple<int32_t, int32_t>>, cute::tuple<int, cute::_1, cute::tuple<int32_t, int32_t>>, cute::tuple<cute::_1, int, cute::tuple<int32_t, int32_t>>, cutlass::fmha::collective::CausalFusion, cutlass::fmha::kernel::Option<cutlass::fmha::kernel::Tag::kIsPersistent, cute::true_type>, cutlass::fmha::kernel::Option<cutlass::fmha::kernel::Tag::kLoadsQSeparately, cute::true_type>>, cutlass::fmha::collective::FmhaFwdEpilogue<cutlass::float_e2m1_t, float, cute::tuple<cute::_128, cute::_64, cute::_64>>, cutlass::fmha::kernel::PersistentTileScheduler, cutlass::fmha::kernel::Option<cutlass::fmha::kernel::Tag::kIsPersistent, cute::true_type>, cutlass::fmha::kernel::Option<cutlass::fmha::kernel::Tag::kLoadsQSeparately, cute::true_type>>]" at line 445 of /home/yanwa/workspace/cutlass/examples/120_hopper_fmha_sm120/88_hopper_fmha.cu
            instantiation of "ExampleResult FwdRunner<TileShape, DispatchPolicy, ActiveFusion, KernelOptions...>::run(const Options &, const cutlass::KernelHardwareInfo &) [with TileShape=cute::tuple<cute::_128, cute::_64, cute::_64>, DispatchPolicy=KernelPingpong, ActiveFusion=cutlass::fmha::collective::CausalFusion, KernelOptions=<>]" at line 978 of /home/yanwa/workspace/cutlass/examples/120_hopper_fmha_sm120/88_hopper_fmha.cu
            instantiation of "void run_fwd_64(Fusion, const Options &, const cutlass::KernelHardwareInfo &) [with Fusion=cutlass::fmha::collective::CausalFusion]" at line 1179 of /home/yanwa/workspace/cutlass/examples/120_hopper_fmha_sm120/88_hopper_fmha.cu

/home/yanwa/workspace/cutlass/examples/120_hopper_fmha_sm120/device/../kernel/fmha_kernel_tma_warpspecialized.hpp(339): error: no instance of function template "cutlass::arch::warpgroup_reg_alloc" matches the argument list
        cutlass::arch::warpgroup_reg_alloc<MmaRegisterRequirement>();
        ^
/home/yanwa/workspace/cutlass/include/cutlass/arch/reg_reconfig.h(74): note #3323-D: substituting explicit template arguments "<<expression>>" for function template "cutlass::arch::warpgroup_reg_alloc" failed
  void warpgroup_reg_alloc(){
       ^
          detected during:
            instantiation of "void cutlass::fmha::kernel::FmhaKernelTmaWarpSpecialized<CollectiveMainloop, CollectiveEpilogue, TileScheduler, Options...>::operator()(const cutlass::fmha::kernel::FmhaKernelTmaWarpSpecialized<CollectiveMainloop, CollectiveEpilogue, TileScheduler, Options...>::Params &, char *) [with CollectiveMainloop=cutlass::fmha::collective::FmhaMainloopTma<cutlass::float_e2m1_t, float, float, cute::tuple<cute::_128, cute::_64, cute::_64>, cute::tuple<int, cute::_1, cute::tuple<int32_t, int32_t>>, cute::tuple<int, cute::_1, cute::tuple<int32_t, int32_t>>, cute::tuple<cute::_1, int, cute::tuple<int32_t, int32_t>>, cutlass::fmha::collective::CausalFusion, cutlass::fmha::kernel::Option<cutlass::fmha::kernel::Tag::kIsPersistent, cute::true_type>, cutlass::fmha::kernel::Option<cutlass::fmha::kernel::Tag::kLoadsQSeparately, cute::true_type>>, CollectiveEpilogue=cutlass::fmha::collective::FmhaFwdEpilogue<cutlass::float_e2m1_t, float, cute::tuple<cute::_128, cute::_64, cute::_64>>, TileScheduler=cutlass::fmha::kernel::PersistentTileScheduler, Options=<cutlass::fmha::kernel::Option<cutlass::fmha::kernel::Tag::kIsPersistent, cute::true_type>, cutlass::fmha::kernel::Option<cutlass::fmha::kernel::Tag::kLoadsQSeparately, cute::true_type>>]" at line 123 of /home/yanwa/workspace/cutlass/include/cutlass/device_kernel.h
            instantiation of "void cutlass::device_kernel<Operator>(Operator::Params) [with Operator=cutlass::fmha::kernel::FmhaKernelTmaWarpSpecialized<cutlass::fmha::collective::FmhaMainloopTma<cutlass::float_e2m1_t, float, float, cute::tuple<cute::_128, cute::_64, cute::_64>, cute::tuple<int, cute::_1, cute::tuple<int32_t, int32_t>>, cute::tuple<int, cute::_1, cute::tuple<int32_t, int32_t>>, cute::tuple<cute::_1, int, cute::tuple<int32_t, int32_t>>, cutlass::fmha::collective::CausalFusion, cutlass::fmha::kernel::Option<cutlass::fmha::kernel::Tag::kIsPersistent, cute::true_type>, cutlass::fmha::kernel::Option<cutlass::fmha::kernel::Tag::kLoadsQSeparately, cute::true_type>>, cutlass::fmha::collective::FmhaFwdEpilogue<cutlass::float_e2m1_t, float, cute::tuple<cute::_128, cute::_64, cute::_64>>, cutlass::fmha::kernel::PersistentTileScheduler, cutlass::fmha::kernel::Option<cutlass::fmha::kernel::Tag::kIsPersistent, cute::true_type>, cutlass::fmha::kernel::Option<cutlass::fmha::kernel::Tag::kLoadsQSeparately, cute::true_type>>]" at line 177 of /home/yanwa/workspace/cutlass/examples/120_hopper_fmha_sm120/device/../device/device_universal.hpp
            instantiation of "cutlass::Status cutlass::device::Universal<Kernel_>::initialize(const cutlass::device::Universal<Kernel_>::Arguments &, void *, cudaStream_t) [with Kernel_=cutlass::fmha::kernel::FmhaKernelTmaWarpSpecialized<cutlass::fmha::collective::FmhaMainloopTma<cutlass::float_e2m1_t, float, float, cute::tuple<cute::_128, cute::_64, cute::_64>, cute::tuple<int, cute::_1, cute::tuple<int32_t, int32_t>>, cute::tuple<int, cute::_1, cute::tuple<int32_t, int32_t>>, cute::tuple<cute::_1, int, cute::tuple<int32_t, int32_t>>, cutlass::fmha::collective::CausalFusion, cutlass::fmha::kernel::Option<cutlass::fmha::kernel::Tag::kIsPersistent, cute::true_type>, cutlass::fmha::kernel::Option<cutlass::fmha::kernel::Tag::kLoadsQSeparately, cute::true_type>>, cutlass::fmha::collective::FmhaFwdEpilogue<cutlass::float_e2m1_t, float, cute::tuple<cute::_128, cute::_64, cute::_64>>, cutlass::fmha::kernel::PersistentTileScheduler, cutlass::fmha::kernel::Option<cutlass::fmha::kernel::Tag::kIsPersistent, cute::true_type>, cutlass::fmha::kernel::Option<cutlass::fmha::kernel::Tag::kLoadsQSeparately, cute::true_type>>]" at line 445 of /home/yanwa/workspace/cutlass/examples/120_hopper_fmha_sm120/88_hopper_fmha.cu
            instantiation of "ExampleResult FwdRunner<TileShape, DispatchPolicy, ActiveFusion, KernelOptions...>::run(const Options &, const cutlass::KernelHardwareInfo &) [with TileShape=cute::tuple<cute::_128, cute::_64, cute::_64>, DispatchPolicy=KernelPingpong, ActiveFusion=cutlass::fmha::collective::CausalFusion, KernelOptions=<>]" at line 978 of /home/yanwa/workspace/cutlass/examples/120_hopper_fmha_sm120/88_hopper_fmha.cu
            instantiation of "void run_fwd_64(Fusion, const Options &, const cutlass::KernelHardwareInfo &) [with Fusion=cutlass::fmha::collective::CausalFusion]" at line 1179 of /home/yanwa/workspace/cutlass/examples/120_hopper_fmha_sm120/88_hopper_fmha.cu

/home/yanwa/workspace/cutlass/examples/120_hopper_fmha_sm120/device/../kernel/fmha_kernel_tma_warpspecialized.hpp(345): error: class "cutlass::fmha::collective::FmhaMainloopTma<cutlass::float_e2m1_t, float, float, cute::tuple<cute::_128, cute::_64, cute::_64>, cute::tuple<int, cute::_1, cute::tuple<int32_t, int32_t>>, cute::tuple<int, cute::_1, cute::tuple<int32_t, int32_t>>, cute::tuple<cute::_1, int, cute::tuple<int32_t, int32_t>>, cutlass::fmha::collective::CausalFusion, cutlass::fmha::kernel::Option<cutlass::fmha::kernel::Tag::kIsPersistent, cute::true_type>, cutlass::fmha::kernel::Option<cutlass::fmha::kernel::Tag::kLoadsQSeparately, cute::true_type>>" has no member "kOuterLoads"
          constexpr int kOuterLoads = CollectiveMainloop::kOuterLoads;
                                                          ^
          detected during:
            instantiation of "void cutlass::fmha::kernel::FmhaKernelTmaWarpSpecialized<CollectiveMainloop, CollectiveEpilogue, TileScheduler, Options...>::operator()(const cutlass::fmha::kernel::FmhaKernelTmaWarpSpecialized<CollectiveMainloop, CollectiveEpilogue, TileScheduler, Options...>::Params &, char *) [with CollectiveMainloop=cutlass::fmha::collective::FmhaMainloopTma<cutlass::float_e2m1_t, float, float, cute::tuple<cute::_128, cute::_64, cute::_64>, cute::tuple<int, cute::_1, cute::tuple<int32_t, int32_t>>, cute::tuple<int, cute::_1, cute::tuple<int32_t, int32_t>>, cute::tuple<cute::_1, int, cute::tuple<int32_t, int32_t>>, cutlass::fmha::collective::CausalFusion, cutlass::fmha::kernel::Option<cutlass::fmha::kernel::Tag::kIsPersistent, cute::true_type>, cutlass::fmha::kernel::Option<cutlass::fmha::kernel::Tag::kLoadsQSeparately, cute::true_type>>, CollectiveEpilogue=cutlass::fmha::collective::FmhaFwdEpilogue<cutlass::float_e2m1_t, float, cute::tuple<cute::_128, cute::_64, cute::_64>>, TileScheduler=cutlass::fmha::kernel::PersistentTileScheduler, Options=<cutlass::fmha::kernel::Option<cutlass::fmha::kernel::Tag::kIsPersistent, cute::true_type>, cutlass::fmha::kernel::Option<cutlass::fmha::kernel::Tag::kLoadsQSeparately, cute::true_type>>]" at line 123 of /home/yanwa/workspace/cutlass/include/cutlass/device_kernel.h
            instantiation of "void cutlass::device_kernel<Operator>(Operator::Params) [with Operator=cutlass::fmha::kernel::FmhaKernelTmaWarpSpecialized<cutlass::fmha::collective::FmhaMainloopTma<cutlass::float_e2m1_t, float, float, cute::tuple<cute::_128, cute::_64, cute::_64>, cute::tuple<int, cute::_1, cute::tuple<int32_t, int32_t>>, cute::tuple<int, cute::_1, cute::tuple<int32_t, int32_t>>, cute::tuple<cute::_1, int, cute::tuple<int32_t, int32_t>>, cutlass::fmha::collective::CausalFusion, cutlass::fmha::kernel::Option<cutlass::fmha::kernel::Tag::kIsPersistent, cute::true_type>, cutlass::fmha::kernel::Option<cutlass::fmha::kernel::Tag::kLoadsQSeparately, cute::true_type>>, cutlass::fmha::collective::FmhaFwdEpilogue<cutlass::float_e2m1_t, float, cute::tuple<cute::_128, cute::_64, cute::_64>>, cutlass::fmha::kernel::PersistentTileScheduler, cutlass::fmha::kernel::Option<cutlass::fmha::kernel::Tag::kIsPersistent, cute::true_type>, cutlass::fmha::kernel::Option<cutlass::fmha::kernel::Tag::kLoadsQSeparately, cute::true_type>>]" at line 177 of /home/yanwa/workspace/cutlass/examples/120_hopper_fmha_sm120/device/../device/device_universal.hpp
            instantiation of "cutlass::Status cutlass::device::Universal<Kernel_>::initialize(const cutlass::device::Universal<Kernel_>::Arguments &, void *, cudaStream_t) [with Kernel_=cutlass::fmha::kernel::FmhaKernelTmaWarpSpecialized<cutlass::fmha::collective::FmhaMainloopTma<cutlass::float_e2m1_t, float, float, cute::tuple<cute::_128, cute::_64, cute::_64>, cute::tuple<int, cute::_1, cute::tuple<int32_t, int32_t>>, cute::tuple<int, cute::_1, cute::tuple<int32_t, int32_t>>, cute::tuple<cute::_1, int, cute::tuple<int32_t, int32_t>>, cutlass::fmha::collective::CausalFusion, cutlass::fmha::kernel::Option<cutlass::fmha::kernel::Tag::kIsPersistent, cute::true_type>, cutlass::fmha::kernel::Option<cutlass::fmha::kernel::Tag::kLoadsQSeparately, cute::true_type>>, cutlass::fmha::collective::FmhaFwdEpilogue<cutlass::float_e2m1_t, float, cute::tuple<cute::_128, cute::_64, cute::_64>>, cutlass::fmha::kernel::PersistentTileScheduler, cutlass::fmha::kernel::Option<cutlass::fmha::kernel::Tag::kIsPersistent, cute::true_type>, cutlass::fmha::kernel::Option<cutlass::fmha::kernel::Tag::kLoadsQSeparately, cute::true_type>>]" at line 445 of /home/yanwa/workspace/cutlass/examples/120_hopper_fmha_sm120/88_hopper_fmha.cu
            instantiation of "ExampleResult FwdRunner<TileShape, DispatchPolicy, ActiveFusion, KernelOptions...>::run(const Options &, const cutlass::KernelHardwareInfo &) [with TileShape=cute::tuple<cute::_128, cute::_64, cute::_64>, DispatchPolicy=KernelPingpong, ActiveFusion=cutlass::fmha::collective::CausalFusion, KernelOptions=<>]" at line 978 of /home/yanwa/workspace/cutlass/examples/120_hopper_fmha_sm120/88_hopper_fmha.cu
            instantiation of "void run_fwd_64(Fusion, const Options &, const cutlass::KernelHardwareInfo &) [with Fusion=cutlass::fmha::collective::CausalFusion]" at line 1179 of /home/yanwa/workspace/cutlass/examples/120_hopper_fmha_sm120/88_hopper_fmha.cu

/home/yanwa/workspace/cutlass/examples/120_hopper_fmha_sm120/device/../kernel/fmha_kernel_tma_warpspecialized.hpp(375): error: no instance of function template "cutlass::fmha::collective::FmhaMainloopTma<Element_, ElementAccumulatorQK_, ElementAccumulatorPV_, TileShape_, LayoutQ_, LayoutK_, LayoutV_, Fusion, Options...>::compute [with Element_=cutlass::float_e2m1_t, ElementAccumulatorQK_=float, ElementAccumulatorPV_=float, TileShape_=cute::tuple<cute::_128, cute::_64, cute::_64>, LayoutQ_=cute::tuple<int, cute::_1, cute::tuple<int32_t, int32_t>>, LayoutK_=cute::tuple<int, cute::_1, cute::tuple<int32_t, int32_t>>, LayoutV_=cute::tuple<cute::_1, int, cute::tuple<int32_t, int32_t>>, Fusion=cutlass::fmha::collective::CausalFusion, Options=<cutlass::fmha::kernel::Option<cutlass::fmha::kernel::Tag::kIsPersistent, cute::true_type>, cutlass::fmha::kernel::Option<cutlass::fmha::kernel::Tag::kLoadsQSeparately, cute::true_type>>]" matches the argument list
            argument types are: (cute::tuple<int, cute::_0, cute::tuple<int32_t, int32_t>>, cute::tuple<int, cute::_0, cute::tuple<int32_t, int32_t>>, const cutlass::fmha::collective::FmhaMainloopTma<cutlass::float_e2m1_t, float, float, cute::tuple<cute::_128, cute::_64, cute::_64>, cute::tuple<int, cute::_1, cute::tuple<int32_t, int32_t>>, cute::tuple<int, cute::_1, cute::tuple<int32_t, int32_t>>, cute::tuple<cute::_1, int, cute::tuple<int32_t, int32_t>>, cutlass::fmha::collective::CausalFusion, cutlass::fmha::kernel::Option<cutlass::fmha::kernel::Tag::kIsPersistent, cute::true_type>, cutlass::fmha::kernel::Option<cutlass::fmha::kernel::Tag::kLoadsQSeparately, cute::true_type>>::Params, const cute::tuple<int, int, int, int, int>, cutlass::PipelineTmaAsync<4>, cutlass::PipelineState<4U>, cutlass::PipelineTmaAsync<1>, cutlass::PipelineState<1U>, cutlass::PipelineAsync<2>, cutlass::PipelineState<2U>, cutlass::fmha::collective::FmhaMainloopTma<cutlass::float_e2m1_t, float, float, cute::tuple<cute::_128, cute::_64, cute::_64>, cute::tuple<int, cute::_1, cute::tuple<int32_t, int32_t>>, cute::tuple<int, cute::_1, cute::tuple<int32_t, int32_t>>, cute::tuple<cute::_1, int, cute::tuple<int32_t, int32_t>>, cutlass::fmha::collective::CausalFusion, cutlass::fmha::kernel::Option<cutlass::fmha::kernel::Tag::kIsPersistent, cute::true_type>, cutlass::fmha::kernel::Option<cutlass::fmha::kernel::Tag::kLoadsQSeparately, cute::true_type>>::SharedStorage, cutlass::OrderedSequenceBarrier<2, <error-constant>>)
            object type is: cutlass::fmha::collective::FmhaMainloopTma<cutlass::float_e2m1_t, float, float, cute::tuple<cute::_128, cute::_64, cute::_64>, cute::tuple<int, cute::_1, cute::tuple<int32_t, int32_t>>, cute::tuple<int, cute::_1, cute::tuple<int32_t, int32_t>>, cute::tuple<cute::_1, int, cute::tuple<int32_t, int32_t>>, cutlass::fmha::collective::CausalFusion, cutlass::fmha::kernel::Option<cutlass::fmha::kernel::Tag::kIsPersistent, cute::true_type>, cutlass::fmha::kernel::Option<cutlass::fmha::kernel::Tag::kLoadsQSeparately, cute::true_type>>
          auto result = collective_mainloop.compute(
                                            ^
/home/yanwa/workspace/cutlass/examples/120_hopper_fmha_sm120/kernel/../collective/fmha_collective_tma.hpp(273): note #3322-D: number of parameters of function template "cutlass::fmha::collective::FmhaMainloopTma<Element_, ElementAccumulatorQK_, ElementAccumulatorPV_, TileShape_, LayoutQ_, LayoutK_, LayoutV_, Fusion, Options...>::compute [with Element_=cutlass::float_e2m1_t, ElementAccumulatorQK_=float, ElementAccumulatorPV_=float, TileShape_=cute::tuple<cute::_128, cute::_64, cute::_64>, LayoutQ_=cute::tuple<int, cute::_1, cute::tuple<int32_t, int32_t>>, LayoutK_=cute::tuple<int, cute::_1, cute::tuple<int32_t, int32_t>>, LayoutV_=cute::tuple<cute::_1, int, cute::tuple<int32_t, int32_t>>, Fusion=cutlass::fmha::collective::CausalFusion, Options=<cutlass::fmha::kernel::Option<cutlass::fmha::kernel::Tag::kIsPersistent, cute::true_type>, cutlass::fmha::kernel::Option<cutlass::fmha::kernel::Tag::kLoadsQSeparately, cute::true_type>>]" does not match the call
    compute(
    ^
          detected during:
            instantiation of "void cutlass::fmha::kernel::FmhaKernelTmaWarpSpecialized<CollectiveMainloop, CollectiveEpilogue, TileScheduler, Options...>::operator()(const cutlass::fmha::kernel::FmhaKernelTmaWarpSpecialized<CollectiveMainloop, CollectiveEpilogue, TileScheduler, Options...>::Params &, char *) [with CollectiveMainloop=cutlass::fmha::collective::FmhaMainloopTma<cutlass::float_e2m1_t, float, float, cute::tuple<cute::_128, cute::_64, cute::_64>, cute::tuple<int, cute::_1, cute::tuple<int32_t, int32_t>>, cute::tuple<int, cute::_1, cute::tuple<int32_t, int32_t>>, cute::tuple<cute::_1, int, cute::tuple<int32_t, int32_t>>, cutlass::fmha::collective::CausalFusion, cutlass::fmha::kernel::Option<cutlass::fmha::kernel::Tag::kIsPersistent, cute::true_type>, cutlass::fmha::kernel::Option<cutlass::fmha::kernel::Tag::kLoadsQSeparately, cute::true_type>>, CollectiveEpilogue=cutlass::fmha::collective::FmhaFwdEpilogue<cutlass::float_e2m1_t, float, cute::tuple<cute::_128, cute::_64, cute::_64>>, TileScheduler=cutlass::fmha::kernel::PersistentTileScheduler, Options=<cutlass::fmha::kernel::Option<cutlass::fmha::kernel::Tag::kIsPersistent, cute::true_type>, cutlass::fmha::kernel::Option<cutlass::fmha::kernel::Tag::kLoadsQSeparately, cute::true_type>>]" at line 123 of /home/yanwa/workspace/cutlass/include/cutlass/device_kernel.h
            instantiation of "void cutlass::device_kernel<Operator>(Operator::Params) [with Operator=cutlass::fmha::kernel::FmhaKernelTmaWarpSpecialized<cutlass::fmha::collective::FmhaMainloopTma<cutlass::float_e2m1_t, float, float, cute::tuple<cute::_128, cute::_64, cute::_64>, cute::tuple<int, cute::_1, cute::tuple<int32_t, int32_t>>, cute::tuple<int, cute::_1, cute::tuple<int32_t, int32_t>>, cute::tuple<cute::_1, int, cute::tuple<int32_t, int32_t>>, cutlass::fmha::collective::CausalFusion, cutlass::fmha::kernel::Option<cutlass::fmha::kernel::Tag::kIsPersistent, cute::true_type>, cutlass::fmha::kernel::Option<cutlass::fmha::kernel::Tag::kLoadsQSeparately, cute::true_type>>, cutlass::fmha::collective::FmhaFwdEpilogue<cutlass::float_e2m1_t, float, cute::tuple<cute::_128, cute::_64, cute::_64>>, cutlass::fmha::kernel::PersistentTileScheduler, cutlass::fmha::kernel::Option<cutlass::fmha::kernel::Tag::kIsPersistent, cute::true_type>, cutlass::fmha::kernel::Option<cutlass::fmha::kernel::Tag::kLoadsQSeparately, cute::true_type>>]" at line 177 of /home/yanwa/workspace/cutlass/examples/120_hopper_fmha_sm120/device/../device/device_universal.hpp
            instantiation of "cutlass::Status cutlass::device::Universal<Kernel_>::initialize(const cutlass::device::Universal<Kernel_>::Arguments &, void *, cudaStream_t) [with Kernel_=cutlass::fmha::kernel::FmhaKernelTmaWarpSpecialized<cutlass::fmha::collective::FmhaMainloopTma<cutlass::float_e2m1_t, float, float, cute::tuple<cute::_128, cute::_64, cute::_64>, cute::tuple<int, cute::_1, cute::tuple<int32_t, int32_t>>, cute::tuple<int, cute::_1, cute::tuple<int32_t, int32_t>>, cute::tuple<cute::_1, int, cute::tuple<int32_t, int32_t>>, cutlass::fmha::collective::CausalFusion, cutlass::fmha::kernel::Option<cutlass::fmha::kernel::Tag::kIsPersistent, cute::true_type>, cutlass::fmha::kernel::Option<cutlass::fmha::kernel::Tag::kLoadsQSeparately, cute::true_type>>, cutlass::fmha::collective::FmhaFwdEpilogue<cutlass::float_e2m1_t, float, cute::tuple<cute::_128, cute::_64, cute::_64>>, cutlass::fmha::kernel::PersistentTileScheduler, cutlass::fmha::kernel::Option<cutlass::fmha::kernel::Tag::kIsPersistent, cute::true_type>, cutlass::fmha::kernel::Option<cutlass::fmha::kernel::Tag::kLoadsQSeparately, cute::true_type>>]" at line 445 of /home/yanwa/workspace/cutlass/examples/120_hopper_fmha_sm120/88_hopper_fmha.cu
            instantiation of "ExampleResult FwdRunner<TileShape, DispatchPolicy, ActiveFusion, KernelOptions...>::run(const Options &, const cutlass::KernelHardwareInfo &) [with TileShape=cute::tuple<cute::_128, cute::_64, cute::_64>, DispatchPolicy=KernelPingpong, ActiveFusion=cutlass::fmha::collective::CausalFusion, KernelOptions=<>]" at line 978 of /home/yanwa/workspace/cutlass/examples/120_hopper_fmha_sm120/88_hopper_fmha.cu
            instantiation of "void run_fwd_64(Fusion, const Options &, const cutlass::KernelHardwareInfo &) [with Fusion=cutlass::fmha::collective::CausalFusion]" at line 1179 of /home/yanwa/workspace/cutlass/examples/120_hopper_fmha_sm120/88_hopper_fmha.cu

/home/yanwa/workspace/cutlass/examples/120_hopper_fmha_sm120/device/../kernel/fmha_kernel_tma_warpspecialized.hpp(59): error: class "cutlass::fmha::collective::FmhaMainloopTma<cutlass::float_e2m1_t, float, float, cute::tuple<cute::_128, cute::_128, cute::_128>, cute::tuple<int, cute::_1, cute::tuple<int32_t, int32_t>>, cute::tuple<int, cute::_1, cute::tuple<int32_t, int32_t>>, cute::tuple<cute::_1, int, cute::tuple<int32_t, int32_t>>, cutlass::fmha::collective::CausalFusion>" has no member "NumMmaWarpGroups"
    static constexpr int NumMmaWarpGroups = CollectiveMainloop::NumMmaWarpGroups;
                                                                ^
          detected during:
            instantiation of class "cutlass::fmha::kernel::FmhaKernelTmaWarpSpecialized<CollectiveMainloop, CollectiveEpilogue, TileScheduler, Options...> [with CollectiveMainloop=cutlass::fmha::collective::FmhaMainloopTma<cutlass::float_e2m1_t, float, float, cute::tuple<cute::_128, cute::_128, cute::_128>, cute::tuple<int, cute::_1, cute::tuple<int32_t, int32_t>>, cute::tuple<int, cute::_1, cute::tuple<int32_t, int32_t>>, cute::tuple<cute::_1, int, cute::tuple<int32_t, int32_t>>, cutlass::fmha::collective::CausalFusion>, CollectiveEpilogue=cutlass::fmha::collective::FmhaFwdEpilogue<cutlass::float_e2m1_t, float, cute::tuple<cute::_128, cute::_128, cute::_128>>, TileScheduler=cutlass::fmha::kernel::IndividualTileScheduler, Options=<>]" at line 70
            instantiation of class "cutlass::fmha::kernel::FmhaKernelTmaWarpSpecialized<CollectiveMainloop, CollectiveEpilogue, TileScheduler, Options...> [with CollectiveMainloop=cutlass::fmha::collective::FmhaMainloopTma<cutlass::float_e2m1_t, float, float, cute::tuple<cute::_128, cute::_128, cute::_128>, cute::tuple<int, cute::_1, cute::tuple<int32_t, int32_t>>, cute::tuple<int, cute::_1, cute::tuple<int32_t, int32_t>>, cute::tuple<cute::_1, int, cute::tuple<int32_t, int32_t>>, cutlass::fmha::collective::CausalFusion>, CollectiveEpilogue=cutlass::fmha::collective::FmhaFwdEpilogue<cutlass::float_e2m1_t, float, cute::tuple<cute::_128, cute::_128, cute::_128>>, TileScheduler=cutlass::fmha::kernel::IndividualTileScheduler, Options=<>]" at line 64 of /home/yanwa/workspace/cutlass/examples/120_hopper_fmha_sm120/device/../device/device_universal.hpp
            instantiation of class "cutlass::device::Universal<Kernel_> [with Kernel_=cutlass::fmha::kernel::FmhaKernelTmaWarpSpecialized<cutlass::fmha::collective::FmhaMainloopTma<cutlass::float_e2m1_t, float, float, cute::tuple<cute::_128, cute::_128, cute::_128>, cute::tuple<int, cute::_1, cute::tuple<int32_t, int32_t>>, cute::tuple<int, cute::_1, cute::tuple<int32_t, int32_t>>, cute::tuple<cute::_1, int, cute::tuple<int32_t, int32_t>>, cutlass::fmha::collective::CausalFusion>, cutlass::fmha::collective::FmhaFwdEpilogue<cutlass::float_e2m1_t, float, cute::tuple<cute::_128, cute::_128, cute::_128>>, cutlass::fmha::kernel::IndividualTileScheduler>]" at line 392 of /home/yanwa/workspace/cutlass/examples/120_hopper_fmha_sm120/88_hopper_fmha.cu
            instantiation of "void FwdRunner<TileShape, DispatchPolicy, ActiveFusion, KernelOptions...>::initialize(const FwdRunner<TileShape, DispatchPolicy, ActiveFusion, KernelOptions...>::ProblemShapeType &) [with TileShape=cute::tuple<cute::_128, cute::_128, cute::_128>, DispatchPolicy=KernelCooperative, ActiveFusion=cutlass::fmha::collective::CausalFusion, KernelOptions=<>]" at line 414 of /home/yanwa/workspace/cutlass/examples/120_hopper_fmha_sm120/88_hopper_fmha.cu
            instantiation of "ExampleResult FwdRunner<TileShape, DispatchPolicy, ActiveFusion, KernelOptions...>::run(const Options &, const cutlass::KernelHardwareInfo &) [with TileShape=cute::tuple<cute::_128, cute::_128, cute::_128>, DispatchPolicy=KernelCooperative, ActiveFusion=cutlass::fmha::collective::CausalFusion, KernelOptions=<>]" at line 993 of /home/yanwa/workspace/cutlass/examples/120_hopper_fmha_sm120/88_hopper_fmha.cu
            instantiation of "void run_fwd_128(Fusion, const Options &, const cutlass::KernelHardwareInfo &) [with Fusion=cutlass::fmha::collective::CausalFusion]" at line 1183 of /home/yanwa/workspace/cutlass/examples/120_hopper_fmha_sm120/88_hopper_fmha.cu

/home/yanwa/workspace/cutlass/examples/120_hopper_fmha_sm120/device/../kernel/fmha_kernel_tma_warpspecialized.hpp(80): error: class "cutlass::fmha::collective::FmhaMainloopTma<cutlass::float_e2m1_t, float, float, cute::tuple<cute::_128, cute::_128, cute::_128>, cute::tuple<int, cute::_1, cute::tuple<int32_t, int32_t>>, cute::tuple<int, cute::_1, cute::tuple<int32_t, int32_t>>, cute::tuple<cute::_1, int, cute::tuple<int32_t, int32_t>>, cutlass::fmha::collective::CausalFusion>" has no member "kIsPersistent"
    using TensorStorage = std::conditional_t<CollectiveMainloop::kIsPersistent, TensorStorageStruct, TensorStorageUnion>;
                                                                 ^
          detected during:
            instantiation of class "cutlass::fmha::kernel::FmhaKernelTmaWarpSpecialized<CollectiveMainloop, CollectiveEpilogue, TileScheduler, Options...> [with CollectiveMainloop=cutlass::fmha::collective::FmhaMainloopTma<cutlass::float_e2m1_t, float, float, cute::tuple<cute::_128, cute::_128, cute::_128>, cute::tuple<int, cute::_1, cute::tuple<int32_t, int32_t>>, cute::tuple<int, cute::_1, cute::tuple<int32_t, int32_t>>, cute::tuple<cute::_1, int, cute::tuple<int32_t, int32_t>>, cutlass::fmha::collective::CausalFusion>, CollectiveEpilogue=cutlass::fmha::collective::FmhaFwdEpilogue<cutlass::float_e2m1_t, float, cute::tuple<cute::_128, cute::_128, cute::_128>>, TileScheduler=cutlass::fmha::kernel::IndividualTileScheduler, Options=<>]" at line 64 of /home/yanwa/workspace/cutlass/examples/120_hopper_fmha_sm120/device/../device/device_universal.hpp
            instantiation of class "cutlass::device::Universal<Kernel_> [with Kernel_=cutlass::fmha::kernel::FmhaKernelTmaWarpSpecialized<cutlass::fmha::collective::FmhaMainloopTma<cutlass::float_e2m1_t, float, float, cute::tuple<cute::_128, cute::_128, cute::_128>, cute::tuple<int, cute::_1, cute::tuple<int32_t, int32_t>>, cute::tuple<int, cute::_1, cute::tuple<int32_t, int32_t>>, cute::tuple<cute::_1, int, cute::tuple<int32_t, int32_t>>, cutlass::fmha::collective::CausalFusion>, cutlass::fmha::collective::FmhaFwdEpilogue<cutlass::float_e2m1_t, float, cute::tuple<cute::_128, cute::_128, cute::_128>>, cutlass::fmha::kernel::IndividualTileScheduler>]" at line 392 of /home/yanwa/workspace/cutlass/examples/120_hopper_fmha_sm120/88_hopper_fmha.cu
            instantiation of "void FwdRunner<TileShape, DispatchPolicy, ActiveFusion, KernelOptions...>::initialize(const FwdRunner<TileShape, DispatchPolicy, ActiveFusion, KernelOptions...>::ProblemShapeType &) [with TileShape=cute::tuple<cute::_128, cute::_128, cute::_128>, DispatchPolicy=KernelCooperative, ActiveFusion=cutlass::fmha::collective::CausalFusion, KernelOptions=<>]" at line 414 of /home/yanwa/workspace/cutlass/examples/120_hopper_fmha_sm120/88_hopper_fmha.cu
            instantiation of "ExampleResult FwdRunner<TileShape, DispatchPolicy, ActiveFusion, KernelOptions...>::run(const Options &, const cutlass::KernelHardwareInfo &) [with TileShape=cute::tuple<cute::_128, cute::_128, cute::_128>, DispatchPolicy=KernelCooperative, ActiveFusion=cutlass::fmha::collective::CausalFusion, KernelOptions=<>]" at line 993 of /home/yanwa/workspace/cutlass/examples/120_hopper_fmha_sm120/88_hopper_fmha.cu
            instantiation of "void run_fwd_128(Fusion, const Options &, const cutlass::KernelHardwareInfo &) [with Fusion=cutlass::fmha::collective::CausalFusion]" at line 1183 of /home/yanwa/workspace/cutlass/examples/120_hopper_fmha_sm120/88_hopper_fmha.cu

/home/yanwa/workspace/cutlass/examples/120_hopper_fmha_sm120/88_hopper_fmha.cu(392): error: name followed by "::" must be a class or namespace name
      using Sm1xxBlkScaledConfig = typename Operation::GemmKernel::CollectiveMainloop::Sm1xxBlkScaledConfig;
                                                       ^
          detected during:
            instantiation of "void FwdRunner<TileShape, DispatchPolicy, ActiveFusion, KernelOptions...>::initialize(const FwdRunner<TileShape, DispatchPolicy, ActiveFusion, KernelOptions...>::ProblemShapeType &) [with TileShape=cute::tuple<cute::_128, cute::_128, cute::_128>, DispatchPolicy=KernelCooperative, ActiveFusion=cutlass::fmha::collective::CausalFusion, KernelOptions=<>]" at line 414
            instantiation of "ExampleResult FwdRunner<TileShape, DispatchPolicy, ActiveFusion, KernelOptions...>::run(const Options &, const cutlass::KernelHardwareInfo &) [with TileShape=cute::tuple<cute::_128, cute::_128, cute::_128>, DispatchPolicy=KernelCooperative, ActiveFusion=cutlass::fmha::collective::CausalFusion, KernelOptions=<>]" at line 993
            instantiation of "void run_fwd_128(Fusion, const Options &, const cutlass::KernelHardwareInfo &) [with Fusion=cutlass::fmha::collective::CausalFusion]" at line 1183

/home/yanwa/workspace/cutlass/examples/120_hopper_fmha_sm120/88_hopper_fmha.cu(393): error: name followed by "::" must be a class or namespace name
      auto layout_SFQ = Sm1xxBlkScaledConfig::tile_atom_to_shape_SFA(cute::make_shape(Q, K, D, 1));
                        ^
          detected during:
            instantiation of "void FwdRunner<TileShape, DispatchPolicy, ActiveFusion, KernelOptions...>::initialize(const FwdRunner<TileShape, DispatchPolicy, ActiveFusion, KernelOptions...>::ProblemShapeType &) [with TileShape=cute::tuple<cute::_128, cute::_128, cute::_128>, DispatchPolicy=KernelCooperative, ActiveFusion=cutlass::fmha::collective::CausalFusion, KernelOptions=<>]" at line 414
            instantiation of "ExampleResult FwdRunner<TileShape, DispatchPolicy, ActiveFusion, KernelOptions...>::run(const Options &, const cutlass::KernelHardwareInfo &) [with TileShape=cute::tuple<cute::_128, cute::_128, cute::_128>, DispatchPolicy=KernelCooperative, ActiveFusion=cutlass::fmha::collective::CausalFusion, KernelOptions=<>]" at line 993
            instantiation of "void run_fwd_128(Fusion, const Options &, const cutlass::KernelHardwareInfo &) [with Fusion=cutlass::fmha::collective::CausalFusion]" at line 1183

/home/yanwa/workspace/cutlass/examples/120_hopper_fmha_sm120/88_hopper_fmha.cu(394): error: name followed by "::" must be a class or namespace name
      auto layout_SFK = Sm1xxBlkScaledConfig::tile_atom_to_shape_SFB(cute::make_shape(Q, K, D, 1));
                        ^
          detected during:
            instantiation of "void FwdRunner<TileShape, DispatchPolicy, ActiveFusion, KernelOptions...>::initialize(const FwdRunner<TileShape, DispatchPolicy, ActiveFusion, KernelOptions...>::ProblemShapeType &) [with TileShape=cute::tuple<cute::_128, cute::_128, cute::_128>, DispatchPolicy=KernelCooperative, ActiveFusion=cutlass::fmha::collective::CausalFusion, KernelOptions=<>]" at line 414
            instantiation of "ExampleResult FwdRunner<TileShape, DispatchPolicy, ActiveFusion, KernelOptions...>::run(const Options &, const cutlass::KernelHardwareInfo &) [with TileShape=cute::tuple<cute::_128, cute::_128, cute::_128>, DispatchPolicy=KernelCooperative, ActiveFusion=cutlass::fmha::collective::CausalFusion, KernelOptions=<>]" at line 993
            instantiation of "void run_fwd_128(Fusion, const Options &, const cutlass::KernelHardwareInfo &) [with Fusion=cutlass::fmha::collective::CausalFusion]" at line 1183

/home/yanwa/workspace/cutlass/examples/120_hopper_fmha_sm120/88_hopper_fmha.cu(395): error: name followed by "::" must be a class or namespace name
      auto layout_SFV = Sm1xxBlkScaledConfig::tile_atom_to_shape_SFB(cute::make_shape(Q, K, D, 1));
                        ^
          detected during:
            instantiation of "void FwdRunner<TileShape, DispatchPolicy, ActiveFusion, KernelOptions...>::initialize(const FwdRunner<TileShape, DispatchPolicy, ActiveFusion, KernelOptions...>::ProblemShapeType &) [with TileShape=cute::tuple<cute::_128, cute::_128, cute::_128>, DispatchPolicy=KernelCooperative, ActiveFusion=cutlass::fmha::collective::CausalFusion, KernelOptions=<>]" at line 414
            instantiation of "ExampleResult FwdRunner<TileShape, DispatchPolicy, ActiveFusion, KernelOptions...>::run(const Options &, const cutlass::KernelHardwareInfo &) [with TileShape=cute::tuple<cute::_128, cute::_128, cute::_128>, DispatchPolicy=KernelCooperative, ActiveFusion=cutlass::fmha::collective::CausalFusion, KernelOptions=<>]" at line 993
            instantiation of "void run_fwd_128(Fusion, const Options &, const cutlass::KernelHardwareInfo &) [with Fusion=cutlass::fmha::collective::CausalFusion]" at line 1183

/home/yanwa/workspace/cutlass/examples/120_hopper_fmha_sm120/88_hopper_fmha.cu(421): error: a value of type "cutlass::nv_float4_t<cutlass::float_e2m1_t>::ScaleFactorType *" (aka "cutlass::float_ue4m3_t *") cannot be used to initialize an entity of type "float"
          block_SFQ.get(), stride_Q,
          ^
          detected during:
            instantiation of "ExampleResult FwdRunner<TileShape, DispatchPolicy, ActiveFusion, KernelOptions...>::run(const Options &, const cutlass::KernelHardwareInfo &) [with TileShape=cute::tuple<cute::_128, cute::_128, cute::_128>, DispatchPolicy=KernelCooperative, ActiveFusion=cutlass::fmha::collective::CausalFusion, KernelOptions=<>]" at line 993
            instantiation of "void run_fwd_128(Fusion, const Options &, const cutlass::KernelHardwareInfo &) [with Fusion=cutlass::fmha::collective::CausalFusion]" at line 1183

/home/yanwa/workspace/cutlass/examples/120_hopper_fmha_sm120/88_hopper_fmha.cu(421): error: no suitable conversion function from "FwdRunner<cute::Shape<cute::_128, cute::_128, cute::_128>, KernelCooperative, cutlass::fmha::collective::CausalFusion>::StrideQ" (aka "cute::tuple<int, cute::C<1>, cute::tuple<signed int, signed int>>") to "float" exists
          block_SFQ.get(), stride_Q,
                           ^
          detected during:
            instantiation of "ExampleResult FwdRunner<TileShape, DispatchPolicy, ActiveFusion, KernelOptions...>::run(const Options &, const cutlass::KernelHardwareInfo &) [with TileShape=cute::tuple<cute::_128, cute::_128, cute::_128>, DispatchPolicy=KernelCooperative, ActiveFusion=cutlass::fmha::collective::CausalFusion, KernelOptions=<>]" at line 993
            instantiation of "void run_fwd_128(Fusion, const Options &, const cutlass::KernelHardwareInfo &) [with Fusion=cutlass::fmha::collective::CausalFusion]" at line 1183

/home/yanwa/workspace/cutlass/examples/120_hopper_fmha_sm120/88_hopper_fmha.cu(422): error: a value of type "cutlass::nv_float4_t<cutlass::float_e2m1_t>::ScaleFactorType *" (aka "cutlass::float_ue4m3_t *") cannot be used to initialize an entity of type "float"
          block_SFK.get(), stride_K,
          ^
          detected during:
            instantiation of "ExampleResult FwdRunner<TileShape, DispatchPolicy, ActiveFusion, KernelOptions...>::run(const Options &, const cutlass::KernelHardwareInfo &) [with TileShape=cute::tuple<cute::_128, cute::_128, cute::_128>, DispatchPolicy=KernelCooperative, ActiveFusion=cutlass::fmha::collective::CausalFusion, KernelOptions=<>]" at line 993
            instantiation of "void run_fwd_128(Fusion, const Options &, const cutlass::KernelHardwareInfo &) [with Fusion=cutlass::fmha::collective::CausalFusion]" at line 1183

Error limit reached.
100 errors detected in the compilation of "/home/yanwa/workspace/cutlass/examples/120_hopper_fmha_sm120/88_hopper_fmha.cu".
Compilation terminated.
make[3]: *** [examples/120_hopper_fmha_sm120/CMakeFiles/120_hopper_fmha_sm120.dir/build.make:80: examples/120_hopper_fmha_sm120/CMakeFiles/120_hopper_fmha_sm120.dir/88_hopper_fmha.cu.o] Error 1
make[2]: *** [CMakeFiles/Makefile2:51605: examples/120_hopper_fmha_sm120/CMakeFiles/120_hopper_fmha_sm120.dir/all] Error 2
make[1]: *** [CMakeFiles/Makefile2:51612: examples/120_hopper_fmha_sm120/CMakeFiles/120_hopper_fmha_sm120.dir/rule] Error 2
make: *** [Makefile:17178: 120_hopper_fmha_sm120] Error 2
